species,sexmorphs,flowersex,symmetry,pollination,habit,lifespan,flowersize,ovaryposition,numberofovules,numberofstamens,outcrossingrate,poratio,matingsystem,,,,,,,,,,,,
Achatocarpus praecox,di,unisexual,actinomorphic,NA,woody,long,NA,superior,2,16,NA,NA,outcrossing,,,,,,,,,,,,
Acorus calamus,mono,bisexual,zygomorphic,biotic,herb,long,0.4,superior,15,6,NA,NA,NA,,,,,,,,,,,,
Actinidia chinensis,di,unisexual,actinomorphic,NA,woody,long,5.2,superior,435,155,NA,NA,outcrossing,,,,,,,,,,,,
Aerva javanica,di,unisexual,NA,NA,NA,long,NA,superior,3,5,NA,NA,outcrossing,,,,,,,,,,,,
Aextoxicon punctatum,di,unisexual,actinomorphic,NA,woody,long,0.8,superior,2,6,NA,NA,outcrossing,,,,,,,,,,,,
Agalinis neoscotica,mono,bisexual,zygomorphic,NA,herb,short,1.2,superior,NA,4,NA,99,NA,,,,,,,,,,,,
Ailanthus altissima,di,unisexual,actinomorphic,biotic,woody,long,NA,superior,NA,10,NA,NA,outcrossing,,,,,,,,,,,,
Ajuga reptans,di,polymorphic,zygomorphic,biotic,herb,long,1.3,superior,NA,4,NA,661.5,NA,,,,,,,,,,,,
Akebia quinata,mono,unisexual,actinomorphic,biotic,woody,long,1.1,superior,900,6,0.92,NA,outcrossing,,,,,,,,,,,,
Albizia julibrissin,mono,polymorphic,actinomorphic,biotic,woody,long,0.8,superior,15,25,0.98,2826,outcrossing,,,,,,,,,,,,
Alepis flavida,mono,bisexual,NA,NA,woody,long,1.5,inferior,NA,6,NA,NA,NA,,,,,,,,,,,,
Allanblackia floribunda,mono,unisexual,NA,biotic,woody,long,5,superior,NA,NA,NA,NA,NA,,,,,,,,,,,,
Allium sativum,mono,polymorphic,NA,NA,herb,long,NA,superior,NA,6,NA,NA,NA,,,,,,,,,,,,
Alluaudia procera,di,unisexual,NA,NA,woody,long,NA,superior,3,8,NA,NA,outcrossing,,,,,,,,,,,,
Alnus alnobetula,mono,unisexual,NA,abiotic,woody,long,NA,inferior,6,4,0.95,NA,outcrossing,,,,,,,,,,,,
Aloe thraskii,mono,unisexual,NA,biotic,woody,long,2.4,NA,NA,NA,NA,NA,NA,,,,,,,,,,,,
Alphitonia excelsa,mono,bisexual,NA,NA,woody,long,1,inferior,NA,5,NA,NA,NA,,,,,,,,,,,,
Alstroemeria aurea,mono,bisexual,zygomorphic,biotic,herb,long,5,inferior,66,6,0.31,4500,intermediate,,,,,,,,,,,,
Alyssum simplex,mono,bisexual,actinomorphic,biotic,herb,short,0.3,superior,4,6,NA,NA,selfing,,,,,,,,,,,,
Amborella trichopoda,di,unisexual,actinomorphic,NA,woody,long,0.4,superior,6,17,NA,NA,outcrossing,,,,,,,,,,,,
Amsonia tabernaemontana,mono,bisexual,actinomorphic,biotic,herb,long,1.9,superior,NA,5,NA,NA,NA,,,,,,,,,,,,
Anarthria polyphylla,di,unisexual,actinomorphic,NA,herb,long,NA,superior,3,3,NA,NA,outcrossing,,,,,,,,,,,,
Angelonia pubescens,mono,bisexual,zygomorphic,biotic,herb,short,NA,superior,NA,4,NA,NA,selfing,,,,,,,,,,,,
Anigozanthos humilis,mono,unisexual,NA,biotic,herb,long,3.8,NA,NA,6,NA,NA,outcrossing,,,,,,,,,,,,
Annona crassiflora,mono,bisexual,actinomorphic,biotic,woody,long,3.3,superior,NA,NA,NA,NA,NA,,,,,,,,,,,,
Antirrhinum majus,mono,bisexual,zygomorphic,biotic,herb,long,3.6,superior,9999,4,NA,NA,outcrossing,,,,,,,,,,,,
Apium graveolens,mono,bisexual,actinomorphic,biotic,herb,short,0.2,inferior,2,5,0.55,NA,intermediate,,,,,,,,,,,,
Aquilegia canadensis,mono,bisexual,actinomorphic,biotic,herb,long,3,superior,375,38,0.26,597.5,intermediate,,,,,,,,,,,,
Arabidopsis thaliana,mono,bisexual,NA,biotic,herb,short,0.3,superior,110,6,0.02,33,selfing,,,,,,,,,,,,
Aralidium pinnatifidum,di,unisexual,actinomorphic,NA,woody,long,0.3,inferior,3,5,NA,NA,outcrossing,,,,,,,,,,,,
Arctostaphylos uvaursi,mono,bisexual,actinomorphic,biotic,woody,long,0.2,superior,5,10,NA,NA,NA,,,,,,,,,,,,
Arum maculatum,mono,unisexual,NA,biotic,herb,long,NA,superior,NA,4,0,4596,selfing,,,,,,,,,,,,
Asparagus officinalis,di,unisexual,actinomorphic,biotic,herb,long,0.5,superior,NA,6,NA,NA,outcrossing,,,,,,,,,,,,
Astelia alpina,di,polymorphic,actinomorphic,NA,herb,long,NA,superior,108,6,NA,NA,outcrossing,,,,,,,,,,,,
Avicennia marina,mono,bisexual,actinomorphic,biotic,woody,long,0.6,superior,4,4,0.65,4000,intermediate,,,,,,,,,,,,
Azima tetracantha,di,unisexual,NA,NA,woody,long,NA,superior,2,4,NA,NA,outcrossing,,,,,,,,,,,,
Bagassa guianensis,di,unisexual,NA,mixed,woody,long,NA,NA,NA,3,NA,NA,outcrossing,,,,,,,,,,,,
Balanophora laxiflora,di,unisexual,zygomorphic,NA,NA,NA,1.5,inferior,NA,NA,NA,NA,outcrossing,,,,,,,,,,,,
Balanops pancheri,di,unisexual,NA,NA,NA,NA,NA,NA,4,5,NA,NA,outcrossing,,,,,,,,,,,,
Bdallophytum americanum,di,unisexual,actinomorphic,NA,NA,NA,NA,inferior,NA,9,NA,NA,outcrossing,,,,,,,,,,,,
Begonia heracleifolia,mono,bisexual,zygomorphic,NA,herb,short,NA,inferior,NA,999,NA,NA,NA,,,,,,,,,,,,
Berteroa incana,mono,bisexual,NA,biotic,herb,short,0.6,superior,NA,6,NA,NA,outcrossing,,,,,,,,,,,,
Bertholletia excelsa,mono,bisexual,zygomorphic,biotic,woody,long,2.5,inferior,36,999,NA,NA,outcrossing,,,,,,,,,,,,
Beta vulgaris,di,bisexual,actinomorphic,abiotic,herb,short,0.5,intermediate/variable,3,5,0.68,29545.8,intermediate,,,,,,,,,,,,
Bixa orellana,mono,bisexual,actinomorphic,biotic,woody,long,4.5,superior,92,425,0.68,138636,intermediate,,,,,,,,,,,,
Borago officinalis,mono,bisexual,actinomorphic,biotic,herb,short,2.5,superior,4,5,0.04,15875,selfing,,,,,,,,,,,,
Brasenia schreberi,mono,bisexual,actinomorphic,abiotic,herb,long,1.7,superior,24,26,0.63,9619,intermediate,,,,,,,,,,,,
Bretschneidera sinensis,mono,bisexual,zygomorphic,biotic,woody,long,3.5,superior,6,8,0.67,14516.5,intermediate,,,,,,,,,,,,
Bruguiera gymnorhiza,mono,bisexual,actinomorphic,biotic,woody,long,3.1,inferior,9,23,0.85,300000,outcrossing,,,,,,,,,,,,
Buddleja davidii,mono,bisexual,actinomorphic,biotic,woody,long,NA,superior,NA,4,0.93,106.6,outcrossing,,,,,,,,,,,,
Bursera simaruba,di,polymorphic,actinomorphic,biotic,woody,long,0.6,NA,NA,10,NA,NA,NA,,,,,,,,,,,,
Butomus umbellatus,mono,bisexual,actinomorphic,biotic,herb,long,2.3,superior,300,9,NA,NA,outcrossing,,,,,,,,,,,,
Byrsonima crassifolia,mono,bisexual,zygomorphic,biotic,woody,long,1.2,superior,3,10,0.06,NA,selfing,,,,,,,,,,,,
Cabomba caroliniana,mono,bisexual,actinomorphic,biotic,herb,long,1.7,superior,9,6,NA,62,NA,,,,,,,,,,,,
Calceolaria purpurea,mono,bisexual,zygomorphic,biotic,herb,long,1.3,NA,NA,2,NA,NA,outcrossing,,,,,,,,,,,,
Camellia sinensis,mono,bisexual,actinomorphic,biotic,woody,long,2.8,superior,12,100,NA,NA,outcrossing,,,,,,,,,,,,
Canacomyrica monticola,di,unisexual,NA,NA,woody,long,NA,inferior,1,6,NA,NA,outcrossing,,,,,,,,,,,,
Canna indica,mono,bisexual,NA,biotic,herb,long,6,inferior,NA,1,NA,NA,NA,,,,,,,,,,,,
Cardiocrinum cordatum,mono,bisexual,NA,biotic,herb,long,15,NA,NA,NA,NA,NA,NA,,,,,,,,,,,,
Carica papaya,di,unisexual,actinomorphic,biotic,woody,long,4,superior,4995,10,NA,NA,outcrossing,,,,,,,,,,,,
Caryocar brasiliense,mono,bisexual,actinomorphic,biotic,woody,long,6,intermediate/variable,NA,NA,NA,NA,NA,,,,,,,,,,,,
Catalpa speciosa,mono,bisexual,zygomorphic,biotic,woody,long,5.5,superior,1998,2,NA,NA,outcrossing,,,,,,,,,,,,
Catharanthus roseus,mono,bisexual,actinomorphic,biotic,woody,long,4.5,NA,NA,5,0.63,NA,intermediate,,,,,,,,,,,,
Caulophyllum thalictroides,mono,bisexual,actinomorphic,biotic,herb,long,0.9,superior,2,6,NA,4103.8,outcrossing,,,,,,,,,,,,
Centroplacus glaucinus,di,unisexual,NA,NA,woody,long,NA,NA,6,5,NA,NA,outcrossing,,,,,,,,,,,,
Ceratophyllum demersum,mono,unisexual,NA,abiotic,herb,long,0.1,NA,1,1,NA,NA,NA,,,,,,,,,,,,
Cercidiphyllum japonicum,di,unisexual,zygomorphic,NA,woody,long,NA,superior,21,29,NA,NA,outcrossing,,,,,,,,,,,,
Chimaphila umbellata,mono,bisexual,actinomorphic,biotic,woody,long,1.4,superior,9999,10,0.96,32,outcrossing,,,,,,,,,,,,
Chimonanthus praecox,mono,bisexual,actinomorphic,biotic,woody,long,2.8,superior,18,7,0.54,2847,intermediate,,,,,,,,,,,,
Chorispora tenella,mono,bisexual,actinomorphic,biotic,herb,short,8.2,superior,32,6,NA,NA,selfing,,,,,,,,,,,,
Cinnamomum camphora,mono,bisexual,actinomorphic,biotic,woody,long,0.2,superior,1,9,1,NA,outcrossing,,,,,,,,,,,,
Clarkia xantiana,mono,bisexual,zygomorphic,biotic,herb,short,3.5,inferior,2000,8,0.79,84.5,intermediate,,,,,,,,,,,,
Claytonia virginica,mono,bisexual,actinomorphic,biotic,herb,long,0.9,superior,6,5,NA,NA,NA,,,,,,,,,,,,
Clethra alnifolia,mono,bisexual,actinomorphic,biotic,woody,long,0.6,superior,120,10,NA,NA,NA,,,,,,,,,,,,
Clutia pulchella,di,unisexual,NA,NA,woody,long,NA,NA,3,5,NA,NA,outcrossing,,,,,,,,,,,,
Cobaea scandens,mono,bisexual,actinomorphic,biotic,woody,long,5.8,superior,2997,5,NA,415.5,NA,,,,,,,,,,,,
Cochlospermum vitifolium,mono,bisexual,actinomorphic,biotic,woody,long,11,superior,1175,175,NA,NA,outcrossing,,,,,,,,,,,,
Coffea arabica,mono,bisexual,actinomorphic,biotic,woody,long,3,inferior,NA,5,0.69,NA,intermediate,,,,,,,,,,,,
Combretum leprosum,mono,bisexual,actinomorphic,biotic,woody,long,1,inferior,8,8,NA,NA,outcrossing,,,,,,,,,,,,
Commelina communis,mono,polymorphic,zygomorphic,NA,herb,short,1.3,superior,NA,3,NA,NA,NA,,,,,,,,,,,,
Cordyline australis,mono,bisexual,actinomorphic,biotic,woody,long,NA,superior,NA,6,NA,NA,outcrossing,,,,,,,,,,,,
Coriaria myrtifolia,mono,polymorphic,actinomorphic,abiotic,woody,long,NA,superior,5,10,NA,NA,NA,,,,,,,,,,,,
Coriaria ruscifolia,mono,bisexual,actinomorphic,abiotic,woody,long,0.3,superior,8,10,NA,NA,NA,,,,,,,,,,,,
Cornus florida,mono,bisexual,actinomorphic,NA,woody,long,1.5,inferior,NA,4,NA,NA,NA,,,,,,,,,,,,
Corrigiola litoralis,mono,bisexual,actinomorphic,biotic,herb,short,0.2,intermediate/variable,NA,5,0.11,NA,selfing,,,,,,,,,,,,
Cucurbita pepo,mono,unisexual,actinomorphic,biotic,herb,short,1,inferior,9999,3,NA,317,NA,,,,,,,,,,,,
Cupaniopsis anacardioides,mono,unisexual,NA,biotic,woody,long,0.8,superior,3,8,NA,39811,NA,,,,,,,,,,,,
Curculigo latifolia,mono,polymorphic,NA,NA,NA,long,1.3,inferior,NA,6,NA,NA,outcrossing,,,,,,,,,,,,
Cuscuta cuspidata,mono,bisexual,actinomorphic,NA,herb,short,2,superior,4,5,NA,1164,NA,,,,,,,,,,,,
Cuttsia viburnea,NA,bisexual,actinomorphic,NA,woody,long,1,superior,2505,5,NA,NA,outcrossing,,,,,,,,,,,,
Cyclanthus bipartitus,mono,unisexual,NA,biotic,woody,long,NA,NA,NA,6,NA,NA,intermediate,,,,,,,,,,,,
Cymodocea nodosa,mono,unisexual,NA,abiotic,herb,long,NA,NA,2,2,NA,NA,NA,,,,,,,,,,,,
Cypripedium calceolus,mono,bisexual,zygomorphic,biotic,herb,long,7.8,inferior,4500,2,0.88,NA,outcrossing,,,,,,,,,,,,
Cyrilla racemiflora,mono,bisexual,actinomorphic,biotic,woody,long,0.5,superior,4,5,NA,NA,NA,,,,,,,,,,,,
Dalechampia spathulata,mono,unisexual,zygomorphic,biotic,woody,NA,NA,NA,NA,20,NA,NA,NA,,,,,,,,,,,,
Dalzellia ceylanica,mono,bisexual,actinomorphic,NA,herb,NA,NA,superior,NA,3,NA,14.1,NA,,,,,,,,,,,,
Daphniphyllum macropodum,di,unisexual,NA,NA,woody,long,NA,superior,4,9,NA,NA,outcrossing,,,,,,,,,,,,
Datisca glomerata,di,polymorphic,NA,abiotic,herb,long,0.7,inferior,NA,8,0.79,NA,intermediate,,,,,,,,,,,,
Davilla kunthii,mono,bisexual,actinomorphic,biotic,herb,NA,NA,intermediate/variable,2,70,NA,NA,outcrossing,,,,,,,,,,,,
Denhamia celastroides,mono,bisexual,actinomorphic,NA,woody,long,NA,superior,NA,5,NA,NA,NA,,,,,,,,,,,,
Diapensia lapponica,mono,bisexual,actinomorphic,biotic,woody,long,1.1,superior,240,5,0.36,1997.5,intermediate,,,,,,,,,,,,
Diospyros australis,di,unisexual,NA,NA,woody,long,NA,superior,NA,NA,NA,NA,outcrossing,,,,,,,,,,,,
Dipterocarpus tempehes,mono,bisexual,NA,biotic,woody,long,4.2,NA,NA,30,NA,NA,outcrossing,,,,,,,,,,,,
Discaria americana,mono,bisexual,NA,biotic,woody,long,0.6,intermediate/variable,NA,NA,NA,NA,outcrossing,,,,,,,,,,,,
Drosophyllum lusitanicum,mono,bisexual,actinomorphic,biotic,woody,long,2.7,superior,105,10,NA,687,outcrossing,,,,,,,,,,,,
Dryas octopetala,mono,bisexual,actinomorphic,biotic,woody,long,3,superior,NA,164,0.36,631,intermediate,,,,,,,,,,,,
Durio zibethinus,mono,bisexual,actinomorphic,biotic,woody,long,5.5,superior,30,60,NA,NA,intermediate,,,,,,,,,,,,
Eichhornia crassipes,mono,bisexual,zygomorphic,biotic,herb,short,6,superior,NA,6,NA,NA,outcrossing,,,,,,,,,,,,
Eriocaulon parkeri,mono,unisexual,NA,NA,herb,long,0.2,superior,NA,4,NA,NA,NA,,,,,,,,,,,,
Eriogonum arborescens,mono,bisexual,NA,NA,woody,long,NA,NA,3,9,NA,NA,NA,,,,,,,,,,,,
Eschscholzia californica,mono,bisexual,NA,biotic,herb,short,4,superior,NA,20,NA,NA,NA,,,,,,,,,,,,
Eupomatia bennettii,mono,bisexual,NA,biotic,woody,long,3.5,inferior,NA,9,NA,NA,intermediate,,,,,,,,,,,,
Eupomatia laurina,mono,bisexual,actinomorphic,biotic,woody,long,2.9,NA,287,60,NA,NA,intermediate,,,,,,,,,,,,
Fagus grandifolia,mono,unisexual,actinomorphic,abiotic,woody,long,NA,inferior,6,11,1,NA,outcrossing,,,,,,,,,,,,
Ficaria verna,mono,bisexual,actinomorphic,biotic,herb,long,3.2,superior,16,23,NA,NA,outcrossing,,,,,,,,,,,,
Filipendula vulgaris,mono,bisexual,actinomorphic,mixed,herb,long,NA,superior,18,25,0.92,NA,outcrossing,,,,,,,,,,,,
Floerkea proserpinacoides,mono,bisexual,actinomorphic,NA,herb,short,2.8,superior,3,5,NA,NA,NA,,,,,,,,,,,,
Galium aparine,mono,bisexual,actinomorphic,biotic,herb,short,1.8,inferior,2,4,NA,316,NA,,,,,,,,,,,,
Gentiana saponaria,mono,bisexual,actinomorphic,biotic,herb,long,3.8,superior,NA,5,NA,NA,NA,,,,,,,,,,,,
Geranium sanguineum,mono,bisexual,actinomorphic,biotic,herb,long,3.1,superior,10,10,NA,NA,NA,,,,,,,,,,,,
Gomortega keule,mono,bisexual,actinomorphic,biotic,woody,long,0.6,inferior,2,9,0.67,NA,intermediate,,,,,,,,,,,,
Gonocaryum litorale,di,unisexual,actinomorphic,NA,woody,long,0.6,superior,4,5,NA,NA,outcrossing,,,,,,,,,,,,
Gossypium hirsutum,mono,bisexual,actinomorphic,biotic,woody,short,7,superior,40,80,0.2,608,intermediate,,,,,,,,,,,,
Grewia occidentalis,mono,bisexual,actinomorphic,biotic,woody,NA,3,superior,4,538,NA,8303.5,outcrossing,,,,,,,,,,,,
Griselinia racemosa,di,unisexual,actinomorphic,NA,herb,NA,NA,inferior,NA,5,NA,NA,outcrossing,,,,,,,,,,,,
Gyrocarpus americanus,mono,polymorphic,actinomorphic,abiotic,woody,long,0.2,inferior,1,4,NA,16124.5,NA,,,,,,,,,,,,
Hamamelis virginiana,mono,bisexual,actinomorphic,biotic,woody,long,NA,intermediate/variable,2,4,NA,11798.3,outcrossing,,,,,,,,,,,,
Hanguana malayana,di,unisexual,actinomorphic,NA,herb,long,NA,superior,3,6,NA,NA,outcrossing,,,,,,,,,,,,
Hedychium gardnerianum,mono,bisexual,zygomorphic,NA,herb,long,NA,inferior,NA,1,NA,NA,NA,,,,,,,,,,,,
Helianthus annuus,mono,bisexual,NA,biotic,herb,short,2.2,inferior,2,5,0.75,NA,intermediate,,,,,,,,,,,,
Heliconia irrasa,mono,bisexual,NA,biotic,herb,long,NA,inferior,NA,5,NA,NA,NA,,,,,,,,,,,,
Herniaria glabra,mono,bisexual,actinomorphic,biotic,herb,short,0.2,superior,NA,5,NA,NA,NA,,,,,,,,,,,,
Hevea brasiliensis,mono,unisexual,actinomorphic,biotic,woody,long,0.5,intermediate/variable,3,10,0.64,NA,intermediate,,,,,,,,,,,,
Hirtella physophora,mono,bisexual,zygomorphic,biotic,woody,long,2,NA,NA,7,NA,5,outcrossing,,,,,,,,,,,,
Hordeum bulbosum,mono,bisexual,NA,abiotic,herb,long,NA,superior,2,3,NA,NA,outcrossing,,,,,,,,,,,,
Hydnocarpus heterophylla,di,unisexual,NA,NA,NA,NA,1.6,superior,3996,26,NA,NA,outcrossing,,,,,,,,,,,,
Hydrastis canadensis,mono,bisexual,actinomorphic,biotic,herb,long,1.3,superior,33,54,NA,NA,NA,,,,,,,,,,,,
Hydrocotyle vulgaris,mono,bisexual,actinomorphic,biotic,herb,long,NA,inferior,NA,5,NA,NA,NA,,,,,,,,,,,,
Hydrophyllum capitatum,mono,bisexual,actinomorphic,biotic,herb,long,0.7,superior,NA,5,NA,NA,intermediate,,,,,,,,,,,,
Hypericum perforatum,mono,bisexual,actinomorphic,biotic,herb,long,2,superior,NA,50,NA,NA,NA,,,,,,,,,,,,
Ilex opaca,di,unisexual,actinomorphic,biotic,woody,long,0.8,superior,NA,4,NA,NA,outcrossing,,,,,,,,,,,,
Impatiens capensis,mono,bisexual,zygomorphic,NA,herb,short,3.3,superior,5,5,NA,NA,NA,,,,,,,,,,,,
Ipomoea alba,NA,bisexual,actinomorphic,biotic,woody,short,9,superior,10,5,NA,NA,NA,,,,,,,,,,,,
Iris versicolor,mono,bisexual,actinomorphic,biotic,herb,long,12.3,inferior,NA,3,NA,NA,NA,,,,,,,,,,,,
Irvingbaileya australis,di,unisexual,actinomorphic,NA,NA,NA,0.4,superior,2,5,NA,NA,outcrossing,,,,,,,,,,,,
Juglans mandshurica,mono,unisexual,NA,abiotic,woody,long,NA,inferior,2,26,0.99,NA,outcrossing,,,,,,,,,,,,
Juncus effusus,mono,bisexual,actinomorphic,abiotic,herb,short,NA,superior,NA,3,0.02,48,selfing,,,,,,,,,,,,
Kalanchoe daigremontiana,mono,bisexual,actinomorphic,biotic,herb,short,2.5,intermediate/variable,2260,8,NA,192,NA,,,,,,,,,,,,
Kalmia latifolia,mono,bisexual,actinomorphic,biotic,woody,long,NA,superior,NA,10,0.9,NA,outcrossing,,,,,,,,,,,,
Kirengeshoma palmata,mono,bisexual,NA,biotic,herb,long,3.8,NA,NA,NA,NA,NA,outcrossing,,,,,,,,,,,,
Kirkia wilmsii,di,unisexual,actinomorphic,NA,woody,long,1,superior,NA,5,NA,NA,outcrossing,,,,,,,,,,,,
Lactoris fernandeziana,mono,polymorphic,actinomorphic,abiotic,woody,long,0.4,superior,18,6,NA,1815.3,NA,,,,,,,,,,,,
Lantana camara,mono,bisexual,zygomorphic,biotic,woody,long,0.7,superior,NA,4,NA,NA,NA,,,,,,,,,,,,
Lapageria rosea,mono,bisexual,actinomorphic,biotic,NA,NA,7.5,intermediate/variable,396,6,NA,1157,NA,,,,,,,,,,,,
Larrea tridentata,mono,bisexual,actinomorphic,biotic,woody,long,2.5,NA,NA,10,0.72,NA,intermediate,,,,,,,,,,,,
Lemna minor,mono,bisexual,NA,biotic,herb,short,0.1,superior,1,2,NA,NA,NA,,,,,,,,,,,,
Lepidobotrys staudtii,di,unisexual,actinomorphic,NA,woody,long,NA,superior,6,10,NA,NA,outcrossing,,,,,,,,,,,,
Limnanthes douglasii,di,bisexual,actinomorphic,biotic,herb,short,NA,superior,NA,10,0.85,NA,outcrossing,,,,,,,,,,,,
Linum perenne,mono,bisexual,actinomorphic,biotic,herb,long,3.5,superior,10,5,NA,NA,outcrossing,,,,,,,,,,,,
Liriodendron chinense,mono,bisexual,actinomorphic,biotic,woody,long,3.5,superior,9999,60,0.63,NA,intermediate,,,,,,,,,,,,
Loasa heterophylla,mono,bisexual,actinomorphic,NA,herb,long,NA,inferior,NA,7,NA,NA,NA,,,,,,,,,,,,
Lobelia angulata,di,polymorphic,zygomorphic,biotic,herb,long,1.4,inferior,NA,5,NA,NA,NA,,,,,,,,,,,,
Ludwigia adscendens,mono,bisexual,actinomorphic,biotic,herb,long,3,inferior,40,10,NA,NA,NA,,,,,,,,,,,,
Lythrum salicaria,mono,bisexual,actinomorphic,biotic,herb,long,1.5,superior,NA,12,NA,NA,outcrossing,,,,,,,,,,,,
Malesherbia linearifolia,mono,bisexual,actinomorphic,biotic,herb,long,2.5,superior,1515,5,NA,NA,NA,,,,,,,,,,,,
Malpighia emarginata,mono,bisexual,zygomorphic,biotic,woody,long,2.3,superior,3,10,0.99,NA,outcrossing,,,,,,,,,,,,
Manihot esculenta,mono,unisexual,actinomorphic,biotic,herb,long,0.2,superior,3,10,0.96,NA,outcrossing,,,,,,,,,,,,
Manilkara zapota,mono,bisexual,actinomorphic,biotic,woody,long,1.4,superior,9,6,0.82,NA,outcrossing,,,,,,,,,,,,
Marathrum rubrum,mono,bisexual,actinomorphic,abiotic,herb,short,NA,superior,1444,8,0.07,616,selfing,,,,,,,,,,,,
Mayaca fluviatilis,mono,bisexual,actinomorphic,NA,herb,long,1,superior,6,3,NA,NA,NA,,,,,,,,,,,,
Mazus pumilus,mono,bisexual,zygomorphic,biotic,herb,short,0.7,superior,1998,4,NA,22.1,selfing,,,,,,,,,,,,
Medicago sativa,mono,bisexual,zygomorphic,biotic,herb,long,1.8,superior,NA,10,0.86,399,outcrossing,,,,,,,,,,,,
Melocactus curvispinus,mono,bisexual,NA,biotic,herb,long,NA,inferior,NA,NA,NA,400,NA,,,,,,,,,,,,
Menispermum canadense,di,unisexual,actinomorphic,NA,NA,long,NA,superior,6,17,NA,NA,NA,,,,,,,,,,,,
Menyanthes trifoliata,mono,bisexual,actinomorphic,biotic,herb,long,1.5,superior,20,5,NA,NA,outcrossing,,,,,,,,,,,,
Miconia affinis,NA,NA,actinomorphic,biotic,woody,long,0.5,intermediate/variable,NA,10,NA,NA,NA,,,,,,,,,,,,
Mirabilis jalapa,mono,bisexual,actinomorphic,biotic,herb,short,4,superior,1,5,NA,321,NA,,,,,,,,,,,,
Misodendrum linearifolium,di,unisexual,actinomorphic,NA,woody,NA,0.1,inferior,3,3,NA,NA,outcrossing,,,,,,,,,,,,
Mollugo verticillata,mono,bisexual,actinomorphic,biotic,herb,short,0.2,superior,40,4,NA,39.5,NA,,,,,,,,,,,,
Monotropa hypopitys,mono,bisexual,actinomorphic,biotic,herb,long,NA,superior,NA,9,NA,NA,outcrossing,,,,,,,,,,,,
Montinia caryophyllacea,di,unisexual,actinomorphic,NA,NA,NA,0.5,inferior,12,4,NA,NA,outcrossing,,,,,,,,,,,,
Moringa oleifera,mono,bisexual,zygomorphic,biotic,woody,long,2,superior,NA,5,0.77,523,intermediate,,,,,,,,,,,,
Myriophyllum sibiricum,mono,polymorphic,actinomorphic,biotic,herb,long,NA,inferior,4,8,NA,NA,NA,,,,,,,,,,,,
Myristica fragrans,di,unisexual,actinomorphic,biotic,woody,long,0.8,superior,1,10,0.9,797664,outcrossing,,,,,,,,,,,,
Myrothamnus moschata,di,unisexual,NA,NA,NA,NA,NA,superior,NA,4,NA,NA,outcrossing,,,,,,,,,,,,
Myrtus communis,mono,bisexual,actinomorphic,biotic,woody,long,2.5,NA,NA,145,0.58,NA,intermediate,,,,,,,,,,,,
Narthecium ossifragum,NA,polymorphic,actinomorphic,abiotic,herb,long,NA,superior,NA,6,NA,NA,NA,,,,,,,,,,,,
Nelumbo lutea,mono,bisexual,actinomorphic,biotic,herb,long,10,superior,25,234,0.51,NA,intermediate,,,,,,,,,,,,
Nelumbo nucifera,mono,bisexual,actinomorphic,biotic,herb,long,16.5,superior,30,300,0.98,NA,outcrossing,,,,,,,,,,,,
Nemesia strumosa,mono,bisexual,NA,NA,herb,short,2.5,superior,NA,4,NA,NA,outcrossing,,,,,,,,,,,,
Nepenthes macfarlanei,di,unisexual,actinomorphic,mixed,woody,long,1,NA,NA,NA,NA,NA,outcrossing,,,,,,,,,,,,
Nicotiana tabacum,mono,bisexual,NA,biotic,herb,short,4.3,superior,NA,5,NA,NA,NA,,,,,,,,,,,,
Nolana humifusa,NA,bisexual,actinomorphic,biotic,herb,short,2.6,superior,NA,5,NA,NA,NA,,,,,,,,,,,,
Nothofagus dombeyi,mono,unisexual,NA,abiotic,woody,long,NA,NA,NA,11,0.96,NA,outcrossing,,,,,,,,,,,,
Nuphar advena,mono,bisexual,actinomorphic,biotic,herb,long,4,superior,NA,180,NA,NA,NA,,,,,,,,,,,,
Nymphaea odorata,mono,bisexual,NA,biotic,herb,long,12.5,intermediate/variable,2260,77,NA,NA,NA,,,,,,,,,,,,
Nymphoides peltata,mono,bisexual,actinomorphic,biotic,herb,long,3.5,superior,NA,5,0.71,NA,intermediate,,,,,,,,,,,,
Nyssa ogeche,di,unisexual,actinomorphic,NA,NA,NA,NA,inferior,NA,8,NA,NA,outcrossing,,,,,,,,,,,,
Ochroma pyramidale,mono,bisexual,NA,biotic,woody,long,13.5,superior,9999,5008,NA,NA,outcrossing,,,,,,,,,,,,
Octoknema borealis,di,unisexual,actinomorphic,NA,NA,NA,NA,NA,3,5,NA,NA,outcrossing,,,,,,,,,,,,
Octomeles sumatrana,di,unisexual,actinomorphic,NA,NA,NA,NA,inferior,NA,7,NA,NA,outcrossing,,,,,,,,,,,,
Olea europaea,mono,polymorphic,actinomorphic,abiotic,woody,long,0.3,superior,4,3,0.99,24000,outcrossing,,,,,,,,,,,,
Oryza sativa,mono,bisexual,zygomorphic,abiotic,herb,short,0.9,superior,1,6,0.02,NA,selfing,,,,,,,,,,,,
Ottelia acuminata,di,unisexual,NA,NA,herb,long,NA,NA,NA,11,NA,NA,outcrossing,,,,,,,,,,,,
Oxalis corniculata,mono,bisexual,actinomorphic,biotic,herb,short,1.2,superior,35,10,NA,105.4,intermediate,,,,,,,,,,,,
Paeonia californica,mono,bisexual,actinomorphic,biotic,herb,long,4,superior,136,106,NA,61434,NA,,,,,,,,,,,,
Panax quinquefolius,mono,polymorphic,actinomorphic,biotic,herb,long,0.3,inferior,4,5,0.41,NA,intermediate,,,,,,,,,,,,
Pandanus tectorius,di,unisexual,NA,mixed,woody,long,NA,superior,NA,18,0.98,NA,outcrossing,,,,,,,,,,,,
Pennantia corymbosa,di,unisexual,actinomorphic,NA,NA,NA,NA,superior,3,5,NA,NA,outcrossing,,,,,,,,,,,,
Peritoma arborea,mono,bisexual,zygomorphic,NA,woody,short,1.5,superior,10,6,NA,NA,NA,,,,,,,,,,,,
Perrottetia ovata,di,unisexual,NA,NA,NA,NA,NA,superior,8,5,NA,NA,outcrossing,,,,,,,,,,,,
Petunia axillaris,mono,bisexual,actinomorphic,biotic,herb,short,7.8,superior,NA,4,0.62,NA,intermediate,,,,,,,,,,,,
Peumus boldus,di,unisexual,actinomorphic,NA,NA,NA,NA,superior,5,39,NA,NA,outcrossing,,,,,,,,,,,,
Phelline comosa,di,unisexual,actinomorphic,NA,NA,NA,NA,superior,5,4,NA,NA,outcrossing,,,,,,,,,,,,
Phoenix dactylifera,di,unisexual,actinomorphic,mixed,woody,long,NA,superior,NA,6,NA,NA,outcrossing,,,,,,,,,,,,
Phragmites australis,mono,polymorphic,NA,abiotic,herb,long,NA,superior,3,3,NA,NA,outcrossing,,,,,,,,,,,,
Phryma leptostachya,mono,bisexual,zygomorphic,biotic,herb,long,NA,superior,2,4,NA,2535.5,NA,,,,,,,,,,,,
Phyllanthus niruri,mono,unisexual,actinomorphic,NA,herb,short,0.1,superior,NA,3,NA,NA,NA,,,,,,,,,,,,
Physena madagascariensis,di,unisexual,actinomorphic,NA,NA,NA,NA,superior,2,10,NA,NA,outcrossing,,,,,,,,,,,,
Picramnia polyantha,di,NA,actinomorphic,NA,NA,NA,NA,superior,NA,NA,NA,NA,outcrossing,,,,,,,,,,,,
Piper amalago,mono,bisexual,actinomorphic,biotic,woody,long,NA,NA,NA,5,NA,NA,NA,,,,,,,,,,,,
Pittosporum dasycaulon,NA,polymorphic,zygomorphic,NA,woody,long,1.1,superior,NA,5,NA,2600,outcrossing,,,,,,,,,,,,
Plantago lanceolata,di,polymorphic,actinomorphic,mixed,herb,long,0.4,superior,NA,4,0.99,27797.3,outcrossing,,,,,,,,,,,,
Platea latifolia,di,unisexual,actinomorphic,NA,NA,NA,NA,superior,2,5,NA,NA,outcrossing,,,,,,,,,,,,
Plocosperma buxifolium,di,unisexual,zygomorphic,NA,NA,NA,0.8,superior,4,5,NA,NA,outcrossing,,,,,,,,,,,,
Plumbago auriculata,mono,bisexual,actinomorphic,biotic,woody,long,3.3,superior,1,5,NA,1295,outcrossing,,,,,,,,,,,,
Podophyllum peltatum,mono,bisexual,actinomorphic,biotic,herb,long,5,superior,43,15,NA,NA,outcrossing,,,,,,,,,,,,
Poeppigia procera,mono,bisexual,actinomorphic,biotic,woody,long,NA,superior,8,10,NA,NA,outcrossing,,,,,,,,,,,,
Polycarpon tetraphyllum,mono,bisexual,actinomorphic,biotic,herb,short,NA,superior,NA,3,NA,NA,NA,,,,,,,,,,,,
Polygala lewtonii,mono,bisexual,zygomorphic,biotic,herb,long,NA,superior,2,8,NA,NA,NA,,,,,,,,,,,,
Populus alba,di,unisexual,actinomorphic,abiotic,woody,long,NA,superior,NA,9,NA,NA,outcrossing,,,,,,,,,,,,
Portulaca oleracea,mono,bisexual,actinomorphic,NA,herb,short,0.5,intermediate/variable,NA,10,NA,NA,NA,,,,,,,,,,,,
Posidonia australis,mono,bisexual,NA,abiotic,herb,long,NA,superior,1,3,0.54,980000,intermediate,,,,,,,,,,,,
Posoqueria latifolia,mono,bisexual,zygomorphic,biotic,woody,long,NA,inferior,NA,5,NA,NA,NA,,,,,,,,,,,,
Potamogeton berchtoldii,mono,unisexual,NA,abiotic,herb,short,NA,NA,4,4,NA,NA,NA,,,,,,,,,,,,
Primula sieboldii,mono,bisexual,actinomorphic,biotic,herb,long,NA,superior,NA,5,NA,NA,intermediate,,,,,,,,,,,,
Prionotes cerinthoides,mono,bisexual,actinomorphic,biotic,herb,long,2.2,superior,NA,5,NA,NA,NA,,,,,,,,,,,,
Prunus persica,mono,bisexual,actinomorphic,biotic,woody,long,NA,superior,2,46,0.41,NA,intermediate,,,,,,,,,,,,
Putranjiva roxburghii,di,unisexual,actinomorphic,NA,woody,long,0.6,superior,6,3,NA,NA,outcrossing,,,,,,,,,,,,
Qualea grandiflora,mono,bisexual,zygomorphic,biotic,woody,long,2,superior,168,1,0.99,NA,outcrossing,,,,,,,,,,,,
Quercus rubra,mono,unisexual,actinomorphic,abiotic,woody,long,NA,inferior,6,6,1,NA,outcrossing,,,,,,,,,,,,
Quinchamalium chilense,mono,bisexual,actinomorphic,biotic,herb,long,1.2,inferior,1,5,NA,NA,NA,,,,,,,,,,,,
Rafflesia keithii,di,unisexual,actinomorphic,NA,NA,long,80,inferior,NA,NA,NA,NA,outcrossing,,,,,,,,,,,,
Ranunculus acris,mono,bisexual,actinomorphic,biotic,herb,long,2.2,superior,20,60,NA,NA,outcrossing,,,,,,,,,,,,
Ravenala madagascariensis,mono,bisexual,zygomorphic,biotic,woody,long,20.8,inferior,39,6,NA,NA,NA,,,,,,,,,,,,
Rhizophora stylosa,mono,bisexual,actinomorphic,abiotic,woody,long,NA,inferior,4,8,0.25,NA,intermediate,,,,,,,,,,,,
Ribes aureum,mono,bisexual,actinomorphic,biotic,woody,long,1.6,inferior,NA,5,NA,NA,NA,,,,,,,,,,,,
Roridula dentata,mono,bisexual,actinomorphic,biotic,woody,long,2.5,superior,3,5,0.01,NA,selfing,,,,,,,,,,,,
Roridula gorgonias,mono,bisexual,actinomorphic,biotic,NA,long,2.5,intermediate/variable,9,5,0.03,NA,selfing,,,,,,,,,,,,
Roupala montana,mono,bisexual,actinomorphic,biotic,woody,long,0.8,superior,2,4,NA,NA,outcrossing,,,,,,,,,,,,
Ruta graveolens,mono,bisexual,actinomorphic,biotic,woody,long,NA,superior,16,9,NA,304,NA,,,,,,,,,,,,
Sagina procumbens,mono,bisexual,actinomorphic,NA,herb,long,NA,superior,NA,4,NA,NA,NA,,,,,,,,,,,,
Sagittaria latifolia,di,unisexual,actinomorphic,NA,herb,long,4,superior,NA,30,NA,NA,NA,,,,,,,,,,,,
Salpiglossis sinuata,NA,bisexual,zygomorphic,biotic,herb,short,5.5,superior,NA,4,NA,NA,outcrossing,,,,,,,,,,,,
Sarracenia purpurea,mono,bisexual,actinomorphic,biotic,herb,long,6,superior,3205,65,1,NA,outcrossing,,,,,,,,,,,,
Sauvagesia rhodoleuca,mono,bisexual,NA,NA,woody,long,NA,superior,NA,5,NA,NA,NA,,,,,,,,,,,,
Saxifraga cernua,di,bisexual,actinomorphic,biotic,herb,long,15,intermediate/variable,282,10,NA,209.5,NA,,,,,,,,,,,,
Schinus molle,di,unisexual,actinomorphic,biotic,woody,long,NA,superior,3,10,NA,NA,outcrossing,,,,,,,,,,,,
Schisandra chinensis,mono,unisexual,actinomorphic,biotic,herb,long,NA,superior,81,6,0.75,NA,intermediate,,,,,,,,,,,,
Schizanthus grahamii,mono,bisexual,zygomorphic,biotic,herb,short,2.9,superior,NA,2,0.54,NA,intermediate,,,,,,,,,,,,
Scleranthus annuus,mono,bisexual,actinomorphic,NA,herb,short,0.2,superior,2,4,NA,237.5,selfing,,,,,,,,,,,,
Sesamum indicum,mono,bisexual,zygomorphic,biotic,herb,short,2.4,superior,1998,4,NA,NA,NA,,,,,,,,,,,,
Sextonia rubra,mono,bisexual,actinomorphic,biotic,woody,long,NA,superior,1,9,0.97,NA,outcrossing,,,,,,,,,,,,
Silene vulgaris,di,polymorphic,NA,biotic,herb,long,NA,superior,NA,10,0.44,218,intermediate,,,,,,,,,,,,
Simmondsia chinensis,di,unisexual,actinomorphic,abiotic,woody,long,0.4,superior,NA,10,NA,NA,outcrossing,,,,,,,,,,,,
Sinojackia xylocarpa,mono,bisexual,actinomorphic,NA,woody,long,1.8,intermediate/variable,21,13,NA,NA,NA,,,,,,,,,,,,
Solanum dulcamara,mono,bisexual,actinomorphic,biotic,herb,long,NA,superior,NA,5,NA,NA,NA,,,,,,,,,,,,
Spergularia marina,mono,bisexual,actinomorphic,NA,herb,short,NA,superior,NA,4,0.02,40.7,selfing,,,,,,,,,,,,
Spiranthes cernua,mono,bisexual,zygomorphic,biotic,herb,long,NA,inferior,NA,1,NA,NA,NA,,,,,,,,,,,,
Spondias tuberosa,mono,bisexual,actinomorphic,biotic,woody,long,NA,NA,5,10,0.87,NA,outcrossing,,,,,,,,,,,,
Staphylea trifolia,mono,bisexual,actinomorphic,biotic,woody,long,0.8,superior,27,5,NA,NA,outcrossing,,,,,,,,,,,,
Stellaria media,mono,bisexual,actinomorphic,biotic,herb,short,0.5,superior,NA,6,NA,49.8,selfing,,,,,,,,,,,,
Sterculia apetala,mono,polymorphic,actinomorphic,biotic,woody,long,2.1,superior,55,15,NA,NA,outcrossing,,,,,,,,,,,,
Stylidium graminifolium,mono,bisexual,zygomorphic,biotic,herb,long,0.9,inferior,180,2,NA,NA,outcrossing,,,,,,,,,,,,
Swietenia macrophylla,mono,unisexual,actinomorphic,biotic,woody,long,1,superior,70,10,0.95,NA,outcrossing,,,,,,,,,,,,
Syringa vulgaris,mono,bisexual,actinomorphic,biotic,woody,long,NA,superior,4,2,NA,NA,NA,,,,,,,,,,,,
Tacca chantrieri,mono,bisexual,actinomorphic,biotic,herb,long,NA,inferior,NA,6,0.14,49.5,selfing,,,,,,,,,,,,
Tacca leontopetaloides,mono,bisexual,actinomorphic,biotic,herb,long,NA,inferior,69,6,NA,137,NA,,,,,,,,,,,,
Talinum paniculatum,mono,bisexual,actinomorphic,biotic,herb,long,0.8,superior,57,16,NA,136,NA,,,,,,,,,,,,
Tectona grandis,mono,bisexual,actinomorphic,biotic,woody,long,0.6,superior,NA,6,0.98,3207.5,outcrossing,,,,,,,,,,,,
Tetracentron sinense,mono,bisexual,actinomorphic,mixed,woody,long,0.2,intermediate/variable,24,4,NA,720,outcrossing,,,,,,,,,,,,
Tetroncium magellanicum,di,unisexual,NA,NA,NA,NA,NA,superior,4,4,NA,NA,outcrossing,,,,,,,,,,,,
Thalictrum minus,mono,bisexual,actinomorphic,abiotic,herb,long,0.7,superior,3,6,NA,NA,NA,,,,,,,,,,,,
Theobroma cacao,mono,bisexual,actinomorphic,biotic,woody,long,1,superior,NA,5,0.76,NA,intermediate,,,,,,,,,,,,
Thymelaea hirsuta,di,unisexual,actinomorphic,mixed,woody,long,2.9,superior,1,8,NA,NA,NA,,,,,,,,,,,,
Titanotrichum oldhamii,NA,bisexual,zygomorphic,NA,herb,long,3.5,superior,NA,4,NA,NA,NA,,,,,,,,,,,,
Trachelium caeruleum,mono,bisexual,actinomorphic,biotic,herb,long,0.5,inferior,NA,5,NA,NA,NA,,,,,,,,,,,,
Tragopogon dubius,mono,bisexual,zygomorphic,biotic,herb,short,NA,inferior,2,5,0.15,NA,selfing,,,,,,,,,,,,
Tribulus terrestris,mono,bisexual,actinomorphic,biotic,herb,short,0.9,superior,100,10,NA,378.3,NA,,,,,,,,,,,,
Trichilia emetica,di,unisexual,actinomorphic,NA,NA,NA,1.6,superior,6,10,NA,NA,outcrossing,,,,,,,,,,,,
Trillium erectum,mono,bisexual,actinomorphic,biotic,herb,long,NA,superior,NA,6,0.53,537,intermediate,,,,,,,,,,,,
Trochocarpa laurina,NA,bisexual,actinomorphic,NA,woody,long,0.3,superior,NA,10,NA,NA,NA,,,,,,,,,,,,
Tropaeolum majus,mono,bisexual,zygomorphic,biotic,herb,short,4.5,superior,NA,8,NA,63480.5,NA,,,,,,,,,,,,
Tropaeolum tricolor,mono,bisexual,zygomorphic,biotic,herb,long,3,superior,3,8,NA,NA,NA,,,,,,,,,,,,
Turnera ulmifolia,mono,bisexual,actinomorphic,biotic,woody,long,5,superior,1515,5,0.19,NA,selfing,,,,,,,,,,,,
Typha latifolia,mono,unisexual,NA,abiotic,herb,long,NA,superior,1,2,NA,NA,NA,,,,,,,,,,,,
Urtica dioica,di,unisexual,NA,abiotic,herb,long,NA,superior,1,4,NA,NA,outcrossing,,,,,,,,,,,,
Vaccinium uliginosum,mono,bisexual,actinomorphic,biotic,woody,long,0.5,inferior,NA,9,NA,290.4,selfing,,,,,,,,,,,,
Valeriana officinalis,mono,bisexual,NA,biotic,herb,long,0.5,inferior,3,3,0.88,NA,outcrossing,,,,,,,,,,,,
Verbascum thapsus,mono,bisexual,zygomorphic,biotic,herb,short,1.5,superior,NA,5,0.68,NA,intermediate,,,,,,,,,,,,
Veronica anagallisaquatica,mono,bisexual,zygomorphic,mixed,herb,long,0.6,superior,NA,2,NA,43,NA,,,,,,,,,,,,
Viburnum rufidulum,mono,bisexual,actinomorphic,NA,woody,long,0.6,inferior,NA,5,NA,NA,NA,,,,,,,,,,,,
Viola pubescens,mono,bisexual,zygomorphic,biotic,herb,long,NA,superior,27,5,1,NA,outcrossing,,,,,,,,,,,,
Viviania marifolia,mono,bisexual,actinomorphic,biotic,herb,long,NA,superior,6,10,NA,NA,outcrossing,,,,,,,,,,,,
Vriesea carinata,mono,bisexual,NA,biotic,herb,long,NA,superior,NA,6,0.46,NA,intermediate,,,,,,,,,,,,
Warburgia ugandensis,mono,bisexual,actinomorphic,NA,woody,long,NA,superior,NA,10,NA,NA,NA,,,,,,,,,,,,
Wurmbea biglandulosa,mono,polymorphic,actinomorphic,NA,herb,long,0.9,superior,NA,6,NA,NA,NA,,,,,,,,,,,,
Xanthosoma sagittifolium,mono,unisexual,NA,biotic,herb,long,NA,superior,140,5,NA,NA,NA,,,,,,,,,,,,
Ximenia americana,mono,bisexual,actinomorphic,biotic,woody,long,0.9,superior,NA,7,NA,NA,outcrossing,,,,,,,,,,,,
Zea mays,mono,unisexual,NA,abiotic,herb,short,0.7,superior,1,3,0.97,14818,outcrossing,,,,,,,,,,,,
Zelkova serrata,mono,polymorphic,NA,abiotic,woody,long,0.9,superior,2,7,1,NA,outcrossing,,,,,,,,,,,,
Zostera marina,mono,unisexual,NA,abiotic,herb,long,NA,NA,2,1,0.74,NA,intermediate,,,,,,,,,,,,