,NDat,NTaxDat,NChrDat,NRefDat,NCstDat,Simple,ValDat,MinDat,MaxDat,NotesDat,NDacDat,NRankDat,NDqsDat,NUsrcrDat,DcrDat,NUsrupDat,DupDat,DeleteDat,NUsrdelDat,DdelDat,PseudoDat,HistoryDat
3154,280812,Ajuga reptans,4. Plant sexual system (D1),Bertin and Newman 1993 (BotRev),4. Plant sexual system (D1): (0) bisexual,bisexual,NA,NA,NA,,explicit from the text (described as such),species,NA,Sylvain Glémin,19-May-20,,,FALSE,NA,NA,FALSE,"[Created by Sylvain Glémin on 19/05/2020] Ajuga reptans / 4. Plant sexual system (D1): (0) bisexual [Bertin and Newman 1993, Sylvain Glémin, 19/05/2020]"
3744,282744,Ajuga reptans,4. Plant sexual system (D1),Godin & Akhmetgarieva 2019 (Bot Zhurn),4. Plant sexual system (D1): (4) gynodioecious,bisexual,NA,NA,NA,,explicit from the text (described as such),species,3,Marcos Méndez Iglesias,29-May-20,,,FALSE,NA,NA,FALSE,"[Created by Marcos Méndez Iglesias on 29/05/2020] Ajuga reptans / 4. Plant sexual system (D1): (4) gynodioecious [Godin & Akhmetgarieva 2019, Marcos Méndez Iglesias, 29/05/2020]"
3752,283017,Ajuga reptans,4. Plant sexual system (D1),Lüönd & Lüönd 1981 (Candollea),4. Plant sexual system (D1): (4) gynodioecious,bisexual,NA,NA,NA,,explicit from the text (described as such),,3,Marcos Méndez Iglesias,02-Jun-20,,,FALSE,NA,NA,FALSE,"[Created by Marcos Méndez Iglesias on 2/06/2020] Ajuga reptans / 4. Plant sexual system (D1): (4) gynodioecious [Lüönd & Lüönd 1981, Marcos Méndez Iglesias, 2/06/2020]"
6608,333893,Albizia julibrissin,4. Plant sexual system (D1),Wyatt & Lipow 2021 (JTorrBotSoc),4. Plant sexual system (D1): (5) andromonoecious,bisexual,NA,NA,NA,,explicit from the text (described as such),species,3,Marcos Méndez Iglesias,08-Jul-21,,,FALSE,NA,NA,FALSE,"[Created by Marcos Méndez Iglesias on 8/07/2021] Albizia julibrissin / 4. Plant sexual system (D1): (5) andromonoecious [Wyatt & Lipow 2021, Marcos Méndez Iglesias, 8/07/2021]"
7271,352793,Allium sativum,4. Plant sexual system (D1),Flora of North America 2021 (website),4. Plant sexual system (D1): (0) bisexual,bisexual,NA,NA,NA,{plant is bisexual but apomixy is the effective reproduction system},interpreted from the text,species,3,Johanne Cros,02-Nov-21,,,FALSE,NA,NA,FALSE,"[Created by Johanne Cros on 2/11/2021] Allium sativum / 4. Plant sexual system (D1): (0) bisexual [Flora of North America 2021, Johanne Cros, 2/11/2021] {{plant is bisexual but apomixy is the effective reproduction system}}"
2141,228402,Astelia alpina,4. Plant sexual system (D1),"Kocyan A, Endress PK 2001 (PlantSystEvol)",4. Plant sexual system (D1): (2) dioecious,dioecious,NA,NA,NA,,explicit from the text (described as such),species,3,Marybel Soto Gomez,19-Sep-18,Marybel Soto Gomez,19-Sep-18,FALSE,NA,NA,FALSE,"[Created by Marybel Soto Gomez on 19/09/2018] Astelia alpina / 4. Plant sexual system (D1): (2) dioecious [Birch 2015, Marybel Soto Gomez, 19/09/2018]
[Updated by Marybel Soto Gomez on 19/09/2018] Astelia alpina / 4. Plant sexual system (D1): (2) dioeciou"
2628,279189,Beta vulgaris,4. Plant sexual system (D1),Dufay et al 2008 (JEvolBiol),4. Plant sexual system (D1): (4) gynodioecious,bisexual,NA,NA,NA,applies to subsp. Maritima,explicit from the text (described as such),species,3,Jos Käfer,07-Apr-20,,,FALSE,NA,NA,FALSE,"[Created by Jos Käfer on 7/04/2020] Beta vulgaris / 4. Plant sexual system (D1): (4) gynodioecious [Dufay et al 2008, Jos Käfer, 7/04/2020] {applies to subsp. Maritima}"
2719,279410,Beta vulgaris,4. Plant sexual system (D1),Larsen 1977 (Hereditas),4. Plant sexual system (D1): (0) bisexual,bisexual,NA,NA,NA,,explicit from the text (described as such),species,3,Jos Käfer,09-Apr-20,,,FALSE,NA,NA,FALSE,"[Created by Jos Käfer on 9/04/2020] Beta vulgaris / 4. Plant sexual system (D1): (0) bisexual [Larsen 1977, Jos Käfer, 9/04/2020]"
7070,350812,Bursera simaruba,4. Plant sexual system (D1),World agroforestry 2021 (website),4. Plant sexual system (D1): (2) dioecious,dioecious,NA,NA,NA,http://apps.worldagroforestry.org/treedb/AFTPDFS/Bursera_simaruba.PDF,explicit from the text (described as such),species,3,Johanne Cros,25-Oct-21,,,FALSE,NA,NA,FALSE,"[Created by Johanne Cros on 25/10/2021] Bursera simaruba / 4. Plant sexual system (D1): (2) dioecious [World agroforestry 2021, Johanne Cros, 25/10/2021] {http://apps.worldagroforestry.org/treedb/AFTPDFS/Bursera_simaruba.PDF}"
7570,359145,Bursera simaruba,4. Plant sexual system (D1),Hulshof et al. 2012 (Ecology),4. Plant sexual system (D1): (2) dioecious,dioecious,NA,NA,NA,,explicit from the text (described as such),species,3,Marcos Méndez Iglesias,24-Nov-21,,,FALSE,NA,NA,FALSE,"[Created by Marcos Méndez Iglesias on 24/11/2021] Bursera simaruba / 4. Plant sexual system (D1): (2) dioecious [Hulshof et al. 2012, Marcos Méndez Iglesias, 24/11/2021]"
8752,449823,Bursera simaruba,4. Plant sexual system (D1),World Flora Online 2023 (website),4. Plant sexual system (D1): (1) monoecious,dioecious,NA,NA,NA,,explicit from the text (described as such),species,NA,Sylvain Glémin,27-Mar-23,,,FALSE,NA,NA,FALSE,"[Created by Sylvain Glémin on 27/03/2023] Bursera simaruba / 4. Plant sexual system (D1): (1) monoecious [World Flora Online 2023, Sylvain Glémin, 27/03/2023]"
2408,268949,Cannabis sativa,4. Plant sexual system (D1),Flora of North America 2011 (website),4. Plant sexual system (D1): (1) monoecious,dioecious,NA,NA,NA,"""Flowers: staminate and pistillate on different plants, sometimes on same plants, especially in cultivars"", ""Flowers unisexual, often transitional flowers and flowers of opposite sex developing later""",,,NA,Hervé Sauquet,10-Jun-11,Hervé Sauquet,07-Jan-20,FALSE,NA,NA,FALSE,"[As of 3/06/2014] Cannabis sativa / 100. Sex (D1): (1) unisexual monoecious (structurally) [Flora of North America 2011, Hervé Sauquet, 10/06/2011] {""Flowers: staminate and pistillate on different plants, sometimes on same plants, especially in cultivars"""
8311,413361,Cannabis sativa,4. Plant sexual system (D1),Castroviejo et al. 2005 (book),4. Plant sexual system (D1): (2) dioecious,dioecious,NA,NA,NA,"Fully applicable to this species, because it is the only species included in the source. Departures from stric dioecy are known, due to sexual lability.",explicit from the text (described as such),genus,3,Marcos Méndez Iglesias,08-Apr-22,,,FALSE,NA,NA,FALSE,"[Created by Marcos Méndez Iglesias on 8/04/2022] Cannabis sativa / 4. Plant sexual system (D1): (2) dioecious [Castroviejo et al. 2005, Marcos Méndez Iglesias, 8/04/2022] {Fully applicable to this species, because it is the only species included in the so"
6979,349781,Commelina communis,4. Plant sexual system (D1),Ushimaru et al 2003 (PlantSpBiol),4. Plant sexual system (D1): (5) andromonoecious,bisexual,NA,NA,NA,DOI:10.1111/J.1442-1984.2003.00092.X,explicit from the text (described as such),species,3,Johanne Cros,20-Oct-21,,,FALSE,NA,NA,FALSE,"[Created by Johanne Cros on 20/10/2021] Commelina communis / 4. Plant sexual system (D1): (5) andromonoecious [Ushimaru et al 2003, Johanne Cros, 20/10/2021] {DOI:10.1111/J.1442-1984.2003.00092.X}"
3191,280849,Coriaria myrtifolia,4. Plant sexual system (D1),Bertin and Newman 1993 (BotRev),4. Plant sexual system (D1): (5) andromonoecious,bisexual,NA,NA,NA,,explicit from the text (described as such),species,NA,Sylvain Glémin,19-May-20,,,FALSE,NA,NA,FALSE,"[Created by Sylvain Glémin on 19/05/2020] Coriaria myrtifolia / 4. Plant sexual system (D1): (5) andromonoecious [Bertin and Newman 1993, Sylvain Glémin, 19/05/2020]"
7142,351789,Curculigo latifolia,4. Plant sexual system (D1),Okubo et al 2010 (article),4. Plant sexual system (D1): (5) andromonoecious,bisexual,NA,NA,NA,https://www.jstage.jst.go.jp/article/jjshs1/79/4/79_4_354/_pdf/-char/ja,explicit from the text (described as such),species,3,Johanne Cros,27-Oct-21,,,FALSE,NA,NA,FALSE,"[Created by Johanne Cros on 27/10/2021] Curculigo latifolia / 4. Plant sexual system (D1): (5) andromonoecious [Okubo et al 2010, Johanne Cros, 27/10/2021] {https://www.jstage.jst.go.jp/article/jjshs1/79/4/79_4_354/_pdf/-char/ja}"
6783,347862,Cymodocea nodosa,4. Plant sexual system (D1),"Flora Europea, volume 5 2021 (book)",4. Plant sexual system (D1): (1) monoecious,dioecious,NA,NA,NA,,explicit from the text (described as such),genus,3,Johanne Cros,14-Oct-21,,,FALSE,NA,NA,FALSE,"[Created by Johanne Cros on 14/10/2021] Cymodocea nodosa / 4. Plant sexual system (D1): (1) monoecious [Flora Europea, volume 5 2021, Johanne Cros, 14/10/2021]"
7572,359147,Cymodocea nodosa,4. Plant sexual system (D1),Castroviejo 2010 (book),4. Plant sexual system (D1): (2) dioecious,dioecious,NA,NA,NA,,explicit from the text (described as such),genus,3,Marcos Méndez Iglesias,24-Nov-21,,,FALSE,NA,NA,FALSE,"[Created by Marcos Méndez Iglesias on 24/11/2021] Cymodocea nodosa / 4. Plant sexual system (D1): (2) dioecious [Castroviejo 2010, Marcos Méndez Iglesias, 24/11/2021]"
2355,258510,Datisca glomerata,4. Plant sexual system (D1),Davidson 1973 (article),4. Plant sexual system (D1): (6) androdioecious,bisexual,NA,NA,NA,,explicit from the text (described as such),species,3,Andrea López,02-Sep-19,,,FALSE,NA,NA,FALSE,"[Created by Andrea López on 2/09/2019] Datisca glomerata / 4. Plant sexual system (D1): (6) androdioecious [Davidson 1973, Andrea López, 2/09/2019]"
3199,280857,Datisca glomerata,4. Plant sexual system (D1),Bertin and Newman 1993 (BotRev),4. Plant sexual system (D1): (6) androdioecious,bisexual,NA,NA,NA,,explicit from the text (described as such),species,NA,Sylvain Glémin,19-May-20,,,FALSE,NA,NA,FALSE,"[Created by Sylvain Glémin on 19/05/2020] Datisca glomerata / 4. Plant sexual system (D1): (6) androdioecious [Bertin and Newman 1993, Sylvain Glémin, 19/05/2020]"
5370,320978,Gyrocarpus americanus,4. Plant sexual system (D1),Duyfjes 1996 (FloraMalesiana),4. Plant sexual system (D1): (5) andromonoecious,bisexual,NA,NA,NA,,explicit from the text (described as such),genus,3,Marcos Méndez Iglesias,29-Apr-21,,,FALSE,NA,NA,FALSE,"[Created by Marcos Méndez Iglesias on 29/04/2021] Gyrocarpus americanus / 4. Plant sexual system (D1): (5) andromonoecious [Duyfjes 1996, Marcos Méndez Iglesias, 29/04/2021]"
2427,269165,Lactoris fernandeziana,4. Plant sexual system (D1),Bernardello et al 1999 (AmJBot),4. Plant sexual system (D1): (3) gynomonoecious,bisexual,NA,NA,NA,bisexual flowers and functionally (occasionally also structurally) female flowers,explicit from the text (described as such),species,NA,Maria von Balthazar,04-May-15,Hervé Sauquet,07-Jan-20,FALSE,NA,NA,FALSE,"[Created by Maria von Balthazar on 4/05/2015] Lactoris fernandeziana / 100. Sex (D1): (K) unisexual gynomonoecious (structurally and functionally) [Bernardello et al 1999, Maria von Balthazar, 4/05/2015] {bisexual flowers and functionally (occasionally al"
3217,280875,Lactoris fernandeziana,4. Plant sexual system (D1),Bertin and Newman 1993 (BotRev),4. Plant sexual system (D1): (3) gynomonoecious,bisexual,NA,NA,NA,,explicit from the text (described as such),species,NA,Sylvain Glémin,19-May-20,,,FALSE,NA,NA,FALSE,"[Created by Sylvain Glémin on 19/05/2020] Lactoris fernandeziana / 4. Plant sexual system (D1): (3) gynomonoecious [Bertin and Newman 1993, Sylvain Glémin, 19/05/2020]"
3218,280877,Limnanthes douglasii,4. Plant sexual system (D1),Bertin and Newman 1993 (BotRev),4. Plant sexual system (D1): (4) gynodioecious,bisexual,NA,NA,NA,,explicit from the text (described as such),species,NA,Sylvain Glémin,19-May-20,,,FALSE,NA,NA,FALSE,"[Created by Sylvain Glémin on 19/05/2020] Limnanthes douglasii / 4. Plant sexual system (D1): (4) gynodioecious [Bertin and Newman 1993, Sylvain Glémin, 19/05/2020]"
4409,313704,Lobelia angulata,4. Plant sexual system (D1),Smith 2019 (book),4. Plant sexual system (D1): (2) dioecious,bisexual,NA,NA,NA,,explicit from the text (described as such),species,NA,Andrea López,27-Jan-21,,,FALSE,NA,NA,FALSE,"[Created by Andrea López on 27/01/2021] Lobelia angulata / 4. Plant sexual system (D1): (2) dioecious [Smith 2019, Andrea López, 27/01/2021]"
5792,322640,Lobelia angulata,4. Plant sexual system (D1),Primack 1985 (AnnuRevEcolSyst),4. Plant sexual system (D1): (4) gynodioecious,bisexual,NA,NA,NA,,interpreted from the text,species,3,Marcos Méndez Iglesias,16-May-21,,,FALSE,NA,NA,FALSE,"[Created by Marcos Méndez Iglesias on 16/05/2021] Lobelia angulata / 4. Plant sexual system (D1): (4) gynodioecious [Primack 1985, Marcos Méndez Iglesias, 16/05/2021]"
2429,269177,Myriophyllum sibiricum,4. Plant sexual system (D1),Saskatchewan Wildflowers 2018 (website),4. Plant sexual system (D1): (7) trimonoecious,monoecious,NA,NA,NA,http://www.efloras.org/florataxon.aspx?flora_id=2&taxon_id=242416869,explicit from the text (described as such),,NA,Kester Bull,08-Jul-13,Hervé Sauquet,07-Jan-20,FALSE,NA,NA,FALSE,"[As of 3/06/2014] Myriophyllum sibiricum / 100. Sex (D1): (1) unisexual monoecious (structurally) [Flora of China 2013, Kester Bull, 8/07/2013] {http://www.efloras.org/florataxon.aspx?flora_id=2&taxon_id=242416869}
[Updated by Maria von Balthazar on 20/02"
4822,317533,Myriophyllum sibiricum,4. Plant sexual system (D1),Bertin and Newman 1993 (BotRev),4. Plant sexual system (D1): (1) monoecious,monoecious,NA,NA,NA,,explicit from the text (described as such),species,NA,Sylvain Glémin,10-Apr-21,Sylvain Glémin,10-Apr-21,FALSE,NA,NA,FALSE,"[Created by Sylvain Glémin on 10/04/2021] Myriophyllum sibiricum / 4. Plant sexual system (D1): (1) monoecious [Bertin and Newman 1993, Sylvain Glémin, 10/04/2021]
[Updated by Sylvain Glémin on 10/04/2021] Myriophyllum sibiricum / 4. Plant sexual system ("
5860,322762,Myriophyllum sibiricum,4. Plant sexual system (D1),Yu et al 2002 (Rhodora),4. Plant sexual system (D1): (1) monoecious,monoecious,NA,NA,NA,,explicit from the text (described as such),species,3,Marcos Méndez Iglesias,17-May-21,,,FALSE,NA,NA,FALSE,"[Created by Marcos Méndez Iglesias on 17/05/2021] Myriophyllum sibiricum / 4. Plant sexual system (D1): (1) monoecious [Yu et al 2002, Marcos Méndez Iglesias, 17/05/2021]"
2409,268960,Myristica fragrans,4. Plant sexual system (D1),de Wilde 2000 (FloraMalesiana),4. Plant sexual system (D1): (1) monoecious,dioecious,NA,NA,NA,"""dioecious (occasionally M. fragrans monoecious, M. crassa paroecious);""",,,NA,Hervé Sauquet,29-Nov-12,Hervé Sauquet,07-Jan-20,FALSE,NA,NA,FALSE,"[As of 3/06/2014] Myristica fragrans / 100. Sex (D1): (1) unisexual monoecious (structurally) [de Wilde 2000, Hervé Sauquet, 29/11/2012] {""dioecious (occasionally M. fragrans monoecious, M. crassa paroecious);""}
[Automatically duplicated from original rec"
5861,322834,Myristica fragrans,4. Plant sexual system (D1),Armstrong & Drummond 1986 (Biotropica),4. Plant sexual system (D1): (2) dioecious,dioecious,NA,NA,NA,,explicit from the text (described as such),species,3,Marcos Méndez Iglesias,18-May-21,,,FALSE,NA,NA,FALSE,"[Created by Marcos Méndez Iglesias on 18/05/2021] Myristica fragrans / 4. Plant sexual system (D1): (2) dioecious [Armstrong & Drummond 1986, Marcos Méndez Iglesias, 18/05/2021]"
7584,359215,Narthecium ossifragum,4. Plant sexual system (D1),Kubitzki 1998 (book),4. Plant sexual system (D1): (0) bisexual,bisexual,NA,NA,NA,,explicit from the text (described as such),family,3,Marcos Méndez Iglesias,25-Nov-21,,,FALSE,NA,NA,FALSE,"[Created by Marcos Méndez Iglesias on 25/11/2021] Narthecium ossifragum / 4. Plant sexual system (D1): (0) bisexual [Kubitzki 1998, Marcos Méndez Iglesias, 25/11/2021]"
2423,269089,Olea europaea,4. Plant sexual system (D1),Cuevas & Polito 2004 (AnnBot),4. Plant sexual system (D1): (5) andromonoecious,bisexual,NA,NA,NA,,,,NA,Charlotte Prieu,27-Mar-13,Hervé Sauquet,07-Jan-20,FALSE,NA,NA,FALSE,"[As of 3/06/2014] Olea europaea / 100. Sex (D1): (9) unisexual andromonoecious [Cuevas and Polito 2004, Charlotte Prieu, 27/03/2013]
[Automatically duplicated from original record and rescored by Hervé Sauquet on 7/01/2020] Olea europaea / 4. Plant sexual"
2424,269101,Panax quinquefolius,4. Plant sexual system (D1),Flora of China 2013 (website),4. Plant sexual system (D1): (5) andromonoecious,bisexual,NA,NA,NA,,explicit from the text (described as such),genus,NA,Maria von Balthazar,03-Oct-13,Hervé Sauquet,07-Jan-20,FALSE,NA,NA,FALSE,"[As of 3/06/2014] Panax quinquefolius / 100. Sex (D1): (9) unisexual andromonoecious [Flora of China 2013, Maria von Balthazar, 3/10/2013]
[Automatically duplicated from original record and rescored by Hervé Sauquet on 7/01/2020] Panax quinquefolius / 4."
5486,321195,Phragmites australis,4. Plant sexual system (D1),Connor et al 1998 (NZJBot),4. Plant sexual system (D1): (5) andromonoecious,bisexual,NA,NA,NA,,explicit from the text (described as such),species,3,Marcos Méndez Iglesias,03-May-21,,,FALSE,NA,NA,FALSE,"[Created by Marcos Méndez Iglesias on 3/05/2021] Phragmites australis / 4. Plant sexual system (D1): (5) andromonoecious [Connor et al 1998, Marcos Méndez Iglesias, 3/05/2021]"
7606,359296,Pittosporum dasycaulon,4. Plant sexual system (D1),Gopalakrishnan & Thomas 2014 (article),4. Plant sexual system (D1): (0) bisexual,bisexual,NA,NA,NA,,explicit from the text (described as such),species,3,Marcos Méndez Iglesias,25-Nov-21,,,FALSE,NA,NA,FALSE,"[Created by Marcos Méndez Iglesias on 25/11/2021] Pittosporum dasycaulon / 4. Plant sexual system (D1): (0) bisexual [Gopalakrishnan & Thomas 2014, Marcos Méndez Iglesias, 25/11/2021]"
2386,268782,Plantago lanceolata,4. Plant sexual system (D1),Van Damme & Van Delden 1982 (Heredity),4. Plant sexual system (D1): (4) gynodioecious,bisexual,NA,NA,NA,,,,NA,Charlotte Prieu,27-Mar-13,Hervé Sauquet,07-Jan-20,FALSE,NA,NA,FALSE,"[As of 3/06/2014] Plantago lanceolata / 100. Sex (D1): (P) functionally unisexual gynodioecious, structurally bisexual [Van Damme and Van Delden 1982, Charlotte Prieu, 27/03/2013]
[Automatically duplicated from original record and rescored by Hervé Sauque"
3228,280887,Plantago lanceolata,4. Plant sexual system (D1),Bertin and Newman 1993 (BotRev),4. Plant sexual system (D1): (4) gynodioecious,bisexual,NA,NA,NA,,explicit from the text (described as such),species,NA,Sylvain Glémin,19-May-20,,,FALSE,NA,NA,FALSE,"[Created by Sylvain Glémin on 19/05/2020] Plantago lanceolata / 4. Plant sexual system (D1): (4) gynodioecious [Bertin and Newman 1993, Sylvain Glémin, 19/05/2020]"
9210,450511,Reseda lutea,4. Plant sexual system (D1),Tela Botanica 2023 (website),4. Plant sexual system (D1): (4) gynodioecious,bisexual,NA,NA,NA,,explicit from the text (described as such),species,NA,Sylvain Glémin,04-May-23,Sylvain Glémin,04-May-23,FALSE,NA,NA,FALSE,"[Created by Sylvain Glémin on 4/05/2023] Reseda lutea / 4. Plant sexual system (D1): (0) bisexual [Tela Botanica 2023, Sylvain Glémin, 4/05/2023]
[Updated by Sylvain Glémin on 4/05/2023] Reseda lutea / 4. Plant sexual system (D1): (4) gynodioecious [Tela"
6741,347528,Sagittaria latifolia,4. Plant sexual system (D1),Dorken & Barrett 2004 (article),4. Plant sexual system (D1): (1) monoecious,NA,NA,NA,NA,doi:10.1098/rspb.2003.2580,explicit from the text (described as such),species,3,Johanne Cros,13-Oct-21,,,FALSE,NA,NA,FALSE,"[Created by Johanne Cros on 13/10/2021] Sagittaria latifolia / 4. Plant sexual system (D1): (1) monoecious [Dorken, M. E.; Barrett 2003, Johanne Cros, 13/10/2021] {doi:10.1098/rspb.2003.2580}"
6742,347529,Sagittaria latifolia,4. Plant sexual system (D1),Dorken & Barrett 2004 (article),4. Plant sexual system (D1): (2) dioecious,NA,NA,NA,NA,doi:10.1098/rspb.2003.2580,explicit from the text (described as such),species,3,Johanne Cros,13-Oct-21,,,FALSE,NA,NA,FALSE,"[Created by Johanne Cros on 13/10/2021] Sagittaria latifolia / 4. Plant sexual system (D1): (2) dioecious [Dorken, M. E.; Barrett 2003, Johanne Cros, 13/10/2021] {doi:10.1098/rspb.2003.2580}"
3239,280899,Saxifraga cernua,4. Plant sexual system (D1),Bertin and Newman 1993 (BotRev),4. Plant sexual system (D1): (3) gynomonoecious,bisexual,NA,NA,NA,,explicit from the text (described as such),species,NA,Sylvain Glémin,19-May-20,,,FALSE,NA,NA,FALSE,"[Created by Sylvain Glémin on 19/05/2020] Saxifraga cernua / 4. Plant sexual system (D1): (3) gynomonoecious [Bertin and Newman 1993, Sylvain Glémin, 19/05/2020]"
5310,320910,Saxifraga cernua,4. Plant sexual system (D1),Molau and Prentice 1992 (Jecol),4. Plant sexual system (D1): (6) androdioecious,bisexual,NA,NA,NA,,explicit from the text (described as such),species,NA,Sylvain Glémin,27-Apr-21,,,FALSE,NA,NA,FALSE,"[Created by Sylvain Glémin on 27/04/2021] Saxifraga cernua / 4. Plant sexual system (D1): (6) androdioecious [Molau and Prentice 1992, Sylvain Glémin, 27/04/2021]"
5319,320920,Saxifraga cernua,4. Plant sexual system (D1),Brochmann and Håpnes 2001 (BJLS),4. Plant sexual system (D1): (0) bisexual,bisexual,NA,NA,NA,In Svalbard populations,explicit from the text (described as such),species,NA,Sylvain Glémin,27-Apr-21,,,FALSE,NA,NA,FALSE,"[Created by Sylvain Glémin on 27/04/2021] Saxifraga cernua / 4. Plant sexual system (D1): (0) bisexual [Brochmann and Håpnes 2001, Sylvain Glémin, 27/04/2021] {In Svalbard populations}"
5555,321498,Scleranthus annuus,4. Plant sexual system (D1),Svensson 1990 (AmJBot),4. Plant sexual system (D1): (0) bisexual,bisexual,NA,NA,NA,,seen explicitly on the illustration,species,3,Marcos Méndez Iglesias,04-May-21,,,FALSE,NA,NA,FALSE,"[Created by Marcos Méndez Iglesias on 4/05/2021] Scleranthus annuus / 4. Plant sexual system (D1): (0) bisexual [Svensson 1990, Marcos Méndez Iglesias, 4/05/2021]"
9025,450271,Scleranthus annuus,4. Plant sexual system (D1),Oliveira & Gibbs 2000 (Flora),4. Plant sexual system (D1): (2) dioecious,bisexual,NA,NA,NA,,explicit from the text (described as such),species,NA,Sylvain Glémin,26-Apr-23,,,FALSE,NA,NA,FALSE,"[Created by Sylvain Glémin on 26/04/2023] Scleranthus annuus / 4. Plant sexual system (D1): (2) dioecious [Oliveira & Gibbs 2000, Sylvain Glémin, 26/04/2023]"
2335,254304,Silene vulgaris,4. Plant sexual system (D1),McCauley & Brock 1998 (Evolution),4. Plant sexual system (D1): (4) gynodioecious,bisexual,NA,NA,NA,,explicit from the text (described as such),species,3,Cesar González Martínez,25-Jun-19,,,FALSE,NA,NA,FALSE,"[Created by Cesar González Martínez on 25/06/2019] Silene vulgaris / 4. Plant sexual system (D1): (4) gynodioecious [McCauley & Brock 1998, Cesar González Martínez, 25/06/2019]"
3240,280900,Silene vulgaris,4. Plant sexual system (D1),Bertin and Newman 1993 (BotRev),4. Plant sexual system (D1): (4) gynodioecious,bisexual,NA,NA,NA,,explicit from the text (described as such),species,NA,Sylvain Glémin,19-May-20,,,FALSE,NA,NA,FALSE,"[Created by Sylvain Glémin on 19/05/2020] Silene vulgaris / 4. Plant sexual system (D1): (4) gynodioecious [Bertin and Newman 1993, Sylvain Glémin, 19/05/2020]"
2458,269381,Sterculia apetala,4. Plant sexual system (D1),Flora of Barro Colorado Island online 2013 (website),4. Plant sexual system (D1): (1) monoecious,monoecious,NA,NA,NA,,,,NA,Maria von Balthazar,11-Apr-13,Hervé Sauquet,07-Jan-20,FALSE,NA,NA,FALSE,"[As of 3/06/2014] Sterculia apetala / 100. Sex (D1): (5) functionally unisexual monoecious, structurally gynomonoecious [Thomas B. Croat 2013, Maria von Balthazar, 11/04/2013]
[Automatically duplicated from original record and rescored by Hervé Sauquet on"
4833,317544,Sterculia apetala,4. Plant sexual system (D1),Bertin and Newman 1993 (BotRev),4. Plant sexual system (D1): (1) monoecious,monoecious,NA,NA,NA,,explicit from the text (described as such),species,NA,Sylvain Glémin,11-Apr-21,,,FALSE,NA,NA,FALSE,"[Created by Sylvain Glémin on 11/04/2021] Sterculia apetala / 4. Plant sexual system (D1): (1) monoecious [Bertin and Newman 1993, Sylvain Glémin, 11/04/2021]"
2396,268867,Thymelaea hirsuta,4. Plant sexual system (D1),Cornara et al 2005 (PlantSystEvol),4. Plant sexual system (D1): (2) dioecious,NA,NA,NA,NA,"Subdioecious; subandroecious (bearing male flowers, with
occasional hermaphroditic or female flowers);
subgynoecious (bearing female flowers, with
occasional male or hermaphroditic flowers)",explicit from the text (described as such),,NA,Rebeca Hernández Gutiérrez,03-Jul-13,Hervé Sauquet,07-Jan-20,FALSE,NA,NA,FALSE,"[As of 3/06/2014] Thymelaea hirsuta / 100. Sex (D1): (R) plants with male, female and bisexual flowers [Cornara et al. 2005, Rebeca Hernández Gutiérrez, 3/07/2013] {Subdioecious}
[Updated by Maria von Balthazar on 22/10/2015] Thymelaea hirsuta / 100. Sex"
6070,323515,Thymelaea hirsuta,4. Plant sexual system (D1),El-Keblawy et al 1996 (CanJBot),4. Plant sexual system (D1): (1) monoecious,NA,NA,NA,NA,,explicit from the text (described as such),species,3,Marcos Méndez Iglesias,22-May-21,,,FALSE,NA,NA,FALSE,"[Created by Marcos Méndez Iglesias on 22/05/2021] Thymelaea hirsuta / 4. Plant sexual system (D1): (1) monoecious [El-Keblawy et al 1996, Marcos Méndez Iglesias, 22/05/2021]"
6071,323516,Thymelaea hirsuta,4. Plant sexual system (D1),El-Keblawy et al 1996 (CanJBot),4. Plant sexual system (D1): (2) dioecious,NA,NA,NA,NA,Subdioecious to monoecious to sex labile.,explicit from the text (described as such),species,3,Marcos Méndez Iglesias,22-May-21,,,FALSE,NA,NA,FALSE,"[Created by Marcos Méndez Iglesias on 22/05/2021] Thymelaea hirsuta / 4. Plant sexual system (D1): (2) dioecious [El-Keblawy et al 1996, Marcos Méndez Iglesias, 22/05/2021] {Subdioecious to monoecious to sex labile.}"
7651,359430,Wurmbea biglandulosa,4. Plant sexual system (D1),Vaughton & Ramsey 2004 (EvolEcol),4. Plant sexual system (D1): (4) gynodioecious,bisexual,NA,NA,NA,,explicit from the text (described as such),species,3,Marcos Méndez Iglesias,26-Nov-21,,,FALSE,NA,NA,FALSE,"[Created by Marcos Méndez Iglesias on 26/11/2021] Wurmbea biglandulosa / 4. Plant sexual system (D1): (4) gynodioecious [Vaughton & Ramsey 2004, Marcos Méndez Iglesias, 26/11/2021]"
8532,448543,Wurmbea biglandulosa,4. Plant sexual system (D1),Flora of Australia 2022 (website),4. Plant sexual system (D1): (5) andromonoecious,bisexual,NA,NA,NA,,explicit from the text (described as such),species,3,Jos Käfer,28-Nov-22,,,FALSE,NA,NA,FALSE,"[Created by Jos Käfer on 28/11/2022] Wurmbea biglandulosa / 4. Plant sexual system (D1): (5) andromonoecious [Flora of Australia 2022, Jos Käfer, 28/11/2022]"
3675,281928,Zelkova serrata,4. Plant sexual system (D1),Flora of China 2003 (book),4. Plant sexual system (D1): (1) monoecious,monoecious,NA,NA,NA,,interpreted from the text,species,NA,Concetta Burgarella,27-May-20,,,FALSE,NA,NA,FALSE,"[Created by Concetta Burgarella on 27/05/2020] Zelkova serrata / 4. Plant sexual system (D1): (1) monoecious [Flora of China 2003, Concetta Burgarella, 27/05/2020]"
3743,282435,Zelkova serrata,4. Plant sexual system (D1),Suo 1995 (JJFS),4. Plant sexual system (D1): (7) trimonoecious,monoecious,NA,NA,NA,,explicit from the text (described as such),species,NA,Concetta Burgarella,29-May-20,,,FALSE,NA,NA,FALSE,"[Created by Concetta Burgarella on 29/05/2020] Zelkova serrata / 4. Plant sexual system (D1): (7) trimonoecious [Suo 1995, Concetta Burgarella, 29/05/2020]"
