"","family","order","Woodiness","Climbing","Aquatic","SexualSystem","Lifespan","Mating","Pollination","DispersalMode","DispersalDist","FlowerSex","OvaryPosition","FloralReward","FlowerSymmetry","Showiness","Maximumverticalheight","Numberoffertilestamens","Numberofovulesperfunctionalcarpel","Numberofstructuralcarpels","Fusionofovaries","flowerSize","seedMass","groups_pam","groups_pam_one_hot","groups_kpro","groups_kpro_one_hot"
"Abolboda pulchella","Xyridaceae","Poales","herbaceous","non-climbing","non-aquatic","monomorphic","long",NA,"biotic",NA,NA,"bisexual","superior","nectar","zygomorphic","bright",0.3,3,10.6,NA,NA,0.6,NA,5,4,NA,11
"Achatocarpus praecox","Achatocarpaceae","Caryophyllales","woody","non-climbing","non-aquatic","dimorphic","long","outcrossing","biotic","biotic","long","unisexual","superior",NA,"actinomorphic","bright_dull",6,16,1,2,1,0.65,NA,1,3,2,2
"Acorus calamus","Acoraceae","Acorales","herbaceous","non-climbing","non-aquatic","monomorphic","long","outcrossing","biotic","abiotic","long","bisexual","superior","other","zygomorphic","bright_dull",1.75,6,4.5,3,1,0.35,3.72,NA,NA,NA,3
"Actinidia chinensis","Actinidiaceae","Ericales","woody","climbing","non-aquatic","dimorphic","long","outcrossing","abiotic_biotic","biotic","long","unisexual","superior","none_pollen","actinomorphic","bright",5,155,15,29,1,5.15,1.6,1,3,NA,NA
"Aerva javanica","Amaranthaceae","Caryophyllales","herbaceous_woody","non-climbing","non-aquatic","dimorphic","long","outcrossing","biotic","abiotic","long","unisexual","superior",NA,"actinomorphic","bright",1,5,1,2.5,1,0.2,0.29,1,3,NA,2
"Aextoxicon punctatum","Aextoxicaceae","Berberidopsidales","woody","non-climbing","non-aquatic","dimorphic","long","outcrossing","biotic","biotic","long","unisexual","superior",NA,"actinomorphic","bright",8,5.5,2,1,NA,0.8,325.25,1,3,NA,2
"Agalinis neoscotica","Orobanchaceae","Lamiales","herbaceous","non-climbing","non-aquatic","monomorphic","short","mixed","biotic",NA,NA,"bisexual","superior",NA,"zygomorphic","bright",0.4,4,NA,2,NA,1.15,NA,5,4,NA,11
"Ailanthus altissima","Simaroubaceae","Sapindales","woody","non-climbing","non-aquatic","dimorphic","long","outcrossing","biotic","abiotic","long","unisexual","superior","nectar","actinomorphic","bright_dull",30,10,1,5,NA,0.8,29.25,1,3,NA,2
"Ainsliaea cordifolia","Asteraceae","Asterales","herbaceous","non-climbing","non-aquatic","monomorphic","long","outcrossing","biotic","abiotic","long","bisexual","inferior",NA,"actinomorphic","bright",0.375,5,1,2,1,1.5,NA,2,1,NA,3
"Ajuga reptans","Lamiaceae","Lamiales","herbaceous","non-climbing","non-aquatic","dimorphic_monomorphic","long",NA,"biotic","biotic","short","bisexual_unisexual","superior","nectar_pollen","zygomorphic","bright",0.275,4,NA,2,1,1.27,1.37,5,4,3,5
"Akebia quinata","Lardizabalaceae","Ranunculales","woody","climbing","non-aquatic","monomorphic","long","outcrossing","biotic","autonomous","short","unisexual","superior","none_pollen","actinomorphic","bright",9.5,6,150,6,0,1.1,20.5,NA,NA,NA,NA
"Albizia julibrissin","Fabaceae","Fabales","woody","non-climbing","non-aquatic","monomorphic","long","outcrossing","biotic","abiotic_autonomous","long_short","bisexual_unisexual","superior","nectar_pollen","actinomorphic","bright_dull",16,25,15,1,NA,0.8,37.37,NA,NA,1,1
"Alepis flavida","Loranthaceae","Santalales","woody","non-climbing","non-aquatic","monomorphic","long","mixed","biotic","biotic","long","bisexual","inferior","nectar","actinomorphic","bright",1,5.5,NA,NA,NA,1.6,NA,NA,NA,1,1
"Allanblackia floribunda","Clusiaceae","Malpighiales","woody","non-climbing","non-aquatic","dimorphic","long","outcrossing","biotic","biotic","long","unisexual","superior",NA,"actinomorphic","bright",30,185,18,5,NA,5,NA,1,3,NA,NA
"Allium sativum","Amaryllidaceae","Asparagales","herbaceous","non-climbing","non-aquatic","monomorphic","long","selfing","autonomous","autonomous","short","bisexual_unisexual","superior",NA,"actinomorphic_zygomorphic","bright",0.3,6,2,3,NA,NA,NA,5,4,3,4
"Allium schoenoprasum","Amaryllidaceae","Asparagales","herbaceous","non-climbing","non-aquatic","monomorphic","long","outcrossing","biotic","autonomous","short","bisexual","superior","nectar","actinomorphic","bright",0.35,6,2,3,NA,1.04,0.99,3,1,3,4
"Allocasuarina verticillata","Casuarinaceae","Fagales","woody","non-climbing","non-aquatic","dimorphic","long","outcrossing","abiotic","abiotic","long","unisexual",NA,"none",NA,"bright",7,1,1,1.5,1,0.9,4,1,3,2,6
"Alluaudia procera","Didiereaceae","Caryophyllales","woody","non-climbing","non-aquatic","dimorphic","long","outcrossing","biotic","abiotic","long","unisexual","superior",NA,"other","bright_dull",15,8,1,3,1,0.2,2.22,1,3,2,2
"Alnus alnobetula","Betulaceae","Fagales","woody","non-climbing","non-aquatic","monomorphic","long","outcrossing","abiotic","abiotic","long","unisexual","inferior","none","actinomorphic","dull",10,4,1.5,2.5,1,NA,0.51,1,3,2,6
"Aloe thraskii","Asphodelaceae","Asparagales","woody","non-climbing","non-aquatic","monomorphic","long","mixed","biotic",NA,NA,"unisexual",NA,"nectar","zygomorphic","bright",2.75,6,NA,NA,NA,2.35,NA,NA,NA,1,NA
"Alphitonia excelsa","Rhamnaceae","Rosales","woody","non-climbing","non-aquatic","monomorphic","long","outcrossing","biotic","biotic","long","bisexual","inferior","nectar","actinomorphic","bright_dull",21,5,1,3,NA,1,22.06,NA,2,1,1
"Alseuosmia macrophylla","Alseuosmiaceae","Asterales","woody","non-climbing","non-aquatic","monomorphic","long","outcrossing","biotic","biotic","long","bisexual","inferior","nectar","actinomorphic","bright",2.375,5,51.5,2,NA,3.75,4.1,6,2,NA,1
"Alstroemeria aurea","Alstroemeriaceae","Liliales","herbaceous","non-climbing","non-aquatic","monomorphic","long","mixed","biotic","autonomous","short","bisexual","inferior","nectar","zygomorphic","bright",0.75,6,21.5,3,NA,5,18.91,5,4,3,5
"Alyssum simplex","Brassicaceae","Brassicales","herbaceous","non-climbing","non-aquatic","monomorphic","short","selfing","biotic","abiotic","long","bisexual","superior","nectar","actinomorphic","bright",0.15,6,2,2,1,0.25,0.83,3,NA,4,3
"Amborella trichopoda","Amborellaceae","Amborellales","woody","non-climbing","non-aquatic","dimorphic","long","outcrossing","abiotic_biotic","autonomous_biotic","long_short","unisexual","superior","none_other","actinomorphic","bright",8,16.5,1,5,0,0.4,3.67,1,3,2,2
"Amsonia tabernaemontana","Apocynaceae","Gentianales","herbaceous","non-climbing","non-aquatic","monomorphic","long",NA,"biotic",NA,NA,"bisexual","superior",NA,"actinomorphic","bright",0.65,5,NA,2,0,1.9,84.21,2,1,NA,NA
"Anarthria polyphylla","Restionaceae","Poales","herbaceous","non-climbing","non-aquatic","dimorphic","long","outcrossing","abiotic",NA,NA,"unisexual","superior","none","actinomorphic","dull",0.1,3,1,3,1,0.5,NA,NA,NA,NA,6
"Angelonia pubescens","Plantaginaceae","Lamiales","herbaceous","non-climbing","non-aquatic","monomorphic","short","selfing","biotic","biotic","long","bisexual","superior","other","zygomorphic","bright",0.7,4,NA,2,1,1.4,NA,5,4,4,NA
"Anigozanthos humilis","Haemodoraceae","Commelinales","herbaceous","non-climbing","non-aquatic","monomorphic","long","outcrossing","biotic",NA,NA,"unisexual",NA,"nectar","zygomorphic","bright",0.55,6,51,3,NA,3.75,0.52,5,4,7,17
"Annona crassiflora","Annonaceae","Magnoliales","woody","non-climbing","non-aquatic","monomorphic","long","outcrossing","biotic","biotic","long","bisexual","superior","other","actinomorphic","bright_dull",7,NA,NA,NA,NA,3.25,5936.27,NA,2,6,1
"Antirrhinum majus","Plantaginaceae","Lamiales","herbaceous","non-climbing","non-aquatic","monomorphic","long","outcrossing","biotic","autonomous","short","bisexual","superior","pollen","zygomorphic","bright",0.5,4,NA,2,1,3.6,0.12,5,4,3,5
"Apium graveolens","Apiaceae","Apiales","herbaceous","non-climbing","non-aquatic","monomorphic","short","mixed","biotic","abiotic","long","bisexual","inferior","nectar","actinomorphic","bright",1,5,1,2,1,0.15,0.34,2,NA,4,3
"Aquilegia canadensis","Ranunculaceae","Ranunculales","herbaceous","non-climbing","non-aquatic","monomorphic","long","mixed","biotic","autonomous","short","bisexual","superior","nectar_pollen","actinomorphic","bright",0.525,40,75,5,0,3,1.16,2,1,NA,NA
"Arabidopsis thaliana","Brassicaceae","Brassicales","herbaceous","non-climbing","non-aquatic","monomorphic","short","selfing","autonomous_biotic","abiotic_autonomous","long_short","bisexual","superior","nectar","actinomorphic_other","bright",0.175,6,55,2,1,0.25,0.02,NA,NA,NA,10
"Aralidium pinnatifidum","Torricelliaceae","Apiales","woody","non-climbing","non-aquatic","dimorphic","long","outcrossing",NA,NA,NA,"unisexual","inferior",NA,"actinomorphic","bright",10,5,0.5,3,1,0.25,NA,1,3,2,2
"Arctostaphylos uva-ursi","Ericaceae","Ericales","woody","non-climbing","non-aquatic","monomorphic","long",NA,"autonomous_biotic","biotic","long","bisexual","superior","nectar","actinomorphic","bright",0.105,10,1,5,1,0.2,18.49,6,5,NA,1
"Arum maculatum","Araceae","Alismatales","herbaceous","non-climbing","non-aquatic","monomorphic","long","mixed","biotic","biotic","long","unisexual","superior","none",NA,"dull",0.33,3.5,2,1,NA,0.15,101.73,NA,NA,NA,7
"Asparagus officinalis","Asparagaceae","Asparagales","herbaceous","non-climbing","non-aquatic","dimorphic","long","outcrossing","biotic","biotic","long","unisexual","superior","nectar_pollen","actinomorphic","bright_dull",1.75,6,NA,3,1,0.5,22.1,1,3,2,2
"Astelia alpina","Asteliaceae","Asparagales","herbaceous","non-climbing","non-aquatic","dimorphic","long","outcrossing",NA,"biotic","long","bisexual_unisexual","superior","nectar","actinomorphic","dull",0.3,6,12,3,1,0.4,1.15,NA,3,NA,NA
"Audouinia capitata","Bruniaceae","Bruniales","woody","non-climbing","non-aquatic","monomorphic","long","outcrossing","biotic","abiotic","long","bisexual","intermediate","nectar","actinomorphic","bright",0.4,5,2,3,NA,1,NA,4,2,NA,NA
"Avicennia marina","Acanthaceae","Lamiales","woody","non-climbing","non-aquatic","monomorphic","long","mixed","biotic","abiotic","long","bisexual","superior","nectar","actinomorphic","bright",4.1,4,2,2,1,0.595,3400,4,2,1,1
"Azima tetracantha","Salvadoraceae","Brassicales","woody","non-climbing","non-aquatic","dimorphic","long","outcrossing",NA,"biotic","long","unisexual","superior",NA,NA,"bright_dull",0.9,4,1,2,1,3.5,34.8,1,3,2,2
"Bagassa guianensis","Moraceae","Rosales","woody","non-climbing","non-aquatic","dimorphic","long","outcrossing","abiotic_biotic","biotic","long","unisexual",NA,"none",NA,NA,37.5,2,NA,NA,NA,0.1,NA,1,3,2,8
"Balanophora laxiflora","Balanophoraceae","Santalales","herbaceous","non-climbing","non-aquatic","dimorphic","long","outcrossing",NA,NA,NA,"unisexual","inferior",NA,"zygomorphic",NA,NA,5,NA,NA,NA,1.5,NA,1,3,NA,2
"Balanops pancheri","Balanopaceae","Malpighiales","woody","non-climbing","non-aquatic","dimorphic","long","outcrossing","abiotic","biotic","long","unisexual",NA,"none",NA,NA,4,5,2,2,1,NA,NA,1,3,2,8
"Bdallophytum americanum","Cytinaceae","Malvales","herbaceous","non-climbing","non-aquatic","dimorphic",NA,"outcrossing",NA,"biotic","long_short","unisexual","inferior","nectar","actinomorphic","bright",0.165,9,NA,9.5,NA,0.855,NA,1,3,NA,NA
"Begonia heracleifolia","Begoniaceae","Cucurbitales","herbaceous","non-climbing","non-aquatic","monomorphic","long_short","mixed",NA,"autonomous","short","bisexual","inferior",NA,"zygomorphic","bright",NA,22.5,NA,3,NA,1.2,0.0072,2,4,3,5
"Bergeranthus multiceps","Aizoaceae","Caryophyllales","herbaceous","non-climbing","non-aquatic","monomorphic","long","outcrossing","biotic",NA,NA,"bisexual",NA,"nectar_pollen","actinomorphic","bright",0.08,182.5,NA,NA,NA,2,NA,2,1,NA,16
"Berteroa incana","Brassicaceae","Brassicales","herbaceous","non-climbing","non-aquatic","monomorphic","long_short","outcrossing","biotic","abiotic","long","bisexual","superior","nectar","actinomorphic","bright",0.7,6,NA,2,1,0.3,0.49,3,1,4,3
"Bertholletia excelsa","Lecythidaceae","Ericales","woody","non-climbing","non-aquatic","monomorphic","long","outcrossing","biotic","biotic","long","bisexual","inferior","nectar_pollen","zygomorphic","bright",50,114,9,4,1,2.5,6500,4,2,6,1
"Beta vulgaris","Chenopodiaceae","Caryophyllales","herbaceous","non-climbing","non-aquatic","dimorphic_monomorphic","long_short","mixed","abiotic","abiotic_autonomous","long_short","bisexual","intermediate","none","actinomorphic","dull",2,5,1,2.5,1,0.5,16.5,3,NA,NA,NA
"Bixa orellana","Bixaceae","Malvales","woody","non-climbing","non-aquatic","monomorphic","long","mixed","biotic","biotic","short","bisexual","superior","pollen","actinomorphic","bright",10,425,46.6666666666667,2,1,4.5,25.08,NA,2,NA,12
"Borago officinalis","Boraginaceae","Boraginales","herbaceous","non-climbing","non-aquatic","monomorphic","short","selfing","biotic","biotic","short","bisexual","superior","nectar","actinomorphic","bright",0.5,5,2,2,1,2.5,16.1,3,1,3,4
"Brasenia schreberi","Cabombaceae","Nymphaeales","herbaceous","non-climbing","aquatic_non-aquatic","monomorphic","long","mixed","abiotic","abiotic","long","bisexual","superior","none","actinomorphic","bright_dull",1.5,26.5,1.5,11.6,0,2,6.78,NA,NA,8,NA
"Bretschneidera sinensis","Akaniaceae","Brassicales","woody","non-climbing","non-aquatic","monomorphic","long","mixed","biotic","autonomous","short","bisexual","superior","nectar","zygomorphic","bright",20,8,2,3,1,3.5,NA,NA,2,NA,NA
"Bruguiera gymnorhiza","Rhizophoraceae","Malpighiales","woody","non-climbing","non-aquatic","monomorphic","long","mixed","biotic","abiotic","long","bisexual","inferior","nectar","actinomorphic","bright_dull",35,22,3.33333333333333,3,1,3.25,22380,4,2,6,1
"Buddleja davidii","Scrophulariaceae","Lamiales","woody","non-climbing","non-aquatic","monomorphic","long","outcrossing","biotic","abiotic","long","bisexual","superior","nectar","actinomorphic","bright",5,4,NA,NA,NA,0.65,0.1,4,2,NA,NA
"Bursera simaruba","Burseraceae","Sapindales","woody","non-climbing","non-aquatic","dimorphic_monomorphic","long","outcrossing","biotic","biotic","long","bisexual_unisexual",NA,"nectar","actinomorphic","dull",15,10,2,3,NA,0.6,117.35,1,3,1,NA
"Butomus umbellatus","Butomaceae","Alismatales","herbaceous","non-climbing","aquatic","monomorphic","long","outcrossing","biotic","abiotic_autonomous_biotic","long_short","bisexual","superior","nectar","actinomorphic","bright",0.8,9,50,6,NA,2.25,0.18,2,1,7,16
"Buxus balearica","Buxaceae","Buxales","woody","non-climbing","non-aquatic","monomorphic","long",NA,"abiotic_biotic","autonomous_biotic","short","unisexual",NA,"nectar_none",NA,NA,6,4,2,3,NA,0.6,7.45,1,3,2,6
"Byrsonima crassifolia","Malpighiaceae","Malpighiales","woody","non-climbing","non-aquatic","monomorphic","long","selfing","biotic","biotic","long","bisexual","superior","other","zygomorphic","bright",12.5,10,1,3,1,1.2,2.94,NA,NA,1,1
"Cabomba caroliniana","Cabombaceae","Nymphaeales","herbaceous","non-climbing","aquatic","monomorphic","long","outcrossing","biotic","biotic","long","bisexual","superior","nectar_pollen","actinomorphic","bright",10,6,3,3,0,2.5,1.14,2,1,NA,NA
"Calceolaria purpurea","Calceolariaceae","Lamiales","herbaceous","non-climbing","non-aquatic","monomorphic","long","outcrossing","biotic",NA,NA,"bisexual",NA,"other","zygomorphic","bright",0.6,2,NA,NA,NA,1.27,0.01,5,4,7,17
"Camellia sinensis","Theaceae","Ericales","woody","non-climbing","non-aquatic","monomorphic","long","outcrossing","biotic","biotic","long","bisexual","superior",NA,"actinomorphic","bright",5,100,4,3,1,2.75,1405.19,6,5,6,1
"Canacomyrica monticola","Myricaceae","Fagales","woody","non-climbing","non-aquatic","dimorphic","long","outcrossing","abiotic","biotic","long","unisexual","inferior","none",NA,NA,7,6,1,1,NA,NA,NA,1,3,2,8
"Canna indica","Cannaceae","Zingiberales","herbaceous","non-climbing","non-aquatic","monomorphic","long","selfing","biotic","autonomous","short","bisexual","inferior","nectar","other","bright",2.5,0.5,NA,3,1,6,155.15,2,1,3,5
"Cannabis sativa","Cannabaceae","Rosales","herbaceous","non-climbing","non-aquatic","dimorphic_monomorphic","short","outcrossing","abiotic","autonomous_biotic","long_short","unisexual","superior","none","actinomorphic","bright_dull",1.5,5,0.5,2,1,0.5,18.25,1,3,2,6
"Capparis zeylanica","Capparaceae","Brassicales","woody","non-climbing","non-aquatic","monomorphic","long",NA,NA,"biotic","long","bisexual",NA,NA,"actinomorphic","bright",3.5,37.5,NA,4,NA,9,NA,6,5,NA,1
"Cardiocrinum cordatum","Liliaceae","Liliales","herbaceous","non-climbing","non-aquatic","monomorphic","long","mixed","biotic","abiotic","long","bisexual",NA,"nectar","zygomorphic","bright_dull",1.35,6,312.5,3,NA,15,3.55,5,4,7,3
"Carex laxiflora","Cyperaceae","Poales","herbaceous","non-climbing","non-aquatic","monomorphic","long","selfing","abiotic",NA,NA,"unisexual","superior","none",NA,"dull",0.45,2,1,3,NA,0.3225,NA,NA,NA,NA,7
"Carica papaya","Caricaceae","Brassicales","woody","non-climbing","non-aquatic","dimorphic","long","mixed","autonomous_biotic","biotic","long","unisexual","superior","nectar_none_pollen","actinomorphic","bright",6,10,NA,5,1,4,22.62,1,3,NA,2
"Caryocar brasiliense","Caryocaraceae","Malpighiales","woody","non-climbing","non-aquatic","monomorphic","long","outcrossing","biotic","biotic","long","bisexual","intermediate","nectar","actinomorphic","bright",10,300,NA,3.5,NA,6,NA,6,5,NA,1
"Catalpa speciosa","Bignoniaceae","Lamiales","woody","non-climbing","non-aquatic","monomorphic","long","outcrossing","biotic","abiotic","long","bisexual","superior","nectar","zygomorphic","bright",30,2,NA,2,1,5.5,18.83,4,2,1,1
"Catharanthus roseus","Apocynaceae","Gentianales","woody","non-climbing","non-aquatic","monomorphic","long","mixed","biotic","autonomous_biotic","short","bisexual",NA,"nectar","actinomorphic","bright",0.875,5,NA,2,NA,4.49,1.43,3,1,3,NA
"Caulophyllum thalictroides","Berberidaceae","Ranunculales","herbaceous","non-climbing","non-aquatic","monomorphic","long","mixed","biotic","biotic","long","bisexual","superior",NA,"actinomorphic","bright",0.55,6,2.25,1,NA,0.9,198.63,3,1,NA,NA
"Centroplacus glaucinus","Centroplacaceae","Malpighiales","woody","non-climbing","non-aquatic","dimorphic","long","outcrossing",NA,NA,NA,"unisexual",NA,NA,"actinomorphic","bright",20,5,2,3,1,0.2,NA,1,3,2,2
"Ceratophyllum demersum","Ceratophyllaceae","Ceratophyllales","herbaceous","non-climbing","aquatic","monomorphic","long","mixed","abiotic","biotic","long","unisexual",NA,"none_pollen",NA,"dull",3,1,1,1,NA,0.125,NA,NA,NA,NA,7
"Cercidiphyllum japonicum","Cercidiphyllaceae","Saxifragales","woody","non-climbing","non-aquatic","dimorphic","long","outcrossing","abiotic","abiotic","long","unisexual","superior","none",NA,"dull",30,10,20.5,1,0,0.9,0.55,1,3,2,6
"Chimaphila umbellata","Ericaceae","Ericales","woody","non-climbing","non-aquatic","monomorphic","long","outcrossing","biotic","autonomous","short","bisexual","superior","nectar_pollen","actinomorphic","bright",0.275,10,NA,5,1,1.4,0.002,4,2,NA,4
"Chimonanthus praecox","Calycanthaceae","Laurales","woody","non-climbing","non-aquatic","monomorphic","long","mixed","biotic","autonomous","short","bisexual","superior","nectar_pollen","actinomorphic","bright",8,7,2,9,0,2.75,109.6,4,2,NA,NA
"Chloranthus spicatus","Chloranthaceae","Chloranthales","woody","non-climbing","non-aquatic","monomorphic","long","outcrossing","biotic","biotic","long","bisexual",NA,"other",NA,"dull",0.6,2.33333333333333,1,1,NA,0.5,2.18,4,2,NA,1
"Chorispora tenella","Brassicaceae","Brassicales","herbaceous","non-climbing","non-aquatic","monomorphic","short","selfing","biotic","abiotic","long","bisexual","superior",NA,"actinomorphic","bright",0.305,6,15.6,2,1,8.15,1.2,3,NA,5,3
"Cinnamomum camphora","Lauraceae","Laurales","woody","non-climbing","non-aquatic","monomorphic","long","outcrossing","biotic","biotic","long","bisexual","superior",NA,"actinomorphic","bright_dull",22.5,9,1,1,NA,0.3,108.24,NA,2,1,14
"Cirsium pitcheri","Asteraceae","Asterales","herbaceous","non-climbing","non-aquatic",NA,"long_short","mixed","biotic","abiotic","long",NA,"inferior",NA,"zygomorphic","bright",0.55,5,0.5,2,NA,2.5,NA,5,4,4,3
"Clarkia xantiana","Onagraceae","Myrtales","herbaceous","non-climbing","non-aquatic","monomorphic","short","mixed","biotic","autonomous","short","bisexual","inferior",NA,"zygomorphic","bright",0.45,8,500,4,1,3.5,0.21,2,1,3,5
"Claytonia virginica","Montiaceae","Caryophyllales","herbaceous","non-climbing","non-aquatic","monomorphic","long",NA,"biotic","autonomous_biotic","short","bisexual","superior","nectar","actinomorphic","bright",0.225,5,2,3,1,0.85,1.22,3,1,3,4
"Cleistesiopsis bifaria","Orchidaceae","Asparagales","herbaceous","non-climbing","non-aquatic","monomorphic","long","outcrossing","biotic",NA,NA,"bisexual","inferior","pollen","zygomorphic","bright_dull",0.315,2,NA,3,NA,7.5,NA,4,NA,7,17
"Cleomella arborea","Cleomaceae","Brassicales","woody","non-climbing","non-aquatic","monomorphic","long_short","outcrossing","biotic",NA,NA,"bisexual","superior",NA,"zygomorphic","bright",1.25,6,9.5,1,NA,1.52,NA,6,2,NA,1
"Clethra alnifolia","Clethraceae","Ericales","woody","non-climbing","non-aquatic","monomorphic","long",NA,"biotic","abiotic","long","bisexual","superior",NA,"actinomorphic","bright",2,10,40,3,1,0.55,0.15,4,2,5,19
"Clutia pulchella","Peraceae","Malpighiales","woody","non-climbing","non-aquatic","dimorphic","long","outcrossing",NA,"autonomous_biotic","short","unisexual",NA,NA,"actinomorphic","bright",0.84,5,1,3,1,4,3.08,1,3,NA,2
"Cobaea scandens","Polemoniaceae","Ericales","woody","climbing","non-aquatic","monomorphic","long","outcrossing","biotic","abiotic","long","bisexual","superior","nectar","actinomorphic","bright",25,5,26,3,1,5.75,72.3,4,2,6,1
"Cochlospermum vitifolium","Bixaceae","Malvales","woody","non-climbing","non-aquatic","monomorphic","long","outcrossing","biotic","abiotic","long","bisexual","superior","pollen","actinomorphic","bright",12,175,120,5,1,11,27.94,4,2,NA,12
"Coffea arabica","Rubiaceae","Gentianales","woody","non-climbing","non-aquatic","monomorphic","long","mixed","biotic","biotic","long","bisexual","inferior","nectar_pollen","actinomorphic","bright",5,5,1,2,NA,3,188.32,4,5,1,1
"Combretum leprosum","Combretaceae","Myrtales","woody","climbing_non-climbing","non-aquatic","monomorphic","long","outcrossing","biotic","abiotic","long","bisexual","inferior","nectar_other","actinomorphic","bright",12,8,4,2,NA,0.95,NA,4,2,1,1
"Commelina communis","Commelinaceae","Commelinales","herbaceous","non-climbing","non-aquatic","monomorphic","short",NA,"biotic","autonomous","short","bisexual_unisexual","superior","pollen","zygomorphic","bright",1,3,2,2,NA,1.25,NA,5,4,3,5
"Cordyline australis","Asparagaceae","Asparagales","woody","non-climbing","non-aquatic","monomorphic","long","outcrossing","biotic","biotic","long","bisexual","superior",NA,"actinomorphic","bright",12,6,NA,3,1,0.55,3.91,6,2,1,1
"Coriaria myrtifolia","Coriariaceae","Cucurbitales","woody","non-climbing","non-aquatic","monomorphic","long",NA,"abiotic","biotic","long","bisexual_unisexual","superior","none","actinomorphic","dull",3,10,1,5,NA,0.7,9.9,NA,NA,2,6
"Coriaria ruscifolia","Coriariaceae","Cucurbitales","woody","non-climbing","non-aquatic","monomorphic","long",NA,"abiotic","abiotic","long","bisexual","superior","none","actinomorphic","bright_dull",2,10,1,7.5,NA,0.25,0.53,NA,2,NA,7
"Cornus florida","Cornaceae","Cornales","woody","non-climbing","non-aquatic","monomorphic","long","outcrossing","biotic","biotic","long","bisexual","inferior",NA,"actinomorphic","bright_dull",20,4,NA,NA,NA,1.5,101.87,NA,2,1,1
"Corokia cotoneaster","Argophyllaceae","Asterales","woody","non-climbing","non-aquatic","monomorphic","long","outcrossing","biotic","biotic","long","bisexual","inferior","nectar_other","actinomorphic","bright",3,5,1,2,NA,0.65,26.33,4,2,1,1
"Corrigiola litoralis","Caryophyllaceae","Caryophyllales","herbaceous","non-climbing","non-aquatic","monomorphic","short","selfing","biotic","abiotic_autonomous","long_short","bisexual","intermediate",NA,"actinomorphic","bright",0.15,5,NA,3,0.5,0.2,0.45,2,1,4,10
"Costus woodsonii","Costaceae","Zingiberales","herbaceous","non-climbing","non-aquatic","monomorphic","long",NA,"biotic","biotic","long","bisexual","inferior","nectar_pollen","zygomorphic","bright",12,1,9,3,NA,3,NA,2,4,NA,NA
"Cucurbita pepo","Cucurbitaceae","Cucurbitales","herbaceous","climbing","non-aquatic","monomorphic","short",NA,"biotic","abiotic","long","unisexual","inferior","nectar","actinomorphic","bright",0.6,2.5,NA,3,1,1,144.75,2,NA,4,3
"Cupaniopsis anacardioides","Sapindaceae","Sapindales","woody","non-climbing","non-aquatic","monomorphic","long",NA,"biotic","biotic","long","unisexual","superior","nectar_pollen","other","bright_dull",4,8,1,3,1,0.8,178.63,NA,NA,1,NA
"Curculigo latifolia","Hypoxidaceae","Asparagales","herbaceous_woody","non-climbing","non-aquatic","monomorphic","long","outcrossing","biotic",NA,NA,"bisexual_unisexual","inferior",NA,"actinomorphic","bright",0.6,6,NA,NA,NA,1.3,100,2,2,NA,NA
"Cuscuta cuspidata","Convolvulaceae","Solanales","herbaceous","climbing","non-aquatic","monomorphic","short","mixed","abiotic",NA,NA,"bisexual","superior","none","actinomorphic","bright",0.5,5,2,2,1,0.175,NA,NA,NA,NA,NA
"Cuttsia viburnea","Rousseaceae","Asterales","woody","non-climbing","non-aquatic","monomorphic","long","outcrossing","biotic","abiotic_autonomous","long_short","bisexual","superior",NA,"actinomorphic","bright",15,5,500.5,5,NA,1,0.03,4,2,NA,NA
"Cyclanthus bipartitus","Cyclanthaceae","Pandanales","woody","non-climbing","non-aquatic","monomorphic","long","outcrossing","biotic","biotic","long","unisexual",NA,"pollen",NA,"bright",2,6,NA,NA,NA,NA,NA,NA,NA,1,14
"Cymodocea nodosa","Cymodoceaceae","Alismatales","herbaceous","non-climbing","aquatic","dimorphic_monomorphic","long","outcrossing","abiotic","autonomous_biotic","long_short","unisexual",NA,"none",NA,NA,0.6,2,1,2,0,NA,NA,NA,NA,NA,6
"Cypripedium calceolus","Orchidaceae","Asparagales","herbaceous","non-climbing","non-aquatic","monomorphic","long","outcrossing","biotic","abiotic","long","bisexual","inferior","pollen","zygomorphic","bright_dull",0.45,2,NA,3,1,7.75,0.003,4,NA,5,3
"Cyrilla racemiflora","Cyrillaceae","Ericales","woody","non-climbing","non-aquatic","monomorphic","long",NA,"biotic","abiotic","long","bisexual","superior","nectar","actinomorphic","bright",10,5,2,2,1,0.5,NA,4,2,1,1
"Dalechampia spathulata","Euphorbiaceae","Malpighiales","woody","non-climbing","non-aquatic","monomorphic","long",NA,"biotic","autonomous","short","unisexual",NA,"other","zygomorphic","bright",2.5,20,NA,3,NA,NA,NA,NA,NA,NA,NA
"Dalzellia ceylanica","Podostemaceae","Malpighiales","herbaceous","non-climbing","aquatic_non-aquatic","monomorphic",NA,"selfing","autonomous",NA,NA,"bisexual","superior","pollen","actinomorphic","bright_dull",0.01,3,NA,3,1,0.2,NA,3,NA,4,10
"Daphniphyllum macropodum","Daphniphyllaceae","Saxifragales","woody","non-climbing","non-aquatic","dimorphic","long","outcrossing","abiotic","biotic","long","unisexual","superior","none","actinomorphic","dull",20,9,2,2,1,NA,42.24,1,3,2,8
"Datisca glomerata","Datiscaceae","Cucurbitales","herbaceous","non-climbing","non-aquatic","dimorphic","long","mixed","abiotic","abiotic","long","bisexual_unisexual","inferior","none",NA,"dull",1.5,7.75,NA,NA,NA,0.65,0.07,NA,NA,NA,NA
"Davidsonia jerseyana","Cunoniaceae","Oxalidales","woody","non-climbing","non-aquatic","monomorphic","long","selfing",NA,"biotic","long","bisexual","superior","nectar","actinomorphic","bright",10,9,6,2,NA,0.5,206.29,6,5,1,1
"Davilla kunthii","Dilleniaceae","Dilleniales","herbaceous","climbing","non-aquatic","monomorphic","long","outcrossing","biotic","biotic","long","bisexual","inferior_superior","pollen","actinomorphic","bright",NA,70,2,1,NA,1.8,NA,2,1,1,NA
"Denhamia celastroides","Celastraceae","Celastrales","woody","non-climbing","non-aquatic","monomorphic","long","outcrossing",NA,NA,NA,"bisexual","superior",NA,"actinomorphic",NA,7,5,4,3,1,2.5,NA,6,2,1,1
"Diapensia lapponica","Diapensiaceae","Ericales","woody","non-climbing","non-aquatic","monomorphic","long","mixed","biotic","autonomous","short","bisexual","superior","nectar","actinomorphic","bright",0.02,5,80,3,1,1.1,NA,3,1,3,4
"Diospyros australis","Ebenaceae","Ericales","woody","non-climbing","non-aquatic","dimorphic","long","outcrossing",NA,NA,NA,"unisexual","superior",NA,"actinomorphic","bright",20,14,2,4,NA,0.16,130.16,1,3,2,2
"Dipterocarpus tempehes","Dipterocarpaceae","Malvales","woody","non-climbing","non-aquatic","monomorphic","long","outcrossing","biotic",NA,NA,"bisexual",NA,NA,"actinomorphic","bright",45,30,NA,NA,NA,5.4,NA,6,5,6,12
"Discaria americana","Rhamnaceae","Rosales","woody","non-climbing","non-aquatic","monomorphic","long","outcrossing","biotic","autonomous","short","bisexual","intermediate","nectar_other_pollen","actinomorphic","bright",1,4.5,1,3.5,NA,0.6,NA,4,2,NA,NA
"Drosophyllum lusitanicum","Drosophyllaceae","Caryophyllales","woody","non-climbing","non-aquatic","monomorphic","long","mixed","biotic","autonomous","short","bisexual","superior",NA,"actinomorphic","bright",0.9,10,21.1,5,1,2.7,3.72,3,1,NA,4
"Dryas octopetala","Rosaceae","Rosales","woody","non-climbing","non-aquatic","monomorphic","long","mixed","biotic","abiotic","long","bisexual","superior","nectar_pollen","actinomorphic","bright",0.5,164,1,NA,0,3,0.71,2,NA,8,13
"Durio zibethinus","Malvaceae","Malvales","woody","non-climbing","non-aquatic","monomorphic","long","outcrossing","biotic","biotic","long","bisexual","superior","nectar","actinomorphic","bright",25,60,6,5,1,5.5,18094.33,6,5,6,1
"Eriocaulon parkeri","Eriocaulaceae","Poales","herbaceous","non-climbing","non-aquatic","monomorphic","long_short",NA,"biotic",NA,NA,"unisexual","superior",NA,NA,"bright",0.15,4,NA,2,NA,0.2,NA,5,NA,4,NA
"Eriogonum arborescens","Polygonaceae","Caryophyllales","woody","non-climbing","non-aquatic","monomorphic","long","mixed","biotic","abiotic","long","bisexual",NA,NA,NA,"bright",2,9,1,3,NA,0.275,0.63,NA,2,NA,NA
"Eryngium alpinum","Apiaceae","Apiales","herbaceous","non-climbing","non-aquatic","monomorphic","long","outcrossing","biotic","biotic","long","bisexual","inferior",NA,"actinomorphic","bright",0.45,5,NA,2,NA,0.2,5.02,2,1,NA,3
"Erythroxylum laurifolium","Erythroxylaceae","Malpighiales","woody","non-climbing","non-aquatic","monomorphic","long","outcrossing",NA,"biotic","long","bisexual","superior","nectar_other",NA,"bright",4.5,10,NA,NA,NA,NA,NA,4,2,1,1
"Eschscholzia californica","Papaveraceae","Ranunculales","herbaceous","non-climbing","non-aquatic","monomorphic","long_short","outcrossing","biotic","autonomous","short","bisexual","superior","pollen","other","bright",0.325,19.5,NA,2,1,4,1.5,NA,4,3,5
"Eucalyptus cladocalyx","Myrtaceae","Myrtales","woody","non-climbing","non-aquatic","monomorphic","long","mixed","biotic","abiotic","long","bisexual","inferior",NA,NA,"bright",35,192,17,3.5,NA,1.5,4.78,4,5,NA,12
"Eupomatia bennettii","Eupomatiaceae","Magnoliales","woody","non-climbing","non-aquatic","monomorphic","long","outcrossing","biotic",NA,NA,"bisexual","inferior",NA,NA,"bright",1.5,8.5,NA,NA,1,3.5,NA,6,2,1,1
"Eupomatia laurina","Eupomatiaceae","Magnoliales","woody","non-climbing","non-aquatic","monomorphic","long","outcrossing","biotic","biotic","long","bisexual",NA,"other",NA,"bright",7,60,3,41,1,2.66666666666667,15.73,4,2,NA,12
"Fagus grandifolia","Fagaceae","Fagales","woody","non-climbing","non-aquatic","monomorphic","long","outcrossing","abiotic","biotic","long","unisexual","inferior","none_pollen","actinomorphic","dull",25,11,2,3,NA,NA,265.74,1,3,2,6
"Filipendula vulgaris","Rosaceae","Rosales","herbaceous","non-climbing","non-aquatic","monomorphic","long","outcrossing","abiotic_biotic","biotic","long","bisexual","superior","none_pollen","actinomorphic","bright",0.76,25,2,9,0,1.2,0.99,2,1,8,NA
"Floerkea proserpinacoides","Limnanthaceae","Brassicales","herbaceous","non-climbing","non-aquatic","monomorphic","short","selfing","autonomous","autonomous","short","bisexual","superior",NA,"actinomorphic","bright_dull",0.175,6,1,2.5,NA,2.75,3.64,3,NA,3,4
"Fumana ericoides","Cistaceae","Malvales","woody","non-climbing","non-aquatic","monomorphic","long","selfing","biotic","autonomous","short","bisexual","inferior",NA,"actinomorphic","bright",0.3,29,10.25,2,NA,1.75,2.44,2,1,3,4
"Galium aparine","Rubiaceae","Gentianales","herbaceous","non-climbing","non-aquatic","monomorphic","short","selfing","biotic","biotic","long","bisexual","inferior",NA,"actinomorphic","bright",0.935,4,1,2,1,1.75,9.05,2,1,NA,NA
"Gelsemium sempervirens","Gelsemiaceae","Gentianales","herbaceous","climbing","non-aquatic","monomorphic","long","outcrossing","biotic","abiotic","long","bisexual","superior","other","actinomorphic","bright",4.75,5,4,2,1,2.75,NA,3,1,NA,3
"Gentiana saponaria","Gentianaceae","Gentianales","herbaceous","non-climbing","non-aquatic","monomorphic","long",NA,"biotic","abiotic","long","bisexual","superior","nectar","actinomorphic","bright",0.48,5,NA,2,1,3.75,NA,3,1,4,3
"Geranium sanguineum","Geraniaceae","Geraniales","herbaceous","non-climbing","non-aquatic","monomorphic","long","mixed","biotic","autonomous","short","bisexual","superior","nectar","actinomorphic","bright",0.3,10,2,5,1,3.1,8.87,2,1,3,4
"Gerbera jamesonii","Asteraceae","Asterales","herbaceous","non-climbing","non-aquatic","monomorphic","long","outcrossing","biotic","abiotic","long","bisexual","inferior",NA,"zygomorphic","bright",0.375,5,1,2,NA,4.1,2.06,5,4,NA,3
"Gesneria cuneifolia","Gesneriaceae","Lamiales","woody","non-climbing","non-aquatic","monomorphic","long","mixed","biotic","biotic","short","bisexual",NA,"nectar","zygomorphic","bright",0.15,NA,NA,2,NA,2.5,0.02,NA,NA,3,5
"Gomortega keule","Gomortegaceae","Laurales","woody","non-climbing","non-aquatic","monomorphic","long","mixed","biotic","biotic","long","bisexual","inferior",NA,"actinomorphic","bright_dull",20,8,1,2,1,0.6,NA,4,5,1,14
"Gonocaryum litorale","Cardiopteridaceae","Cardiopteridales","woody","non-climbing","non-aquatic","dimorphic","long","outcrossing",NA,"biotic","long","unisexual","superior",NA,"actinomorphic","bright_dull",17.5,5,2,2,1,0.55,NA,1,3,2,2
"Gossypium hirsutum","Malvaceae","Malvales","woody","non-climbing","non-aquatic","monomorphic","long_short","mixed","biotic","abiotic","long","bisexual","superior","nectar","actinomorphic","bright",1.5,80,10,3.5,1,7,93.47,3,NA,NA,1
"Grewia occidentalis","Malvaceae","Malvales","woody","non-climbing","non-aquatic","monomorphic",NA,"outcrossing","biotic","biotic","long","bisexual","superior","nectar","actinomorphic","bright",3,76.5,1,4,1,3,64.31,6,5,6,1
"Griselinia racemosa","Griseliniaceae","Apiales","woody","non-climbing","non-aquatic","dimorphic",NA,"outcrossing",NA,"biotic","long","unisexual","inferior",NA,"actinomorphic",NA,2,5,NA,3,1,NA,12.21,1,3,2,2
"Gyrocarpus americanus","Hernandiaceae","Laurales","woody","non-climbing","non-aquatic","monomorphic","long",NA,"abiotic","abiotic","long","bisexual_unisexual","inferior","none","actinomorphic","bright_dull",25,4,1,1,NA,0.15,360.51,1,3,2,7
"Hamamelis virginiana","Hamamelidaceae","Saxifragales","woody","non-climbing","non-aquatic","monomorphic","long","outcrossing","biotic","autonomous","short","bisexual","intermediate","nectar_pollen","actinomorphic","bright",5,4,1,2,1,2,108.32,4,2,1,NA
"Hanguana malayana","Hanguanaceae","Commelinales","herbaceous","non-climbing","non-aquatic","dimorphic","long","outcrossing",NA,"biotic","long","unisexual","superior",NA,"actinomorphic",NA,3,6,1,3,1,NA,17,1,3,2,2
"Haumania danckelmaniana","Marantaceae","Zingiberales","woody","climbing","non-aquatic","monomorphic","long","outcrossing","biotic",NA,NA,"bisexual","inferior",NA,"zygomorphic","bright",6,1,NA,3,NA,1.25,NA,6,2,1,1
"Hedychium gardnerianum","Zingiberaceae","Zingiberales","herbaceous","non-climbing","non-aquatic","monomorphic","long","selfing","biotic","biotic","long","bisexual","inferior",NA,"zygomorphic","bright",2.4,1,NA,3,NA,8,NA,5,4,NA,NA
"Helianthus annuus","Asteraceae","Asterales","herbaceous","non-climbing","non-aquatic","monomorphic","short","mixed","biotic","autonomous","short","bisexual","inferior","nectar_pollen","actinomorphic_zygomorphic","bright",2,5,1,2,1,2.2,38.81,2,1,NA,5
"Heliconia irrasa","Heliconiaceae","Zingiberales","herbaceous","non-climbing","non-aquatic","monomorphic","long",NA,"biotic","biotic","long","bisexual","inferior","nectar",NA,"bright",1.5,5,1,3,NA,5.75,NA,2,1,NA,NA
"Herniaria glabra","Caryophyllaceae","Caryophyllales","herbaceous","non-climbing","non-aquatic","monomorphic","long_short","selfing","biotic","abiotic_autonomous","long_short","bisexual","superior","nectar","actinomorphic","dull",0.2,5,NA,NA,NA,0.15,0.11,3,NA,4,10
"Hevea brasiliensis","Euphorbiaceae","Malpighiales","woody","non-climbing","non-aquatic","monomorphic","long","mixed","biotic","biotic","long","unisexual","intermediate",NA,"actinomorphic",NA,20,10,1,3,1,0.5025,3809.45,1,3,1,18
"Hirtella physophora","Chrysobalanaceae","Malpighiales","woody","non-climbing","non-aquatic","monomorphic","long","outcrossing","biotic",NA,NA,"bisexual",NA,"nectar_pollen","zygomorphic","bright",NA,6,NA,NA,NA,2,NA,4,2,NA,1
"Hordeum bulbosum","Poaceae","Poales","herbaceous","non-climbing","non-aquatic","monomorphic","long","outcrossing","abiotic","biotic","long","bisexual","superior","none","zygomorphic","dull",0.95,3,1,2,NA,1.75,11.36,NA,NA,NA,NA
"Hydnocarpus heterophyllus","Achariaceae","Malpighiales","woody","non-climbing","non-aquatic","dimorphic","long","outcrossing","biotic","biotic","long","unisexual","superior",NA,NA,NA,20,26,NA,4,1,1.6,NA,1,3,NA,2
"Hydrastis canadensis","Ranunculaceae","Ranunculales","herbaceous","non-climbing","non-aquatic","monomorphic","long","mixed","biotic","biotic","long","bisexual","superior",NA,"actinomorphic","bright",0.325,53.75,2,10.75,0,1.3,NA,2,1,8,13
"Hydrocotyle vulgaris","Araliaceae","Apiales","herbaceous","non-climbing","non-aquatic","monomorphic","long",NA,"autonomous_biotic","abiotic","long","bisexual","inferior",NA,"actinomorphic","bright",0.125,5,NA,2,1,0.15,0.5,2,1,4,3
"Hydrophyllum capitatum","Hydrophyllaceae","Boraginales","herbaceous","non-climbing","non-aquatic","monomorphic","long","outcrossing","biotic",NA,NA,"bisexual","superior","nectar_pollen","actinomorphic","bright",0.275,5,NA,NA,NA,0.7,6.55,3,1,NA,16
"Hypericum perforatum","Hypericaceae","Malpighiales","herbaceous","non-climbing","non-aquatic","monomorphic","long","selfing","biotic","abiotic","long","bisexual","superior","pollen","actinomorphic","bright",0.6,50,30,3,1,1.875,0.15,3,1,5,3
"Ilex opaca","Aquifoliaceae","Aquifoliales","woody","non-climbing","non-aquatic","dimorphic","long","outcrossing","biotic","biotic","long","unisexual","superior",NA,"actinomorphic","bright_dull",12.5,4,NA,4,1,0.75,17.2,1,3,2,2
"Impatiens capensis","Balsaminaceae","Ericales","herbaceous","non-climbing","non-aquatic","monomorphic","short","mixed","biotic","autonomous","short","bisexual","superior","nectar","zygomorphic","bright",1.05,5,1,5,1,3.3,7.03,5,4,3,5
"Ipomoea alba","Convolvulaceae","Solanales","herbaceous","climbing","non-aquatic","monomorphic","long_short","selfing","biotic",NA,NA,"bisexual","superior","nectar","actinomorphic","bright",10,5,5,2,NA,9,99.98,3,NA,NA,10
"Iris versicolor","Iridaceae","Asparagales","herbaceous","non-climbing","non-aquatic","monomorphic","long","mixed","autonomous_biotic","abiotic","long","bisexual","inferior",NA,"actinomorphic","bright",0.675,3,40.5,3,NA,12.25,15.02,2,1,7,3
"Irvingbaileya australis","Stemonuraceae","Cardiopteridales","woody","non-climbing","non-aquatic","dimorphic","long","outcrossing","biotic","biotic","long","unisexual","superior",NA,"actinomorphic","bright",NA,5,1,2,1,0.41,220,1,3,2,2
"Juglans mandshurica","Juglandaceae","Fagales","woody","non-climbing","non-aquatic","monomorphic","long","outcrossing","abiotic","biotic","long","unisexual","inferior","none",NA,"dull",15,26,1,2,NA,NA,9259,1,3,2,6
"Jumellea fragrans","Orchidaceae","Asparagales","herbaceous","non-climbing","non-aquatic","monomorphic","long","mixed","biotic",NA,NA,"bisexual","inferior","nectar","zygomorphic","bright",0.3,2,NA,3,NA,4,NA,5,4,3,11
"Juncus effusus","Juncaceae","Poales","herbaceous","non-climbing","non-aquatic","monomorphic","short","mixed","abiotic","biotic","long","bisexual","superior","none","actinomorphic","dull",0.8825,3,NA,3,NA,NA,0.02,NA,NA,NA,NA
"Kalanchoe daigremontiana","Crassulaceae","Saxifragales","herbaceous","non-climbing","non-aquatic","monomorphic","long_short","selfing","biotic","abiotic","long","bisexual","intermediate_superior","nectar","actinomorphic","bright",1.5,8,130,4,0.2,3,0.02,2,1,5,3
"Kalmia latifolia","Ericaceae","Ericales","woody","non-climbing","non-aquatic","monomorphic","long","outcrossing","biotic","abiotic","long","bisexual","superior","nectar","actinomorphic","bright",5,10,NA,NA,1,2.8,0.02,4,2,NA,NA
"Kielmeyera regalis","Calophyllaceae","Malpighiales","woody","non-climbing","non-aquatic","monomorphic","long","outcrossing","biotic","abiotic","long","bisexual",NA,"pollen","actinomorphic","bright",NA,NA,NA,NA,NA,9,NA,4,2,NA,NA
"Kirengeshoma palmata","Hydrangeaceae","Cornales","herbaceous","non-climbing","non-aquatic","monomorphic","long","outcrossing","biotic","abiotic","long","bisexual",NA,NA,NA,"bright",1.05,15,NA,NA,NA,3.81,1.74,NA,4,NA,3
"Kirkia wilmsii","Kirkiaceae","Sapindales","woody","non-climbing","non-aquatic","dimorphic","long","outcrossing","biotic","abiotic","long","unisexual","superior",NA,"actinomorphic",NA,12,4.5,NA,4.5,1,1,13.99,1,3,2,2
"Lactoris fernandeziana","Lactoridaceae","Piperales","woody","non-climbing","non-aquatic","monomorphic","long","mixed","abiotic","abiotic_autonomous","long_short","bisexual_unisexual","superior","none","actinomorphic","dull",1.5,6,6,3,0,0.4,NA,NA,NA,NA,7
"Lantana camara","Verbenaceae","Lamiales","woody","non-climbing","non-aquatic","monomorphic","long","selfing","biotic","biotic","long","bisexual","superior",NA,"zygomorphic","bright",1.05,4,NA,1.5,NA,0.65,11.14,NA,NA,1,1
"Lapageria rosea","Smilacaceae","Liliales","woody","climbing","non-aquatic","monomorphic","long",NA,"biotic","biotic","long","bisexual","inferior_superior","nectar","actinomorphic","bright",8,6,132,3,1,7.5,NA,6,5,6,1
"Larrea tridentata","Zygophyllaceae","Zygophyllales","woody","non-climbing","non-aquatic","monomorphic","long","mixed","biotic","biotic","long","bisexual",NA,"nectar_pollen","actinomorphic","bright",1.6,10,NA,5,NA,2.5,6.44,3,NA,1,1
"Lemna minor","Araceae","Alismatales","herbaceous","non-climbing","aquatic","monomorphic","short",NA,"biotic","abiotic","long","bisexual","superior",NA,NA,"dull",0.06,2,1,1,NA,0.08,NA,5,NA,4,NA
"Lepidobotrys staudtii","Lepidobotryaceae","Celastrales","woody","non-climbing","non-aquatic","dimorphic","long","outcrossing",NA,"autonomous","short","unisexual","superior",NA,"actinomorphic",NA,8,10,2,3,NA,0.63,NA,1,3,2,2
"Limnanthes douglasii","Limnanthaceae","Brassicales","herbaceous","non-climbing","non-aquatic","dimorphic","short","outcrossing","biotic",NA,NA,"bisexual","superior",NA,"actinomorphic","bright",0.515,10,NA,5,NA,2.8,7.12,3,NA,NA,16
"Linum perenne","Linaceae","Malpighiales","herbaceous","non-climbing","non-aquatic","monomorphic","long","outcrossing","biotic",NA,NA,"bisexual","superior",NA,"actinomorphic","bright",0.6,5,2,5,1,3.5,1.4,2,1,NA,16
"Liparis loeselii","Orchidaceae","Asparagales","herbaceous","non-climbing","non-aquatic","monomorphic","long","selfing","abiotic_autonomous","abiotic","long","bisexual","inferior","none","zygomorphic","dull",0.13,1,NA,3,NA,1.05,0.001,NA,NA,5,NA
"Liriodendron chinense","Magnoliaceae","Magnoliales","woody","non-climbing","non-aquatic","monomorphic","long","mixed","biotic","abiotic_autonomous","long_short","bisexual","superior","nectar","actinomorphic","dull",40,60,2,115,0,3.5,NA,4,2,NA,NA
"Loasa heterophylla","Loasaceae","Cornales","herbaceous","non-climbing","non-aquatic","monomorphic","long","outcrossing",NA,NA,NA,"bisexual","inferior","nectar","actinomorphic","bright",NA,6.5,NA,NA,NA,2.3,NA,2,1,NA,15
"Lobelia angulata","Campanulaceae","Asterales","herbaceous","non-climbing","non-aquatic","dimorphic","long","outcrossing","biotic",NA,NA,"bisexual_unisexual","inferior","nectar","zygomorphic","bright",0.21,5,NA,2,NA,1.35,0.08,5,4,NA,17
"Ludwigia adscendens","Onagraceae","Myrtales","herbaceous","non-climbing","aquatic","monomorphic","long",NA,"biotic","abiotic","long","bisexual","inferior",NA,"actinomorphic","bright",0.15,10,7.5,5,NA,3,NA,2,1,NA,3
"Lythrum salicaria","Lythraceae","Myrtales","herbaceous","non-climbing","non-aquatic","monomorphic","long","outcrossing","biotic","abiotic","long","bisexual","superior","nectar_pollen","actinomorphic","bright",1.6,12,NA,2,1,1.8,0.07,3,1,5,3
"Malesherbia linearifolia","Passifloraceae","Malpighiales","herbaceous","non-climbing","non-aquatic","monomorphic","long",NA,"biotic",NA,NA,"bisexual","superior",NA,"actinomorphic","bright",1,5,21.5,3,1,2.5,1.29,3,1,3,NA
"Malpighia emarginata","Malpighiaceae","Malpighiales","woody","non-climbing","non-aquatic","monomorphic","long","outcrossing","biotic","biotic","long","bisexual","superior","other","zygomorphic","bright",7,10,1,3,1,2.25,23.15,4,2,1,1
"Manihot esculenta","Euphorbiaceae","Malpighiales","herbaceous","non-climbing","non-aquatic","monomorphic","long","outcrossing","biotic","biotic","short","unisexual","superior",NA,"actinomorphic","bright",5,10,1,3,1,0.2,114,3,1,1,NA
"Manilkara zapota","Sapotaceae","Ericales","woody","non-climbing","non-aquatic","monomorphic","long","outcrossing","biotic","biotic","long","bisexual","superior",NA,"actinomorphic","bright",40,5.5,1,8.75,1,1.8,126.74,6,2,1,1
"Mappia nimmoniana","Icacinaceae","Icacinales","woody","non-climbing","non-aquatic","dimorphic","long","mixed","biotic","biotic","long","bisexual_unisexual",NA,"nectar_pollen",NA,"bright",15,3,2,1,NA,0.8,NA,1,3,NA,18
"Marathrum rubrum","Podostemaceae","Malpighiales","herbaceous","non-climbing","aquatic","monomorphic","short","selfing","abiotic","abiotic","long","bisexual","superior","none","actinomorphic","bright_dull",0.15,8,940,2,1,0.5,NA,NA,NA,5,NA
"Mayaca fluviatilis","Mayacaceae","Poales","herbaceous","non-climbing","aquatic_non-aquatic","monomorphic","long","selfing","autonomous","abiotic","long","bisexual","superior",NA,"actinomorphic","bright",0.6,3,2,3,1,1,NA,3,1,4,3
"Mazus pumilus","Mazaceae","Lamiales","herbaceous","non-climbing","non-aquatic","monomorphic","short","selfing","biotic","abiotic","long","bisexual","superior","pollen","zygomorphic","bright",0.1,4,183,2,1,0.7,0.01,5,4,5,3
"Medicago sativa","Fabaceae","Fabales","herbaceous","non-climbing","non-aquatic","monomorphic","long","outcrossing","biotic","autonomous","short","bisexual","superior","nectar_pollen","zygomorphic","bright",0.65,10,15,NA,NA,1.75,2.24,5,4,3,5
"Melocactus curvispinus","Cactaceae","Caryophyllales","herbaceous","non-climbing","non-aquatic","monomorphic","long",NA,"biotic","biotic","long","bisexual","inferior","nectar","actinomorphic","bright",0.125,154.5,21.5,16,NA,2.4,0.36,2,1,NA,9
"Menispermum canadense","Menispermaceae","Ranunculales","herbaceous_woody","climbing","non-aquatic","dimorphic","long","outcrossing","biotic","biotic","long","unisexual","superior",NA,"actinomorphic",NA,5,16.5,2,3,NA,0.225,68.67,1,3,2,2
"Menyanthes trifoliata","Menyanthaceae","Asterales","herbaceous","non-climbing","aquatic","monomorphic","long","outcrossing","biotic","abiotic","long","bisexual","superior","nectar","actinomorphic","bright",0.35,5,10,2,1,1.5,2.45,3,1,4,3
"Miconia affinis","Melastomataceae","Myrtales","woody","non-climbing","non-aquatic","monomorphic","long","outcrossing","biotic","biotic","long","bisexual","intermediate",NA,"actinomorphic","bright",5,10,NA,NA,NA,0.5,0.3,6,2,1,1
"Mirabilis jalapa","Nyctaginaceae","Caryophyllales","herbaceous","non-climbing","non-aquatic","monomorphic","long_short","selfing","biotic","autonomous","short","bisexual","superior","nectar","actinomorphic","bright_dull",1,5,1,1,NA,4,79.23,3,1,NA,4
"Misodendrum linearifolium","Misodendraceae","Santalales","woody","non-climbing","non-aquatic","dimorphic",NA,"outcrossing",NA,"abiotic","long","unisexual","inferior",NA,"actinomorphic","dull",0.25,3,1,3,1,0.125,NA,1,3,NA,6
"Mollugo verticillata","Molluginaceae","Caryophyllales","herbaceous","non-climbing","non-aquatic","monomorphic","short",NA,"biotic","autonomous","short","bisexual","superior","nectar_pollen","actinomorphic","bright",0.24,3.5,10,4,1,0.2,0.09,3,1,NA,4
"Monotropa hypopitys","Ericaceae","Ericales","herbaceous","non-climbing","non-aquatic","monomorphic","long","mixed","biotic","autonomous","short","bisexual","superior","nectar","actinomorphic","bright",0.185,9,20,5,1,0.95,0.001,2,1,3,4
"Montinia caryophyllacea","Montiniaceae","Solanales","woody","non-climbing","non-aquatic","dimorphic",NA,"outcrossing",NA,"autonomous","short","unisexual","inferior",NA,"actinomorphic",NA,1.5,4,6,2,1,0.5,5.72,1,3,2,2
"Moringa oleifera","Moringaceae","Brassicales","woody","non-climbing","non-aquatic","monomorphic","long","mixed","biotic","autonomous","short","bisexual","superior",NA,"zygomorphic","bright",12,5,NA,3,1,2,237.33,NA,NA,NA,NA
"Myriophyllum sibiricum","Haloragaceae","Saxifragales","herbaceous","non-climbing","aquatic","monomorphic","long",NA,"biotic",NA,NA,"bisexual_unisexual","inferior",NA,"actinomorphic","bright",6,8,1,4,NA,0.24,NA,2,1,NA,NA
"Myristica fragrans","Myristicaceae","Magnoliales","woody","non-climbing","non-aquatic","dimorphic_monomorphic","long","outcrossing","biotic","biotic","long","unisexual","superior","pollen","actinomorphic","bright",8,9.5,1,1,NA,1,7792.8,1,3,1,18
"Myrtus communis","Myrtaceae","Myrtales","woody","non-climbing","non-aquatic","monomorphic","long","mixed","biotic","biotic","long","bisexual",NA,NA,"actinomorphic","bright",4,145,NA,NA,1,2.5,7.92,NA,5,NA,12
"Narthecium ossifragum","Nartheciaceae","Dioscoreales","herbaceous","non-climbing","non-aquatic","monomorphic","long",NA,"biotic","autonomous","short","bisexual_unisexual","superior",NA,"actinomorphic","bright",0.275,6,NA,NA,NA,2.8,0.1,3,1,3,4
"Nelumbo lutea","Nelumbonaceae","Proteales","herbaceous","non-climbing","aquatic","monomorphic","long","mixed","biotic","abiotic","long","bisexual","superior","other_pollen","actinomorphic","bright",2,400,1,24.75,0,10,NA,2,1,8,13
"Nelumbo nucifera","Nelumbonaceae","Proteales","herbaceous","non-climbing","aquatic","monomorphic","long","outcrossing","biotic","abiotic","long","bisexual","superior","other_pollen","actinomorphic","bright",2,300,1,30,0,18.25,1132.7,2,1,8,13
"Nemesia strumosa","Scrophulariaceae","Lamiales","herbaceous","non-climbing","non-aquatic","monomorphic","short","outcrossing",NA,"abiotic","long","bisexual","superior",NA,"actinomorphic","bright",0.3,4,NA,2.5,NA,2.5,0.24,3,NA,5,3
"Nepenthes macfarlanei","Nepenthaceae","Caryophyllales","woody","climbing","non-aquatic","dimorphic","long","outcrossing","abiotic_biotic","abiotic","long","unisexual",NA,"nectar_none","actinomorphic",NA,3,5,NA,4,NA,1,NA,1,3,2,2
"Nicotiana tabacum","Solanaceae","Solanales","herbaceous","non-climbing","non-aquatic","monomorphic","long_short",NA,"biotic","autonomous","short","bisexual","superior","nectar","actinomorphic_zygomorphic","bright",3,5,NA,2,1,4.25,0.07,NA,4,3,5
"Nolana humifusa","Solanaceae","Solanales","herbaceous","non-climbing","non-aquatic","monomorphic","short","outcrossing","biotic","biotic","long","bisexual","superior","nectar_pollen","actinomorphic","bright",NA,5,NA,16,1,2.6,NA,3,1,NA,NA
"Nothofagus dombeyi","Nothofagaceae","Fagales","woody","non-climbing","non-aquatic","monomorphic","long","outcrossing","abiotic","abiotic","long","unisexual",NA,"none",NA,NA,40,10.5,1,1,NA,NA,11.9,NA,NA,2,6
"Nuphar advena","Nymphaeaceae","Nymphaeales","herbaceous","non-climbing","aquatic","monomorphic","long",NA,"biotic","abiotic","long","bisexual","superior","pollen","actinomorphic","bright",NA,180,NA,16,1,4,NA,3,1,NA,13
"Nymphaea odorata","Nymphaeaceae","Nymphaeales","herbaceous","non-climbing","aquatic","monomorphic","long",NA,"biotic","abiotic_biotic","long","bisexual","intermediate","nectar","actinomorphic_other","bright",NA,77.3333333333333,112.5,20.3333333333333,1,12.5,5.86,2,1,NA,9
"Nymphoides peltata","Menyanthaceae","Asterales","herbaceous","non-climbing","aquatic","monomorphic","long","mixed","biotic","abiotic","long","bisexual","superior","nectar_pollen","actinomorphic","bright",1.075,5,NA,2,1,3.5,0.5,3,1,7,3
"Nyssa ogeche","Nyssaceae","Cornales","woody","non-climbing","non-aquatic","dimorphic","long","outcrossing","biotic","biotic","long","unisexual","inferior",NA,"actinomorphic","bright",20,7.5,NA,NA,NA,NA,337.77,1,3,NA,2
"Ochroma pyramidale","Malvaceae","Malvales","woody","non-climbing","non-aquatic","monomorphic","long","outcrossing","biotic","abiotic","long","bisexual","superior","nectar","actinomorphic_other","bright_dull",30,17.5,NA,5,1,13.5,7.77,NA,2,6,1
"Octoknema borealis","Octoknemaceae","Santalales","woody","non-climbing","non-aquatic","dimorphic","long","outcrossing",NA,NA,NA,"unisexual",NA,NA,"actinomorphic",NA,25,5,1,3,NA,2.4,342.13,1,3,2,2
"Octomeles sumatrana","Tetramelaceae","Cucurbitales","woody","non-climbing","non-aquatic","dimorphic","long","outcrossing",NA,"abiotic","long","unisexual","inferior",NA,"actinomorphic",NA,50,6.5,NA,7,NA,0.5,0.15,1,3,2,2
"Olea europaea","Oleaceae","Lamiales","woody","non-climbing","non-aquatic","monomorphic","long","outcrossing","abiotic","biotic","long","bisexual_unisexual","superior","none","actinomorphic","bright_dull",15,2,2,2,NA,0.325,250.45,1,NA,2,6
"Oryza sativa","Poaceae","Poales","herbaceous","non-climbing","aquatic","monomorphic","short","selfing","abiotic","autonomous","short","bisexual","superior","none","zygomorphic","dull",1,6,1,1,NA,0.9,25.68,5,4,NA,5
"Ottelia acuminata","Hydrocharitaceae","Alismatales","herbaceous","non-climbing","aquatic","dimorphic","long","outcrossing","biotic","abiotic","long","unisexual","superior",NA,NA,"bright",NA,10.5,NA,3,NA,2.25,NA,1,3,NA,NA
"Oxalis corniculata","Oxalidaceae","Oxalidales","herbaceous","non-climbing","non-aquatic","monomorphic","long_short","selfing","biotic","autonomous","short","bisexual","superior","nectar_pollen","actinomorphic","bright",0.09,10,7,5,1,1.2,0.2,3,1,3,4
"Paeonia californica","Paeoniaceae","Saxifragales","herbaceous","non-climbing","non-aquatic","monomorphic","long","outcrossing","biotic",NA,NA,"bisexual","superior","nectar","actinomorphic","bright",0.55,86,17,8,0,4,267.9,2,1,8,NA
"Panax quinquefolius","Araliaceae","Apiales","herbaceous","non-climbing","non-aquatic","monomorphic","long","mixed","biotic","biotic","long","bisexual_unisexual","inferior",NA,"actinomorphic","dull",0.35,5,1.5,2,1,0.3,27.75,2,1,NA,NA
"Pandanus tectorius","Pandanaceae","Pandanales","woody","non-climbing","non-aquatic","dimorphic","long","outcrossing","abiotic_biotic","abiotic_biotic","long","unisexual","superior","none",NA,"bright_dull",5,15,1,11.75,NA,NA,NA,1,3,2,2
"Pennantia corymbosa","Pennantiaceae","Apiales","woody","non-climbing","non-aquatic","dimorphic","long","outcrossing","biotic","biotic","long","unisexual","superior",NA,"actinomorphic","bright_dull",10,5,0.666666666666667,3,1,0.75,16.95,1,3,2,2
"Perrottetia ovata","Dipentodontaceae","Huerteales","woody","non-climbing","non-aquatic","dimorphic","long","outcrossing",NA,NA,NA,"unisexual","superior",NA,NA,NA,9.6,5,4,2,1,NA,NA,1,3,2,2
"Petrosavia sakuraii","Petrosaviaceae","Petrosaviales","herbaceous","non-climbing","non-aquatic","monomorphic","long","selfing","biotic",NA,NA,"bisexual","intermediate","nectar","actinomorphic","bright",0.2,6,NA,3,NA,0.5,NA,2,1,4,10
"Petunia axillaris","Solanaceae","Solanales","herbaceous","non-climbing","non-aquatic","monomorphic","short","mixed","biotic","autonomous","short","bisexual","superior",NA,"actinomorphic","bright",0.6,4,NA,2,NA,7.75,NA,3,1,3,4
"Peumus boldus","Monimiaceae","Laurales","woody","non-climbing","non-aquatic","dimorphic","long","outcrossing","biotic","biotic","long","unisexual","superior",NA,"actinomorphic",NA,5,38.5,1,5,0,NA,1000,1,3,NA,2
"Phelline comosa","Phellinaceae","Asterales","woody","non-climbing","non-aquatic","dimorphic","long","outcrossing",NA,NA,NA,"unisexual","superior",NA,"actinomorphic","bright",NA,4,1,4.5,1,0.65,NA,1,3,2,2
"Phoenix dactylifera","Arecaceae","Arecales","woody","non-climbing","non-aquatic","dimorphic","long","outcrossing","abiotic_biotic","biotic","long","unisexual","superior","none","actinomorphic","bright_dull",30,6,NA,3,NA,1.6,1076.15,1,3,2,2
"Phormium tenax","Asphodelaceae","Asparagales","herbaceous","non-climbing","non-aquatic","monomorphic","long","outcrossing","biotic","abiotic","long","bisexual","intermediate_superior","nectar","zygomorphic","bright",5,6,NA,3,NA,3.75,7.63,NA,4,NA,3
"Phragmites australis","Poaceae","Poales","herbaceous","non-climbing","aquatic","monomorphic","long","outcrossing","abiotic","abiotic","long","bisexual_unisexual","superior","none",NA,"dull",5.3,2.5,1,3,NA,0.175,0.1,NA,NA,NA,NA
"Phryma leptostachya","Phrymaceae","Lamiales","herbaceous","non-climbing","non-aquatic","monomorphic","long",NA,"biotic",NA,NA,"bisexual","superior",NA,"zygomorphic","bright",0.7,4,1,2,1,NA,5.92,5,4,NA,11
"Phyllanthus niruri","Phyllanthaceae","Malpighiales","herbaceous","non-climbing","non-aquatic","monomorphic","short","outcrossing",NA,"abiotic","long","unisexual","superior",NA,"actinomorphic","bright",0.45,3,NA,3,NA,0.1,NA,NA,NA,4,3
"Physena madagascariensis","Physenaceae","Caryophyllales","woody","non-climbing","non-aquatic","dimorphic","long","outcrossing","abiotic",NA,NA,"unisexual","superior","none","actinomorphic","dull",7.5,10,1,2,1,NA,NA,1,3,2,6
"Picramnia polyantha","Picramniaceae","Picramniales","woody","non-climbing","non-aquatic","dimorphic","long","outcrossing",NA,"biotic","long","unisexual","superior","nectar","actinomorphic","bright",NA,5.5,2,2,1,NA,NA,1,3,NA,2
"Pinguicula alpina","Lentibulariaceae","Lamiales","herbaceous","non-climbing","non-aquatic","monomorphic","long","outcrossing","biotic","autonomous","short","bisexual",NA,NA,NA,"bright",0.085,NA,75,2,NA,1.3,0.02,2,1,3,5
"Piper amalago","Piperaceae","Piperales","woody","non-climbing","non-aquatic","monomorphic","long","outcrossing","biotic","biotic","long","bisexual",NA,NA,"actinomorphic","bright",3,5,NA,NA,NA,NA,1.36,6,2,1,1
"Piper arboreum","Piperaceae","Piperales","woody","non-climbing","non-aquatic","monomorphic","long","outcrossing","abiotic_biotic","biotic","long","unisexual",NA,"none","actinomorphic","bright",5,4,NA,NA,NA,0.1,1.01,1,NA,2,8
"Pitcairnia albiflos","Bromeliaceae","Poales","herbaceous","non-climbing","non-aquatic","monomorphic","long","mixed","biotic",NA,NA,"bisexual","intermediate","nectar","actinomorphic","bright",0.7,6,NA,3,NA,5,NA,2,1,3,15
"Pittosporum dasycaulon","Pittosporaceae","Apiales","woody","non-climbing","non-aquatic","monomorphic","long","outcrossing","biotic","autonomous","short","bisexual_unisexual","superior","pollen","zygomorphic","bright",8,5,5.5,NA,NA,1.14,NA,NA,2,1,NA
"Plantago lanceolata","Plantaginaceae","Lamiales","herbaceous","non-climbing","non-aquatic","dimorphic","long","outcrossing","abiotic_biotic","autonomous","short","bisexual_unisexual","superior","none_pollen","actinomorphic","bright_dull",0.13,4,NA,2,1,0.4,1.35,1,3,3,NA
"Platea latifolia","Metteniusaceae","Metteniusales","woody","non-climbing","non-aquatic","dimorphic","long","outcrossing",NA,"biotic","long","unisexual","superior",NA,"actinomorphic","dull",15.5,5,1,2,1,0.2,NA,1,3,2,8
"Plocosperma buxifolium","Plocospermataceae","Lamiales","woody","non-climbing","non-aquatic","dimorphic","long","outcrossing",NA,"biotic","long","unisexual","superior",NA,"zygomorphic","bright",3.5,5,1.5,2,1,0.8,20.72,1,3,2,2
"Plumbago auriculata","Plumbaginaceae","Caryophyllales","woody","non-climbing","non-aquatic","monomorphic","long","outcrossing","biotic","biotic","long","bisexual","superior","nectar","actinomorphic","bright",0.85,5,1,1,NA,3.3,14.75,6,2,1,1
"Podophyllum peltatum","Berberidaceae","Ranunculales","herbaceous","non-climbing","non-aquatic","monomorphic","long","outcrossing","biotic","biotic","long","bisexual","superior",NA,"actinomorphic","bright",0.45,15,43.3,1,NA,5,NA,2,1,7,NA
"Poeppigia procera","Fabaceae","Fabales","woody","non-climbing","non-aquatic","monomorphic","long","outcrossing","biotic",NA,NA,"bisexual","superior","pollen","actinomorphic",NA,15,10,8,1,NA,NA,NA,4,2,1,1
"Polycarpon tetraphyllum","Caryophyllaceae","Caryophyllales","herbaceous","non-climbing","non-aquatic","monomorphic","short",NA,"biotic","biotic","long","bisexual","superior",NA,"actinomorphic","bright",0.225,2.75,NA,NA,NA,0.2,0.07,NA,NA,4,9
"Polygala lewtonii","Polygalaceae","Fabales","herbaceous","non-climbing","non-aquatic","monomorphic","long","mixed","biotic","biotic","short","bisexual","superior","nectar","zygomorphic","bright",0.2,8,1,2,NA,0.7,NA,5,4,3,5
"Pontederia crassipes","Pontederiaceae","Commelinales","herbaceous","non-climbing","aquatic","monomorphic","long_short","outcrossing","biotic","abiotic_biotic","long","bisexual","superior",NA,"zygomorphic","bright",0.4,6,NA,3,1,6,NA,5,4,7,9
"Populus alba","Salicaceae","Malpighiales","woody","non-climbing","non-aquatic","dimorphic","long","outcrossing","abiotic","abiotic","long","unisexual","superior","none","actinomorphic","dull",20,9,NA,NA,NA,NA,0.32,1,3,2,6
"Portulaca oleracea","Portulacaceae","Caryophyllales","herbaceous","non-climbing","non-aquatic","monomorphic","short","selfing","biotic","biotic","long","bisexual","intermediate",NA,"actinomorphic","bright",0.3,9.5,60,4.5,1,0.75,0.14,2,1,5,3
"Posidonia australis","Posidoniaceae","Alismatales","herbaceous","non-climbing","aquatic","monomorphic","long","mixed","abiotic","abiotic","long","bisexual","superior","none",NA,"dull",0.3,3,1,1,NA,NA,NA,NA,NA,NA,NA
"Posoqueria latifolia","Rubiaceae","Gentianales","woody","non-climbing","non-aquatic","monomorphic","long","outcrossing","biotic","biotic","long","bisexual","inferior","nectar","zygomorphic","bright",14,5,NA,2,1,NA,26.63,6,2,1,1
"Potamogeton berchtoldii","Potamogetonaceae","Alismatales","herbaceous","non-climbing","aquatic","monomorphic","long_short",NA,"abiotic","abiotic","long","unisexual",NA,"none",NA,"dull",NA,4,1,4,0,NA,1.11,NA,NA,NA,7
"Primula sieboldii","Primulaceae","Ericales","herbaceous","non-climbing","non-aquatic","monomorphic","long","outcrossing","biotic","autonomous","short","bisexual","superior","nectar","actinomorphic","bright",0.185,5,13,5,1,1.5,0.24,3,1,3,4
"Prionotes cerinthoides","Ericaceae","Ericales","herbaceous","climbing","non-aquatic","monomorphic","long",NA,"biotic",NA,NA,"bisexual","superior","nectar","actinomorphic","bright",1,5,NA,5,1,2.225,NA,3,1,3,15
"Prunus persica","Rosaceae","Rosales","woody","non-climbing","non-aquatic","monomorphic","long","mixed","biotic","biotic","long","bisexual","superior","nectar","actinomorphic","bright",7,46,2,1,NA,1.3,2792.31,6,2,1,1
"Putranjiva roxburghii","Putranjivaceae","Malpighiales","woody","non-climbing","non-aquatic","dimorphic","long","outcrossing","abiotic",NA,NA,"unisexual","superior","none","actinomorphic","bright_dull",12,3.16666666666667,2,3,1,0.625,568.18,1,3,2,8
"Qualea grandiflora","Vochysiaceae","Myrtales","woody","non-climbing","non-aquatic","monomorphic","long","outcrossing","biotic","abiotic","long","bisexual","superior",NA,"zygomorphic","bright",12,1,56,3,1,2,NA,4,2,NA,NA
"Quercus rubra","Fagaceae","Fagales","woody","non-climbing","non-aquatic","monomorphic","long","outcrossing","abiotic","biotic","long","unisexual","inferior","none","actinomorphic","dull",30,6,2,3,NA,NA,3143.26,1,3,2,6
"Quinchamalium chilense","Schoepfiaceae","Santalales","herbaceous","non-climbing","non-aquatic","monomorphic","long",NA,"biotic",NA,NA,"bisexual","inferior","nectar","actinomorphic","bright",0.2125,5,1,1,NA,1.2025,2.63,2,1,NA,10
"Quintinia hyehenensis","Paracryphiaceae","Paracryphiales","woody","non-climbing","non-aquatic","dimorphic","long","outcrossing",NA,NA,NA,"unisexual","inferior",NA,NA,"bright",6.25,5,NA,4.5,NA,0.5,NA,1,3,2,2
"Rafflesia keithii","Rafflesiaceae","Malpighiales",NA,NA,NA,"dimorphic","long","outcrossing","biotic","biotic","long_short","unisexual","inferior",NA,"actinomorphic","bright_dull",NA,40,NA,NA,NA,80,NA,1,3,NA,2
"Ranunculus acris","Ranunculaceae","Ranunculales","herbaceous","non-climbing","non-aquatic","monomorphic","long","outcrossing","biotic","biotic","long","bisexual","superior","nectar_pollen","actinomorphic","bright",0.575,60,1,20,0,2.15,1.72,2,1,8,NA
"Ranunculus ficaria","Ranunculaceae","Ranunculales","herbaceous","non-climbing","non-aquatic","monomorphic","long","outcrossing","biotic","biotic","short","bisexual","superior","nectar_pollen","actinomorphic","bright",0.215,25,1,15,NA,3.1875,NA,2,1,8,NA
"Ravenala madagascariensis","Strelitziaceae","Zingiberales","woody","non-climbing","non-aquatic","monomorphic","long","mixed","biotic","biotic","long","bisexual","inferior","nectar_pollen","zygomorphic","bright",13.5,6,12.5,3,1,19,243.52,4,5,6,1
"Reseda lutea","Resedaceae","Brassicales","herbaceous","non-climbing","non-aquatic","dimorphic","long_short","outcrossing","biotic","biotic","long","bisexual","superior",NA,"zygomorphic","bright_dull",40,20,NA,3,NA,0.6,0.76,NA,NA,NA,NA
"Rhexia virginica","Melastomataceae","Myrtales","herbaceous","non-climbing","non-aquatic","monomorphic","long",NA,"biotic",NA,NA,"bisexual",NA,NA,"actinomorphic","bright",0.75,8,NA,4,NA,3.5,0.02,2,1,NA,15
"Rhizophora stylosa","Rhizophoraceae","Malpighiales","woody","non-climbing","non-aquatic","monomorphic","long","mixed","abiotic","abiotic","long","bisexual","inferior","none","actinomorphic","bright_dull",13.5,8,2,2,1,NA,32835,NA,5,NA,7
"Ribes aureum","Grossulariaceae","Saxifragales","woody","non-climbing","non-aquatic","monomorphic","long","outcrossing","biotic",NA,NA,"bisexual","inferior","nectar","actinomorphic","bright",2,5,NA,2,NA,1.6,1.67,6,2,NA,1
"Roridula dentata","Roridulaceae","Ericales","woody","non-climbing","non-aquatic","monomorphic","long","selfing","autonomous_biotic","autonomous","short","bisexual","superior","none","actinomorphic","bright_dull",2,5,1,3,1,2.5,NA,4,2,NA,NA
"Roridula gorgonias","Roridulaceae","Ericales","herbaceous_woody","non-climbing","non-aquatic","monomorphic","long","selfing","autonomous_biotic","autonomous","short","bisexual","intermediate","none","actinomorphic","bright_dull",1,5,3,3,1,2.5,1.14,2,1,3,4
"Roupala montana","Proteaceae","Proteales","woody","non-climbing","non-aquatic","monomorphic","long","outcrossing","biotic","abiotic","long","bisexual","superior","nectar","actinomorphic","bright",6,4,2,1,NA,0.775,47,4,2,1,1
"Rourea induta","Connaraceae","Oxalidales","woody","non-climbing","non-aquatic","monomorphic","long","outcrossing","biotic",NA,NA,"bisexual",NA,NA,NA,NA,4,10,NA,NA,NA,1.1,NA,4,2,1,1
"Ruellia ciliatiflora","Acanthaceae","Lamiales","herbaceous_woody","non-climbing","non-aquatic","monomorphic","long","mixed","biotic",NA,NA,"bisexual",NA,NA,"zygomorphic","bright",0.525,4,NA,NA,NA,5.5,1.99,5,4,3,11
"Ruta graveolens","Rutaceae","Sapindales","woody","non-climbing","non-aquatic","monomorphic","long",NA,"biotic","autonomous","short","bisexual","superior","nectar_pollen","actinomorphic","bright",1,9,4,4,1,NA,2.03,4,2,NA,NA
"Sagina procumbens","Caryophyllaceae","Caryophyllales","herbaceous","non-climbing","non-aquatic","monomorphic","long","selfing","autonomous_biotic","autonomous","short","bisexual","superior","nectar","actinomorphic","dull",0.2,4,28,4,NA,0.2,0.02,3,1,NA,4
"Sagittaria latifolia","Alismataceae","Alismatales","herbaceous","non-climbing","non-aquatic","dimorphic_monomorphic","long","outcrossing","biotic","abiotic","long","unisexual","superior",NA,"actinomorphic","bright",1,30,NA,6,NA,4,0.56,3,1,NA,9
"Salpiglossis sinuata","Solanaceae","Solanales","herbaceous","non-climbing","non-aquatic","monomorphic","short","outcrossing","autonomous_biotic","autonomous","short","bisexual","superior",NA,"zygomorphic","bright",1,4,NA,2,1,5.5,0.1,5,4,3,5
"Santalum spicatum","Santalaceae","Santalales","woody","non-climbing","non-aquatic","monomorphic","long","outcrossing","biotic","biotic","long","bisexual","inferior","nectar_other","actinomorphic","bright_dull",6,4,1,3,NA,0.6,1556.12,NA,2,1,1
"Sarracenia purpurea","Sarraceniaceae","Ericales","herbaceous","non-climbing","non-aquatic","monomorphic","long","outcrossing","biotic","autonomous","short","bisexual","superior","nectar","actinomorphic","bright_dull",0.25,65,282,5,1,6,1.76,3,1,NA,4
"Saxifraga cernua","Saxifragaceae","Saxifragales","herbaceous","non-climbing","non-aquatic","dimorphic_monomorphic","long","outcrossing","biotic","abiotic_biotic","long","bisexual","intermediate","nectar","actinomorphic","bright",0.155,10,232,2,0.7,15,NA,2,1,7,3
"Scaevola montana","Goodeniaceae","Asterales","woody","non-climbing","non-aquatic","monomorphic",NA,"outcrossing","biotic","biotic","long","bisexual",NA,"nectar",NA,"bright",NA,NA,NA,NA,NA,NA,NA,6,5,1,1
"Schinus molle","Anacardiaceae","Sapindales","woody","non-climbing","non-aquatic","dimorphic","long","outcrossing","biotic","abiotic_biotic","long","unisexual","superior",NA,"actinomorphic","bright_dull",8.5,10,1,3,1,NA,30.75,1,3,2,2
"Schisandra chinensis","Schisandraceae","Austrobaileyales","herbaceous","climbing","non-aquatic","monomorphic","long","mixed","biotic",NA,NA,"unisexual","superior",NA,"actinomorphic","bright",9,5.5,2.5,27,0,NA,6.88,2,1,8,13
"Schizanthus grahamii","Solanaceae","Solanales","herbaceous","non-climbing","non-aquatic","monomorphic","short","mixed","biotic",NA,NA,"bisexual","superior",NA,"zygomorphic","bright",0.5,2,NA,2,1,2.9,1.23,5,4,3,11
"Scleranthus annuus","Caryophyllaceae","Caryophyllales","herbaceous","non-climbing","non-aquatic","dimorphic_monomorphic","short","mixed","autonomous_biotic","autonomous","short","bisexual","superior","nectar_none","actinomorphic","bright_dull",0.135,3.5,1,2,1,0.15,1.21,NA,NA,3,4
"Senecio vulgaris","Asteraceae","Asterales","herbaceous","non-climbing","non-aquatic","monomorphic","short",NA,"biotic","abiotic","long","bisexual","inferior",NA,"actinomorphic","bright",NA,5,0.5,2,NA,0.55,0.21,2,NA,4,3
"Sesamum indicum","Pedaliaceae","Lamiales","herbaceous","non-climbing","non-aquatic","monomorphic","short","mixed","biotic","autonomous","short","bisexual","superior","nectar","zygomorphic","bright",1.2,4,32.5,2,1,2.4,2.21,5,4,3,5
"Sextonia rubra","Lauraceae","Laurales","woody","non-climbing","non-aquatic","monomorphic","long","outcrossing","biotic","autonomous_biotic","long_short","bisexual","superior","other","actinomorphic","bright",40,9,1,1,NA,NA,NA,4,2,1,1
"Silene vulgaris","Caryophyllaceae","Caryophyllales","herbaceous","non-climbing","non-aquatic","dimorphic","long","mixed","biotic","abiotic","long","bisexual_unisexual","superior","nectar_other","actinomorphic_zygomorphic","bright",0.6,10,NA,NA,1,2.1,1.22,NA,4,7,3
"Simmondsia chinensis","Simmondsiaceae","Caryophyllales","woody","non-climbing","non-aquatic","dimorphic","long","outcrossing","abiotic","biotic","long","unisexual","superior","none","actinomorphic","bright_dull",2.5,10,NA,3,1,0.4,546.9,1,3,2,8
"Sinia rhodoleuca","Ochnaceae","Malpighiales","woody","non-climbing","non-aquatic","monomorphic","long",NA,NA,"abiotic","long","bisexual","superior",NA,NA,"bright",1.15,5,NA,3,NA,0.525,NA,4,2,NA,19
"Sinojackia xylocarpa","Styracaceae","Ericales","woody","non-climbing","non-aquatic","monomorphic","long","outcrossing","biotic",NA,NA,"bisexual","intermediate",NA,"actinomorphic","bright",6,13,7,3,1,1.75,NA,6,2,1,1
"Solanum dulcamara","Solanaceae","Solanales","herbaceous","climbing_non-climbing","non-aquatic","monomorphic","long","mixed","biotic","biotic","long","bisexual","superior","pollen","actinomorphic","bright",1.15,5,15,2,1,1.25,26.44,3,1,NA,NA
"Souroubea guianensis","Marcgraviaceae","Ericales","woody","climbing","non-aquatic","monomorphic",NA,"outcrossing","biotic","biotic","long","bisexual",NA,"nectar_other",NA,"bright",NA,5,NA,NA,NA,1.4,NA,4,2,1,1
"Spergularia marina","Caryophyllaceae","Caryophyllales","herbaceous","non-climbing","non-aquatic","monomorphic","short","selfing","autonomous","abiotic","long","bisexual","superior","nectar","actinomorphic","bright_dull",0.2,4.33333333333333,114,NA,NA,0.65,0.05,3,NA,5,3
"Spigelia marilandica","Loganiaceae","Gentianales","herbaceous","non-climbing","non-aquatic","monomorphic","long",NA,"biotic","autonomous","short","bisexual","superior",NA,"actinomorphic","bright_dull",0.45,5,NA,2,1,3.75,NA,3,1,3,4
"Spiranthes cernua","Orchidaceae","Asparagales","herbaceous","non-climbing","non-aquatic","monomorphic","long","mixed","autonomous_biotic","abiotic","long","bisexual","inferior",NA,"zygomorphic","bright_dull",0.3,1,NA,3,1,1.5,0.004,5,4,5,3
"Spondias tuberosa","Anacardiaceae","Sapindales","woody","non-climbing","non-aquatic","monomorphic","long","outcrossing","biotic","biotic","long","bisexual",NA,NA,"actinomorphic","bright",6,10,1,4.5,NA,NA,1400,6,2,1,1
"Staphylea trifolia","Staphyleaceae","Crossosomatales","woody","non-climbing","non-aquatic","monomorphic","long","outcrossing","biotic","abiotic","long","bisexual","superior","nectar_pollen","actinomorphic","bright_dull",3.1225,5,9,2.5,1,0.83,50.64,NA,2,1,1
"Stellaria media","Caryophyllaceae","Caryophyllales","herbaceous","non-climbing","non-aquatic","monomorphic","long_short","selfing","autonomous_biotic","autonomous","short","bisexual","superior","nectar","actinomorphic","bright_dull",0.2,5.5,NA,NA,NA,0.525,0.38,3,1,3,4
"Sterculia apetala","Malvaceae","Malvales","woody","non-climbing","non-aquatic","monomorphic","long","outcrossing","biotic","biotic","long","bisexual_unisexual","superior",NA,"actinomorphic","bright_dull",35,15,11,5,0.2,2,1898.5,NA,NA,NA,14
"Stylidium graminifolium","Stylidiaceae","Asterales","herbaceous","non-climbing","non-aquatic","monomorphic","long","outcrossing","biotic","autonomous","short","bisexual","inferior",NA,"zygomorphic","bright",2.025,2,90,2,1,1,0.18,4,4,3,5
"Swietenia macrophylla","Meliaceae","Sapindales","woody","non-climbing","non-aquatic","monomorphic","long","outcrossing","biotic","abiotic","long","unisexual","superior",NA,"actinomorphic","bright_dull",30,10,14,5,1,1,555.13,NA,NA,6,NA
"Syringa vulgaris","Oleaceae","Lamiales","woody","non-climbing","non-aquatic","monomorphic","long",NA,"biotic","biotic","long","bisexual","superior","nectar_pollen","actinomorphic","bright",6,2,2,2,1,1,5.57,4,2,1,1
"Tacca chantrieri","Taccaceae","Dioscoreales","herbaceous","non-climbing","non-aquatic","monomorphic","long","selfing","autonomous_biotic","biotic","long","bisexual","inferior",NA,"actinomorphic","bright_dull",0.75,6,285,3,NA,1.75,5.69,2,1,5,3
"Tacca leontopetaloides","Taccaceae","Dioscoreales","herbaceous","non-climbing","non-aquatic","monomorphic","long",NA,"biotic",NA,NA,"bisexual","inferior",NA,"actinomorphic","bright_dull",1,6,23,3,NA,NA,22.93,2,1,NA,15
"Talinum paniculatum","Talinaceae","Caryophyllales","herbaceous","non-climbing","non-aquatic","monomorphic","long",NA,"biotic","autonomous","short","bisexual","superior",NA,"actinomorphic","bright",0.65,15.75,19,3,NA,0.84,0.58,3,1,3,4
"Tectona grandis","Lamiaceae","Lamiales","woody","non-climbing","non-aquatic","monomorphic","long","outcrossing","biotic","abiotic","long","bisexual","superior","nectar","actinomorphic","bright",40,6,NA,NA,NA,0.55,696.37,4,2,1,1
"Tetracentron sinense","Trochodendraceae","Trochodendrales","woody","non-climbing","non-aquatic","monomorphic","long","mixed","abiotic_biotic","abiotic","long","bisexual","intermediate","nectar_none_pollen","actinomorphic","bright_dull",40,4,6,4,0.8,0.15,0.15,4,5,NA,NA
"Tetratheca aphylla","Elaeocarpaceae","Oxalidales","woody","non-climbing","non-aquatic","monomorphic","long","outcrossing","biotic","autonomous_biotic","short","bisexual","superior","pollen",NA,"bright",1.9,10,1,3,NA,0.9,NA,4,2,1,1
"Tetroncium magellanicum","Juncaginaceae","Alismatales","herbaceous","non-climbing","aquatic","dimorphic","long","outcrossing","abiotic","biotic","long","unisexual","superior","none","other","bright",0.2,4,1,4,0.3,0.9,NA,NA,NA,NA,8
"Thalictrum minus","Ranunculaceae","Ranunculales","herbaceous","non-climbing","non-aquatic","monomorphic","long",NA,"abiotic_biotic","autonomous","short","bisexual","superior","none_pollen","actinomorphic","bright_dull",0.825,12.5,1,7.75,0,0.7,2.08,2,1,8,NA
"Theobroma cacao","Malvaceae","Malvales","woody","non-climbing","non-aquatic","monomorphic","long","mixed","biotic","biotic","long","bisexual","superior","nectar","actinomorphic","bright",18,5,NA,5,1,1,1892.8,6,2,1,1
"Thymelaea hirsuta","Thymelaeaceae","Malvales","woody","non-climbing","non-aquatic","dimorphic_monomorphic","long","outcrossing","abiotic_biotic","biotic","long","unisexual","superior","none","actinomorphic","dull",1.6,8,1,1,NA,2.88666666666667,3.07,1,3,2,6
"Titanotrichum oldhamii","Gesneriaceae","Lamiales","herbaceous","non-climbing","non-aquatic","monomorphic","long","mixed","biotic",NA,NA,"bisexual","superior",NA,"zygomorphic","bright",0.35,4,NA,NA,NA,3.5,NA,5,4,3,17
"Trachelium caeruleum","Campanulaceae","Asterales","herbaceous","non-climbing","non-aquatic","monomorphic","long",NA,"biotic","autonomous","short","bisexual","inferior","nectar_pollen","actinomorphic","bright",1,5,NA,NA,NA,0.5,0.01,2,1,3,4
"Tragopogon dubius","Asteraceae","Asterales","herbaceous","non-climbing","non-aquatic","monomorphic","short","selfing","biotic","abiotic_biotic","long","bisexual","inferior",NA,"zygomorphic","bright",0.7,5,1,2,1,NA,9.17,5,4,4,3
"Tribulus terrestris","Zygophyllaceae","Zygophyllales","herbaceous","non-climbing","non-aquatic","monomorphic","short",NA,"biotic","biotic","long","bisexual","superior","nectar_pollen","actinomorphic","bright",0.35,10,20,5,1,0.9,16.53,3,NA,5,9
"Trichilia emetica","Meliaceae","Sapindales","woody","non-climbing","non-aquatic","dimorphic","long","outcrossing","biotic","biotic","long","unisexual","superior",NA,"actinomorphic",NA,30,10,2,3,1,1.6,701.96,1,3,NA,2
"Trillium erectum","Melanthiaceae","Liliales","herbaceous","non-climbing","non-aquatic","monomorphic","long","mixed","biotic","biotic","short","bisexual","superior",NA,"actinomorphic","bright_dull",0.3,6,NA,3,NA,6.5,NA,3,1,3,NA
"Trithuria submersa","Hydatellaceae","Nymphaeales","herbaceous","non-climbing","aquatic","monomorphic","short","selfing","abiotic","autonomous","short","unisexual","superior","none","actinomorphic","bright",0.075,1,1,1,NA,1,NA,NA,NA,NA,4
"Trochocarpa laurina","Ericaceae","Ericales","woody","non-climbing","non-aquatic","monomorphic","long","outcrossing","biotic","abiotic_biotic","long","bisexual","superior",NA,"actinomorphic","bright",13,10,1,10,1,0.25,24.63,4,2,1,1
"Tropaeolum majus","Tropaeolaceae","Brassicales","herbaceous","climbing_non-climbing","non-aquatic","monomorphic","long_short",NA,"biotic","abiotic","long","bisexual","superior","nectar_pollen","zygomorphic","bright",2,8,NA,NA,NA,4.45,146.7,5,4,NA,9
"Tropaeolum tricolor","Tropaeolaceae","Brassicales","herbaceous","non-climbing","non-aquatic","monomorphic","long",NA,"biotic",NA,NA,"bisexual","superior",NA,"zygomorphic","bright",2,8,1,3,1,3,23.5,5,4,NA,5
"Turnera ulmifolia","Passifloraceae","Malpighiales","woody","non-climbing","non-aquatic","monomorphic","long","mixed","biotic","biotic","short","bisexual","superior",NA,"actinomorphic","bright",0.875,5,504.5,3,1,5,1.12,3,2,NA,1
"Typha latifolia","Typhaceae","Poales","herbaceous","non-climbing","non-aquatic","monomorphic","long",NA,"abiotic","abiotic","long","unisexual","superior","none",NA,"dull",2.25,2,1,1,NA,0.55,0.13,NA,NA,NA,7
"Urtica dioica","Urticaceae","Rosales","herbaceous","non-climbing","non-aquatic","dimorphic","long","outcrossing","abiotic","biotic","long","unisexual","superior","none","actinomorphic_other","dull",1.75,4,1,1,NA,0.14,0.16,NA,NA,NA,6
"Vaccinium uliginosum","Ericaceae","Ericales","woody","non-climbing","non-aquatic","monomorphic","long","mixed","biotic","biotic","long","bisexual","inferior","nectar","actinomorphic","bright_dull",0.6,9,NA,3.5,1,0.6,0.28,4,2,NA,1
"Valeriana officinalis","Caprifoliaceae","Dipsacales","herbaceous","non-climbing","non-aquatic","monomorphic","long","outcrossing","biotic","abiotic","long","bisexual","inferior","nectar_pollen","other","bright",0.75,3,1,3,NA,0.5,1.24,2,1,NA,3
"Vellozia squamata","Velloziaceae","Pandanales","woody","non-climbing","non-aquatic","monomorphic","long","outcrossing","biotic",NA,NA,"bisexual",NA,NA,"actinomorphic","bright",NA,6,NA,NA,NA,15,NA,6,5,6,1
"Verbascum thapsus","Scrophulariaceae","Lamiales","herbaceous","non-climbing","non-aquatic","monomorphic","short","mixed","biotic","biotic","long","bisexual","superior","nectar_pollen","zygomorphic","bright",2,5,NA,2,1,1.5,0.1,5,4,5,NA
"Veronica anagallis-aquatica","Plantaginaceae","Lamiales","herbaceous","non-climbing","non-aquatic","monomorphic","long","selfing","abiotic_biotic","abiotic","long","bisexual","superior","none","zygomorphic","bright",0.55,2,NA,2,NA,0.625,0.06,5,4,4,NA
"Viburnum rufidulum","Adoxaceae","Dipsacales","woody","non-climbing","non-aquatic","monomorphic","long","outcrossing","biotic","biotic","long","bisexual","inferior","pollen","actinomorphic","bright",6,5,NA,NA,NA,0.63,81.11,4,2,1,1
"Viola pubescens","Violaceae","Malpighiales","herbaceous","non-climbing","non-aquatic","monomorphic","long","mixed","autonomous_biotic","autonomous_biotic","short","bisexual","superior",NA,"zygomorphic","bright",0.275,5,9,3,1,2.6,1.98,5,4,3,5
"Vitex negundo","Lamiaceae","Lamiales","woody","non-climbing","non-aquatic","monomorphic","long","outcrossing","biotic",NA,NA,"bisexual",NA,"nectar","zygomorphic","bright",1.5,4,2,2,NA,0.55,22.2,6,2,1,1
"Vitis labrusca","Vitaceae","Vitales","woody","climbing","non-aquatic","monomorphic","long",NA,"biotic","biotic","long","bisexual","superior",NA,"actinomorphic","dull",16,5,NA,NA,NA,0.2,54.65,NA,2,1,14
"Viviania marifolia","Francoaceae","Geraniales","herbaceous","non-climbing","non-aquatic","monomorphic","long","outcrossing","biotic","abiotic_biotic","long","bisexual","superior","nectar","actinomorphic","bright",4,10,2,3,1,0.7,1.56,3,1,NA,19
"Vriesea carinata","Bromeliaceae","Poales","herbaceous","non-climbing","non-aquatic","monomorphic","long","mixed","biotic","abiotic","long","bisexual","superior",NA,"actinomorphic_zygomorphic","bright",0.3,6,NA,3,NA,4,0.24,3,4,7,3
"Warburgia ugandensis","Canellaceae","Canellales","woody","non-climbing","non-aquatic","monomorphic","long","outcrossing","biotic","biotic","long","bisexual","superior",NA,"actinomorphic","bright_dull",23.5,10,5.5,5,1,2,5780,NA,2,6,1
"Wurmbea biglandulosa","Colchicaceae","Liliales","herbaceous","non-climbing","non-aquatic","dimorphic_monomorphic","long","outcrossing","biotic","autonomous","short","bisexual_unisexual","superior","nectar","actinomorphic","bright",0.1675,6,21.5,3,NA,1.6375,0.87,3,1,3,4
"Xanthosoma sagittifolium","Araceae","Alismatales","herbaceous","non-climbing","non-aquatic","monomorphic","long",NA,"biotic","autonomous_biotic","long_short","unisexual","superior","other",NA,"bright",2,5,35,4.25,1,NA,NA,3,1,7,5
"Ximenia americana","Ximeniaceae","Santalales","woody","non-climbing","non-aquatic","monomorphic","long","outcrossing","biotic","abiotic_biotic","long","bisexual","superior",NA,"actinomorphic","bright_dull",5,7.33333333333333,1,4,NA,1.2,866.86,NA,2,1,1
"Zea mays","Poaceae","Poales","herbaceous","non-climbing","non-aquatic","monomorphic","short","outcrossing","abiotic","biotic","long","unisexual","superior","none",NA,"dull",3.25,3,1,1,NA,0.745,305.7,NA,NA,NA,6
"Zelkova serrata","Ulmaceae","Rosales","woody","non-climbing","non-aquatic","monomorphic","long","outcrossing","abiotic","abiotic","long","bisexual_unisexual","superior","none",NA,"dull",30,7,1,2,NA,0.9,19.1,NA,NA,2,7
"Zostera marina","Zosteraceae","Alismatales","herbaceous","non-climbing","aquatic","monomorphic","long","mixed","abiotic","abiotic","long","unisexual",NA,"none",NA,"dull",0.7,1,1,2,NA,0.6,3.55,NA,NA,NA,7
