"","NTaxDat","Woodiness","Climbing","Aquatic","SexualSystem","Lifespan","Mating","Pollination","DispersalMode","DispersalDist","FlowerSex","OvaryPosition","FloralReward","FlowerSymmetry","Showiness"
"1","Abolboda pulchella","herbaceous","non-climbing","non-aquatic","monomorphic","long",NA,"biotic",NA,NA,"bisexual","superior","nectar","zygomorphic","bright"
"2","Achatocarpus praecox","woody","non-climbing","non-aquatic","dimorphic","long","outcrossing","biotic","biotic","long","unisexual","superior",NA,"actinomorphic","bright_dull"
"3","Acorus calamus","herbaceous","non-climbing","non-aquatic","monomorphic","long","outcrossing","biotic","abiotic","long","bisexual","superior","other","zygomorphic","bright_dull"
"4","Actinidia chinensis","woody","climbing","non-aquatic","dimorphic","long","outcrossing","abiotic_biotic","biotic","long","unisexual","superior","none_pollen","actinomorphic","bright"
"5","Aerva javanica","herbaceous_woody","non-climbing","non-aquatic","dimorphic","long","outcrossing","biotic","abiotic","long","unisexual","superior",NA,"actinomorphic","bright"
"6","Aextoxicon punctatum","woody","non-climbing","non-aquatic","dimorphic","long","outcrossing","biotic","biotic","long","unisexual","superior",NA,"actinomorphic","bright"
"7","Agalinis neoscotica","herbaceous","non-climbing","non-aquatic","monomorphic","short",NA,"biotic",NA,NA,"bisexual","superior",NA,"zygomorphic","bright"
"8","Ailanthus altissima","woody","non-climbing","non-aquatic","dimorphic","long","outcrossing","biotic","abiotic","long","unisexual","superior","nectar","actinomorphic","bright_dull"
"9","Ainsliaea cordifolia","herbaceous","non-climbing","non-aquatic","monomorphic","long",NA,"biotic","abiotic","long","bisexual","inferior",NA,"actinomorphic","bright"
"10","Ajuga reptans","herbaceous","non-climbing","non-aquatic","dimorphic_monomorphic","long",NA,"biotic","biotic","short","bisexual_unisexual","superior","nectar_pollen","zygomorphic","bright"
"11","Akebia quinata","woody","climbing","non-aquatic","monomorphic","long","outcrossing","biotic","autonomous","short","unisexual","superior","none_pollen","actinomorphic","bright"
"12","Albizia julibrissin","woody","non-climbing","non-aquatic","monomorphic","long","outcrossing","biotic","abiotic_autonomous","long_short","bisexual_unisexual","superior","nectar_pollen","actinomorphic","bright_dull"
"13","Alepis flavida","woody","non-climbing","non-aquatic","monomorphic","long","mixed","biotic","biotic","long","bisexual","inferior","nectar","actinomorphic","bright"
"14","Allanblackia floribunda","woody","non-climbing","non-aquatic","dimorphic","long","outcrossing","biotic","biotic","long","unisexual","superior",NA,"actinomorphic","bright"
"15","Allium sativum","herbaceous","non-climbing","non-aquatic","monomorphic","long","selfing","autonomous","autonomous","short","bisexual_unisexual","superior",NA,"actinomorphic_zygomorphic","bright"
"16","Allium schoenoprasum","herbaceous","non-climbing","non-aquatic","monomorphic","long",NA,"biotic","autonomous","short","bisexual","superior","nectar","actinomorphic","bright"
"17","Allocasuarina verticillata","woody","non-climbing","non-aquatic","dimorphic","long","outcrossing","abiotic","abiotic","long","unisexual",NA,"none",NA,"bright"
"18","Alluaudia procera","woody","non-climbing","non-aquatic","dimorphic","long","outcrossing","biotic","abiotic","long","unisexual","superior",NA,"other","bright_dull"
"19","Alnus alnobetula","woody","non-climbing","non-aquatic","monomorphic","long",NA,"abiotic","abiotic","long","unisexual","inferior","none","actinomorphic","dull"
"20","Aloe thraskii","woody","non-climbing","non-aquatic","monomorphic","long",NA,"biotic",NA,NA,"bisexual",NA,"nectar","zygomorphic","bright"
"21","Alphitonia excelsa","woody","non-climbing","non-aquatic","monomorphic","long","outcrossing","biotic","biotic","long","bisexual","inferior","nectar","actinomorphic","bright_dull"
"22","Alseuosmia macrophylla","woody","non-climbing","non-aquatic","monomorphic","long","outcrossing","biotic","biotic","long","bisexual","inferior","nectar","actinomorphic","bright"
"23","Alstroemeria aurea","herbaceous","non-climbing","non-aquatic","monomorphic","long","outcrossing","biotic","autonomous","short","bisexual","inferior","nectar","zygomorphic","bright"
"24","Alyssum simplex","herbaceous","non-climbing","non-aquatic","monomorphic","short","selfing","biotic","abiotic","long","bisexual","superior","nectar","actinomorphic","bright"
"25","Amborella trichopoda","woody","non-climbing","non-aquatic","dimorphic","long","outcrossing","abiotic_biotic","autonomous_biotic","long_short","unisexual","superior","none_other","actinomorphic","bright"
"26","Amsonia tabernaemontana","herbaceous","non-climbing","non-aquatic","monomorphic","long",NA,"biotic",NA,NA,"bisexual","superior",NA,"actinomorphic","bright"
"27","Anarthria polyphylla","herbaceous","non-climbing","non-aquatic","dimorphic","long","outcrossing","abiotic",NA,NA,"unisexual","superior","none","actinomorphic","dull"
"28","Angelonia pubescens","herbaceous","non-climbing","non-aquatic","monomorphic","short","selfing","biotic","biotic","long","bisexual","superior","other","zygomorphic","bright"
"29","Anigozanthos humilis","herbaceous","non-climbing","non-aquatic","monomorphic","long","outcrossing","biotic",NA,NA,"bisexual",NA,"nectar","zygomorphic","bright"
"30","Annona crassiflora","woody","non-climbing","non-aquatic","monomorphic","long",NA,"biotic","biotic","long","bisexual","superior","other","actinomorphic","bright_dull"
"31","Antirrhinum majus","herbaceous","non-climbing","non-aquatic","monomorphic","long","outcrossing","biotic","autonomous","short","bisexual","superior","pollen","zygomorphic","bright"
"32","Apium graveolens","herbaceous","non-climbing","non-aquatic","monomorphic","short",NA,"biotic","abiotic","long","bisexual","inferior","nectar","actinomorphic","bright"
"33","Aquilegia canadensis","herbaceous","non-climbing","non-aquatic","monomorphic","long",NA,"biotic","autonomous","short","bisexual","superior","nectar_pollen","actinomorphic","bright"
"34","Arabidopsis thaliana","herbaceous","non-climbing","non-aquatic","monomorphic","short","selfing","autonomous_biotic","abiotic_autonomous","long_short","bisexual","superior","nectar","actinomorphic_other","bright"
"35","Aralidium pinnatifidum","woody","non-climbing","non-aquatic","dimorphic","long","outcrossing",NA,NA,NA,"unisexual","inferior",NA,"actinomorphic","bright"
"36","Arctostaphylos uva-ursi","woody","non-climbing","non-aquatic","monomorphic","long",NA,"autonomous_biotic","biotic","long","bisexual","superior","nectar","actinomorphic","bright"
"37","Arum maculatum","herbaceous","non-climbing","non-aquatic","monomorphic","long","mixed","biotic","biotic","long","unisexual","superior","none",NA,"dull"
"38","Asparagus officinalis","herbaceous","non-climbing","non-aquatic","dimorphic","long","outcrossing","biotic","biotic","long","unisexual","superior","nectar_pollen","actinomorphic","bright_dull"
"39","Astelia alpina","herbaceous","non-climbing","non-aquatic","dimorphic","long","outcrossing",NA,"biotic","long","unisexual","superior","nectar","actinomorphic","dull"
"40","Audouinia capitata","woody","non-climbing","non-aquatic","monomorphic","long","outcrossing","biotic","abiotic","long","bisexual","intermediate","nectar","actinomorphic","bright"
"41","Avicennia marina","woody","non-climbing","non-aquatic","monomorphic","long",NA,"biotic","abiotic","long","bisexual","superior","nectar","actinomorphic","bright"
"42","Azima tetracantha","woody","non-climbing","non-aquatic","dimorphic","long","outcrossing",NA,"biotic","long","unisexual","superior",NA,NA,"bright_dull"
"43","Bagassa guianensis","woody","non-climbing","non-aquatic","dimorphic","long","outcrossing","abiotic_biotic","biotic","long","unisexual",NA,"none",NA,NA
"44","Balanophora laxiflora","herbaceous","non-climbing","non-aquatic","dimorphic","long","outcrossing",NA,NA,NA,"unisexual","inferior",NA,"zygomorphic",NA
"45","Balanops pancheri","woody","non-climbing","non-aquatic","dimorphic","long","outcrossing","abiotic","biotic","long","unisexual",NA,"none",NA,NA
"46","Bdallophytum americanum","herbaceous","non-climbing","non-aquatic","dimorphic",NA,"outcrossing",NA,"biotic","long_short","unisexual","inferior","nectar","actinomorphic","bright"
"47","Begonia heracleifolia","herbaceous","non-climbing","non-aquatic","monomorphic","long_short",NA,NA,"autonomous","short","bisexual","inferior",NA,"zygomorphic","bright"
"48","Bergeranthus multiceps","herbaceous","non-climbing","non-aquatic","monomorphic","long","outcrossing","biotic",NA,NA,"bisexual",NA,"nectar_pollen","actinomorphic","bright"
"49","Berteroa incana","herbaceous","non-climbing","non-aquatic","monomorphic","long_short","outcrossing","biotic","abiotic","long","bisexual","superior","nectar","actinomorphic","bright"
"50","Bertholletia excelsa","woody","non-climbing","non-aquatic","monomorphic","long","outcrossing","biotic","biotic","long","bisexual","inferior","nectar_pollen","zygomorphic","bright"
"51","Beta vulgaris","herbaceous","non-climbing","non-aquatic","dimorphic_monomorphic","long_short","outcrossing","abiotic","abiotic_autonomous","long_short","bisexual_unisexual","intermediate","none","actinomorphic","dull"
"52","Bixa orellana","woody","non-climbing","non-aquatic","monomorphic","long","mixed_outcrossing","biotic","biotic","short","bisexual","superior","pollen","actinomorphic","bright"
"53","Borago officinalis","herbaceous","non-climbing","non-aquatic","monomorphic","short",NA,"biotic","biotic","short","bisexual","superior","nectar","actinomorphic","bright"
"54","Brasenia schreberi","herbaceous","non-climbing","aquatic_non-aquatic","monomorphic","long",NA,"abiotic","abiotic","long","bisexual","superior","none","actinomorphic","bright_dull"
"55","Bretschneidera sinensis","woody","non-climbing","non-aquatic","monomorphic","long","outcrossing","biotic","autonomous","short","bisexual","superior","nectar","zygomorphic","bright"
"56","Bruguiera gymnorhiza","woody","non-climbing","non-aquatic","monomorphic","long","mixed","biotic","abiotic","long","bisexual","inferior","nectar","actinomorphic","bright_dull"
"57","Buddleja davidii","woody","non-climbing","non-aquatic","monomorphic","long","outcrossing","biotic","abiotic","long","bisexual","superior","nectar","actinomorphic","bright"
"58","Bursera simaruba","woody","non-climbing","non-aquatic","dimorphic_monomorphic","long","outcrossing","biotic","biotic","long","bisexual_unisexual",NA,"nectar","actinomorphic","dull"
"59","Butomus umbellatus","herbaceous","non-climbing","aquatic","monomorphic","long","outcrossing","biotic","abiotic_autonomous_biotic","long_short","bisexual","superior","nectar","actinomorphic","bright"
"60","Buxus balearica","woody","non-climbing","non-aquatic","monomorphic","long",NA,"abiotic_biotic","autonomous_biotic","short","unisexual",NA,"nectar_none",NA,NA
"61","Byrsonima crassifolia","woody","non-climbing","non-aquatic","monomorphic","long",NA,"biotic","biotic","long","bisexual","superior","other","zygomorphic","bright"
"62","Cabomba caroliniana","herbaceous","non-climbing","aquatic","monomorphic","long","outcrossing","biotic","biotic","long","bisexual","superior","nectar_pollen","actinomorphic","bright"
"63","Calceolaria purpurea","herbaceous","non-climbing","non-aquatic","monomorphic","long","outcrossing","biotic",NA,NA,"bisexual",NA,"other","zygomorphic","bright"
"64","Camellia sinensis","woody","non-climbing","non-aquatic","monomorphic","long","outcrossing","biotic","biotic","long","bisexual","superior",NA,"actinomorphic","bright"
"65","Canacomyrica monticola","woody","non-climbing","non-aquatic","dimorphic","long","outcrossing","abiotic","biotic","long","unisexual","inferior","none",NA,NA
"66","Canna indica","herbaceous","non-climbing","non-aquatic","monomorphic","long","selfing","biotic","autonomous","short","bisexual","inferior","nectar","other","bright"
"67","Cannabis sativa","herbaceous","non-climbing","non-aquatic","dimorphic_monomorphic","short","outcrossing","abiotic","autonomous_biotic","long_short","unisexual","superior","none","actinomorphic","bright_dull"
"68","Capparis zeylanica","woody","non-climbing","non-aquatic","monomorphic","long",NA,NA,"biotic","long","bisexual",NA,NA,"actinomorphic","bright"
"69","Cardiocrinum cordatum","herbaceous","non-climbing","non-aquatic","monomorphic","long",NA,"biotic","abiotic","long","bisexual",NA,"nectar","zygomorphic","bright_dull"
"70","Carex laxiflora","herbaceous","non-climbing","non-aquatic","monomorphic","long",NA,"abiotic",NA,NA,"unisexual","superior","none",NA,"dull"
"71","Carica papaya","woody","non-climbing","non-aquatic","dimorphic","long","outcrossing_selfing","autonomous_biotic","biotic","long","unisexual","superior","nectar_none_pollen","actinomorphic","bright"
"72","Caryocar brasiliense","woody","non-climbing","non-aquatic","monomorphic","long",NA,"biotic","biotic","long","bisexual","intermediate","nectar","actinomorphic","bright"
"73","Catalpa speciosa","woody","non-climbing","non-aquatic","monomorphic","long","outcrossing","biotic","abiotic","long","bisexual","superior","nectar","zygomorphic","bright"
"74","Catharanthus roseus","woody","non-climbing","non-aquatic","monomorphic","long",NA,"biotic","autonomous_biotic","short","bisexual",NA,"nectar","actinomorphic","bright"
"75","Caulophyllum thalictroides","herbaceous","non-climbing","non-aquatic","monomorphic","long","mixed","biotic","biotic","long","bisexual","superior",NA,"actinomorphic","bright"
"76","Centroplacus glaucinus","woody","non-climbing","non-aquatic","dimorphic","long","outcrossing",NA,NA,NA,"unisexual",NA,NA,"actinomorphic","bright"
"77","Ceratophyllum demersum","herbaceous","non-climbing","aquatic","monomorphic","long","mixed","abiotic","biotic","long","unisexual",NA,"none_pollen",NA,"dull"
"78","Cercidiphyllum japonicum","woody","non-climbing","non-aquatic","dimorphic","long","outcrossing","abiotic","abiotic","long","unisexual","superior","none",NA,"dull"
"79","Chimaphila umbellata","woody","non-climbing","non-aquatic","monomorphic","long",NA,"biotic","autonomous","short","bisexual","superior","nectar_pollen","actinomorphic","bright"
"80","Chimonanthus praecox","woody","non-climbing","non-aquatic","monomorphic","long","outcrossing","biotic","autonomous","short","bisexual","superior","nectar_pollen","actinomorphic","bright"
"81","Chloranthus spicatus","woody","non-climbing","non-aquatic","monomorphic","long","outcrossing","biotic","biotic","long","bisexual",NA,"other",NA,"dull"
"82","Chorispora tenella","herbaceous","non-climbing","non-aquatic","monomorphic","short","selfing","biotic","abiotic","long","bisexual","superior",NA,"actinomorphic","bright"
"83","Cinnamomum camphora","woody","non-climbing","non-aquatic","monomorphic","long",NA,"biotic","biotic","long","bisexual","superior",NA,"actinomorphic","bright_dull"
"84","Cirsium pitcheri","herbaceous","non-climbing","non-aquatic",NA,"long_short",NA,"biotic","abiotic","long",NA,"inferior",NA,"zygomorphic","bright"
"85","Clarkia xantiana","herbaceous","non-climbing","non-aquatic","monomorphic","short",NA,"biotic","autonomous","short","bisexual","inferior",NA,"zygomorphic","bright"
"86","Claytonia virginica","herbaceous","non-climbing","non-aquatic","monomorphic","long",NA,"biotic","autonomous_biotic","short","bisexual","superior","nectar","actinomorphic","bright"
"87","Cleistesiopsis bifaria","herbaceous","non-climbing","non-aquatic","monomorphic","long","outcrossing","biotic",NA,NA,"bisexual","inferior","pollen","zygomorphic","bright_dull"
"88","Cleomella arborea","woody","non-climbing","non-aquatic","monomorphic","long_short",NA,"biotic",NA,NA,"bisexual","superior",NA,"zygomorphic","bright"
"89","Clethra alnifolia","woody","non-climbing","non-aquatic","monomorphic","long",NA,"biotic","abiotic","long","bisexual","superior",NA,"actinomorphic","bright"
"90","Clutia pulchella","woody","non-climbing","non-aquatic","dimorphic","long","outcrossing",NA,"autonomous_biotic","short","unisexual",NA,NA,"actinomorphic","bright"
"91","Cobaea scandens","woody","climbing","non-aquatic","monomorphic","long","outcrossing","biotic","abiotic","long","bisexual","superior","nectar","actinomorphic","bright"
"92","Cochlospermum vitifolium","woody","non-climbing","non-aquatic","monomorphic","long","outcrossing","biotic","abiotic","long","bisexual","superior","pollen","actinomorphic","bright"
"93","Coffea arabica","woody","non-climbing","non-aquatic","monomorphic","long",NA,"biotic","biotic","long","bisexual","inferior","nectar_pollen","actinomorphic","bright"
"94","Combretum leprosum","woody","climbing_non-climbing","non-aquatic","monomorphic","long","outcrossing","biotic","abiotic","long","bisexual","inferior","nectar_other","actinomorphic","bright"
"95","Commelina communis","herbaceous","non-climbing","non-aquatic","monomorphic","short",NA,"biotic","autonomous","short","bisexual_unisexual","superior","pollen","zygomorphic","bright"
"96","Cordyline australis","woody","non-climbing","non-aquatic","monomorphic","long","outcrossing","biotic","biotic","long","bisexual","superior",NA,"actinomorphic","bright"
"97","Coriaria myrtifolia","woody","non-climbing","non-aquatic","monomorphic","long",NA,"abiotic","biotic","long","bisexual_unisexual","superior","none","actinomorphic","dull"
"98","Coriaria ruscifolia","woody","non-climbing","non-aquatic","monomorphic","long",NA,"abiotic","abiotic","long","bisexual","superior","none","actinomorphic","bright_dull"
"99","Cornus florida","woody","non-climbing","non-aquatic","monomorphic","long","outcrossing","biotic","biotic","long","bisexual","inferior",NA,"actinomorphic","bright_dull"
"100","Corokia cotoneaster","woody","non-climbing","non-aquatic","monomorphic","long","outcrossing","biotic","biotic","long","bisexual","inferior","nectar_other","actinomorphic","bright"
"101","Corrigiola litoralis","herbaceous","non-climbing","non-aquatic","monomorphic","short",NA,"biotic","abiotic_autonomous","long_short","bisexual","intermediate",NA,"actinomorphic","bright"
"102","Costus woodsonii","herbaceous","non-climbing","non-aquatic","monomorphic","long",NA,"biotic","biotic","long","bisexual","inferior","nectar_pollen","zygomorphic","bright"
"103","Cucurbita pepo","herbaceous","climbing","non-aquatic","monomorphic","short",NA,"biotic","abiotic","long","unisexual","inferior","nectar","actinomorphic","bright"
"104","Cupaniopsis anacardioides","woody","non-climbing","non-aquatic","monomorphic","long",NA,"biotic","biotic","long","unisexual","superior","nectar_pollen","other","bright_dull"
"105","Curculigo latifolia","herbaceous_woody","non-climbing","non-aquatic","monomorphic","long","outcrossing","biotic",NA,NA,"bisexual_unisexual","inferior",NA,"actinomorphic","bright"
"106","Cuscuta cuspidata","herbaceous","climbing","non-aquatic","monomorphic","short","mixed","abiotic",NA,NA,"bisexual","superior","none","actinomorphic","bright"
"107","Cuttsia viburnea","woody","non-climbing","non-aquatic","monomorphic","long","outcrossing","biotic","abiotic_autonomous","long_short","bisexual","superior",NA,"actinomorphic","bright"
"108","Cyclanthus bipartitus","woody","non-climbing","non-aquatic","monomorphic","long","outcrossing","biotic","biotic","long","unisexual",NA,"pollen",NA,"bright"
"109","Cymodocea nodosa","herbaceous","non-climbing","aquatic","dimorphic","long","outcrossing","abiotic","autonomous_biotic","long_short","unisexual",NA,"none",NA,NA
"110","Cypripedium calceolus","herbaceous","non-climbing","non-aquatic","monomorphic","long","outcrossing","biotic","abiotic","long","bisexual","inferior","pollen","zygomorphic","bright_dull"
"111","Cyrilla racemiflora","woody","non-climbing","non-aquatic","monomorphic","long",NA,"biotic","abiotic","long","bisexual","superior","nectar","actinomorphic","bright"
"112","Dalechampia spathulata","woody","non-climbing","non-aquatic","monomorphic","long",NA,"biotic","autonomous","short","unisexual",NA,"other","zygomorphic","bright"
"113","Dalzellia ceylanica","herbaceous","non-climbing","aquatic_non-aquatic","monomorphic",NA,"selfing","autonomous",NA,NA,"bisexual","superior","pollen","actinomorphic","bright_dull"
"114","Daphniphyllum macropodum","woody","non-climbing","non-aquatic","dimorphic","long","outcrossing","abiotic","biotic","long","unisexual","superior","none","actinomorphic","dull"
"115","Datisca glomerata","herbaceous","non-climbing","non-aquatic","dimorphic","long",NA,"abiotic","abiotic","long","bisexual_unisexual","inferior","none",NA,"dull"
"116","Davidsonia jerseyana","woody","non-climbing","non-aquatic","monomorphic","long","selfing",NA,"biotic","long","bisexual","superior","nectar","actinomorphic","bright"
"117","Davilla kunthii","herbaceous","climbing","non-aquatic","monomorphic","long","outcrossing","biotic","biotic","long","bisexual","inferior_superior","pollen","actinomorphic","bright"
"118","Denhamia celastroides","woody","non-climbing","non-aquatic","monomorphic","long","outcrossing",NA,NA,NA,"bisexual","superior",NA,"actinomorphic",NA
"119","Diapensia lapponica","woody","non-climbing","non-aquatic","monomorphic","long",NA,"biotic","autonomous","short","bisexual","superior","nectar","actinomorphic","bright"
"120","Diospyros australis","woody","non-climbing","non-aquatic","dimorphic","long","outcrossing",NA,NA,NA,"unisexual","superior",NA,"actinomorphic","bright"
"121","Dipterocarpus tempehes","woody","non-climbing","non-aquatic","monomorphic","long","outcrossing","biotic",NA,NA,"bisexual",NA,NA,"actinomorphic","bright"
"122","Discaria americana","woody","non-climbing","non-aquatic","monomorphic","long","outcrossing","biotic","autonomous","short","bisexual","intermediate","nectar_other_pollen","actinomorphic","bright"
"123","Drosophyllum lusitanicum","woody","non-climbing","non-aquatic","monomorphic","long","mixed","biotic","autonomous","short","bisexual","superior",NA,"actinomorphic","bright"
"124","Dryas octopetala","woody","non-climbing","non-aquatic","monomorphic","long",NA,"biotic","abiotic","long","bisexual","superior","nectar_pollen","actinomorphic","bright"
"125","Durio zibethinus","woody","non-climbing","non-aquatic","monomorphic","long","outcrossing","biotic","biotic","long","bisexual","superior","nectar","actinomorphic","bright"
"126","Eichhornia crassipes","herbaceous","non-climbing","aquatic","monomorphic","long_short","outcrossing","biotic","abiotic_biotic","long","bisexual","superior",NA,"zygomorphic","bright"
"127","Eriocaulon parkeri","herbaceous","non-climbing","non-aquatic","monomorphic","long_short",NA,"biotic",NA,NA,"unisexual","superior",NA,NA,"bright"
"128","Eriogonum arborescens","woody","non-climbing","non-aquatic","monomorphic","long",NA,"biotic","abiotic","long","bisexual",NA,NA,NA,"bright"
"129","Eryngium alpinum","herbaceous","non-climbing","non-aquatic","monomorphic","long",NA,"biotic","biotic","long","bisexual","inferior",NA,"actinomorphic","bright"
"130","Erythroxylum laurifolium","woody","non-climbing","non-aquatic","monomorphic","long","outcrossing",NA,"biotic","long","bisexual","superior","nectar_other",NA,"bright"
"131","Eschscholzia californica","herbaceous","non-climbing","non-aquatic","monomorphic","long_short","outcrossing","biotic","autonomous","short","bisexual","superior","pollen","other","bright"
"132","Eucalyptus cladocalyx","woody","non-climbing","non-aquatic","monomorphic","long",NA,"biotic","abiotic","long","bisexual","inferior",NA,NA,"bright"
"133","Eupomatia bennettii","woody","non-climbing","non-aquatic","monomorphic","long","outcrossing","biotic",NA,NA,"bisexual","inferior",NA,NA,"bright"
"134","Eupomatia laurina","woody","non-climbing","non-aquatic","monomorphic","long","outcrossing","biotic","biotic","long","bisexual",NA,"other",NA,"bright"
"135","Fagus grandifolia","woody","non-climbing","non-aquatic","monomorphic","long",NA,"abiotic","biotic","long","unisexual","inferior","none_pollen","actinomorphic","dull"
"136","Ficaria verna","herbaceous","non-climbing","non-aquatic","monomorphic","long","outcrossing","biotic","biotic","short","bisexual","superior","nectar_pollen","actinomorphic","bright"
"137","Filipendula vulgaris","herbaceous","non-climbing","non-aquatic","monomorphic","long",NA,"abiotic_biotic","biotic","long","bisexual","superior","none_pollen","actinomorphic","bright"
"138","Floerkea proserpinacoides","herbaceous","non-climbing","non-aquatic","monomorphic","short","selfing","autonomous","autonomous","short","bisexual","superior",NA,"actinomorphic","bright_dull"
"139","Fumana ericoides","woody","non-climbing","non-aquatic","monomorphic","long","selfing","biotic","autonomous","short","bisexual","inferior",NA,"actinomorphic","bright"
"140","Galium aparine","herbaceous","non-climbing","non-aquatic","monomorphic","short","selfing","biotic","biotic","long","bisexual","inferior",NA,"actinomorphic","bright"
"141","Gelsemium sempervirens","herbaceous","climbing","non-aquatic","monomorphic","long","outcrossing","biotic","abiotic","long","bisexual","superior","other","actinomorphic","bright"
"142","Gentiana saponaria","herbaceous","non-climbing","non-aquatic","monomorphic","long",NA,"biotic","abiotic","long","bisexual","superior","nectar","actinomorphic","bright"
"143","Geranium sanguineum","herbaceous","non-climbing","non-aquatic","monomorphic","long","mixed","biotic","autonomous","short","bisexual","superior","nectar","actinomorphic","bright"
"144","Gerbera jamesonii","herbaceous","non-climbing","non-aquatic","monomorphic","long","outcrossing","biotic","abiotic","long","bisexual","inferior",NA,"zygomorphic","bright"
"145","Gesneria cuneifolia","woody","non-climbing","non-aquatic","monomorphic","long","mixed","biotic","biotic","short","bisexual",NA,"nectar","zygomorphic","bright"
"146","Gomortega keule","woody","non-climbing","non-aquatic","monomorphic","long",NA,"biotic","biotic","long","bisexual","inferior",NA,"actinomorphic","bright_dull"
"147","Gonocaryum litorale","woody","non-climbing","non-aquatic","dimorphic","long","outcrossing",NA,"biotic","long","unisexual","superior",NA,"actinomorphic","bright_dull"
"148","Gossypium hirsutum","woody","non-climbing","non-aquatic","monomorphic","long_short","selfing","biotic","abiotic","long","bisexual","superior","nectar","actinomorphic","bright"
"149","Grewia occidentalis","woody","non-climbing","non-aquatic","monomorphic",NA,"outcrossing","biotic","biotic","long","bisexual","superior","nectar","actinomorphic","bright"
"150","Griselinia racemosa","woody","non-climbing","non-aquatic","dimorphic",NA,"outcrossing",NA,"biotic","long","unisexual","inferior",NA,"actinomorphic",NA
"151","Gyrocarpus americanus","woody","non-climbing","non-aquatic","monomorphic","long",NA,"abiotic","abiotic","long","bisexual_unisexual","inferior","none","actinomorphic","bright_dull"
"152","Hamamelis virginiana","woody","non-climbing","non-aquatic","monomorphic","long","outcrossing","biotic","autonomous","short","bisexual","intermediate","nectar_pollen","actinomorphic","bright"
"153","Hanguana malayana","herbaceous","non-climbing","non-aquatic","dimorphic","long","outcrossing",NA,"biotic","long","unisexual","superior",NA,"actinomorphic",NA
"154","Haumania danckelmaniana","woody","climbing","non-aquatic","monomorphic","long","outcrossing","biotic",NA,NA,"bisexual","inferior",NA,"zygomorphic","bright"
"155","Hedychium gardnerianum","herbaceous","non-climbing","non-aquatic","monomorphic","long","selfing","biotic","biotic","long","bisexual","inferior",NA,"zygomorphic","bright"
"156","Helianthus annuus","herbaceous","non-climbing","non-aquatic","monomorphic","short","outcrossing","biotic","autonomous","short","bisexual","inferior","nectar_pollen","actinomorphic_zygomorphic","bright"
"157","Heliconia irrasa","herbaceous","non-climbing","non-aquatic","monomorphic","long",NA,"biotic","biotic","long","bisexual","inferior","nectar",NA,"bright"
"158","Herniaria glabra","herbaceous","non-climbing","non-aquatic","monomorphic","long_short","selfing","biotic","abiotic_autonomous","long_short","bisexual","superior","nectar","actinomorphic","dull"
"159","Hevea brasiliensis","woody","non-climbing","non-aquatic","monomorphic","long","outcrossing","biotic","biotic","long","unisexual","intermediate",NA,"actinomorphic",NA
"160","Hirtella physophora","woody","non-climbing","non-aquatic","monomorphic","long","outcrossing","biotic",NA,NA,"bisexual",NA,"nectar_pollen","zygomorphic","bright"
"161","Hordeum bulbosum","herbaceous","non-climbing","non-aquatic","monomorphic","long","outcrossing","abiotic","biotic","long","bisexual","superior","none","zygomorphic","dull"
"162","Hydnocarpus heterophyllus","woody","non-climbing","non-aquatic","dimorphic","long","outcrossing","biotic","biotic","long","unisexual","superior",NA,NA,NA
"163","Hydrastis canadensis","herbaceous","non-climbing","non-aquatic","monomorphic","long","mixed","biotic","biotic","long","bisexual","superior",NA,"actinomorphic","bright"
"164","Hydrocotyle vulgaris","herbaceous","non-climbing","non-aquatic","monomorphic","long",NA,"autonomous_biotic","abiotic","long","bisexual","inferior",NA,"actinomorphic","bright"
"165","Hydrophyllum capitatum","herbaceous","non-climbing","non-aquatic","monomorphic","long","outcrossing","biotic",NA,NA,"bisexual","superior","nectar_pollen","actinomorphic","bright"
"166","Hypericum perforatum","herbaceous","non-climbing","non-aquatic","monomorphic","long","selfing","biotic","abiotic","long","bisexual","superior","pollen","actinomorphic","bright"
"167","Hypolytrum pulchrum","herbaceous","non-climbing","non-aquatic","monomorphic","long","outcrossing",NA,NA,NA,"unisexual",NA,NA,NA,NA
"168","Ilex opaca","woody","non-climbing","non-aquatic","dimorphic","long","outcrossing","biotic","biotic","long","unisexual","superior",NA,"actinomorphic","bright_dull"
"169","Impatiens capensis","herbaceous","non-climbing","non-aquatic","monomorphic","short","mixed","biotic","autonomous","short","bisexual","superior","nectar","zygomorphic","bright"
"170","Ipomoea alba","herbaceous","climbing","non-aquatic","monomorphic","long_short","selfing","biotic",NA,NA,"bisexual","superior","nectar","actinomorphic","bright"
"171","Iris versicolor","herbaceous","non-climbing","non-aquatic","monomorphic","long","mixed","autonomous_biotic","abiotic","long","bisexual","inferior",NA,"actinomorphic","bright"
"172","Irvingbaileya australis","woody","non-climbing","non-aquatic","dimorphic","long","outcrossing","biotic","biotic","long","unisexual","superior",NA,"actinomorphic","bright"
"173","Juglans mandshurica","woody","non-climbing","non-aquatic","monomorphic","long",NA,"abiotic","biotic","long","unisexual","inferior","none",NA,"dull"
"174","Jumellea fragrans","herbaceous","non-climbing","non-aquatic","monomorphic","long",NA,"biotic",NA,NA,"bisexual","inferior","nectar","zygomorphic","bright"
"175","Juncus effusus","herbaceous","non-climbing","non-aquatic","monomorphic","short","mixed","abiotic","biotic","long","bisexual","superior","none","actinomorphic","dull"
"176","Kalanchoe daigremontiana","herbaceous","non-climbing","non-aquatic","monomorphic","long_short","selfing","biotic","abiotic","long","bisexual","intermediate_superior","nectar","actinomorphic","bright"
"177","Kalmia latifolia","woody","non-climbing","non-aquatic","monomorphic","long",NA,"biotic","abiotic","long","bisexual","superior","nectar","actinomorphic","bright"
"178","Kielmeyera regalis","woody","non-climbing","non-aquatic","monomorphic","long","outcrossing","biotic","abiotic","long","bisexual",NA,"pollen","actinomorphic","bright"
"179","Kirengeshoma palmata","herbaceous","non-climbing","non-aquatic","monomorphic","long","outcrossing","biotic","abiotic","long","bisexual",NA,NA,NA,"bright"
"180","Kirkia wilmsii","woody","non-climbing","non-aquatic","dimorphic","long","outcrossing","biotic","abiotic","long","unisexual","superior",NA,"actinomorphic",NA
"181","Lactoris fernandeziana","woody","non-climbing","non-aquatic","monomorphic","long","mixed","abiotic","abiotic_autonomous","long_short","bisexual_unisexual","superior","none","actinomorphic","dull"
"182","Lantana camara","woody","non-climbing","non-aquatic","monomorphic","long","selfing","biotic","biotic","long","bisexual","superior",NA,"zygomorphic","bright"
"183","Lapageria rosea","woody","climbing","non-aquatic","monomorphic","long",NA,"biotic","biotic","long","bisexual","inferior_superior","nectar","actinomorphic","bright"
"184","Larrea tridentata","woody","non-climbing","non-aquatic","monomorphic","long",NA,"biotic","biotic","long","bisexual",NA,"nectar_pollen","actinomorphic","bright"
"185","Lemna minor","herbaceous","non-climbing","aquatic","monomorphic","short",NA,"biotic","abiotic","long","bisexual","superior",NA,NA,"dull"
"186","Lepidobotrys staudtii","woody","non-climbing","non-aquatic","dimorphic","long","outcrossing",NA,"autonomous","short","unisexual","superior",NA,"actinomorphic",NA
"187","Limnanthes douglasii","herbaceous","non-climbing","non-aquatic","dimorphic","short",NA,"biotic",NA,NA,"bisexual_unisexual","superior",NA,"actinomorphic","bright"
"188","Linum perenne","herbaceous","non-climbing","non-aquatic","monomorphic","long","outcrossing","biotic",NA,NA,"bisexual","superior",NA,"actinomorphic","bright"
"189","Liparis loeselii","herbaceous","non-climbing","non-aquatic","monomorphic","long","selfing","abiotic_autonomous","abiotic","long","bisexual","inferior","none","zygomorphic","dull"
"190","Liriodendron chinense","woody","non-climbing","non-aquatic","monomorphic","long",NA,"biotic","abiotic_autonomous","long_short","bisexual","superior","nectar","actinomorphic","dull"
"191","Loasa heterophylla","herbaceous","non-climbing","non-aquatic","monomorphic","long","outcrossing",NA,NA,NA,"bisexual","inferior","nectar","actinomorphic","bright"
"192","Lobelia angulata","herbaceous","non-climbing","non-aquatic","dimorphic","long",NA,"biotic",NA,NA,"bisexual_unisexual","inferior","nectar","zygomorphic","bright"
"193","Ludwigia adscendens","herbaceous","non-climbing","aquatic","monomorphic","long",NA,"biotic","abiotic","long","bisexual","inferior",NA,"actinomorphic","bright"
"194","Lythrum salicaria","herbaceous","non-climbing","non-aquatic","monomorphic","long","outcrossing","biotic","abiotic","long","bisexual","superior","nectar_pollen","actinomorphic","bright"
"195","Malesherbia linearifolia","herbaceous","non-climbing","non-aquatic","monomorphic","long",NA,"biotic",NA,NA,"bisexual","superior",NA,"actinomorphic","bright"
"196","Malpighia emarginata","woody","non-climbing","non-aquatic","monomorphic","long",NA,"biotic","biotic","long","bisexual","superior","other","zygomorphic","bright"
"197","Manihot esculenta","herbaceous","non-climbing","non-aquatic","monomorphic","long",NA,"biotic","biotic","short","unisexual","superior",NA,"actinomorphic","bright"
"198","Manilkara zapota","woody","non-climbing","non-aquatic","monomorphic","long","outcrossing","biotic","biotic","long","bisexual","superior",NA,"actinomorphic","bright"
"199","Marathrum rubrum","herbaceous","non-climbing","aquatic","monomorphic","short",NA,"abiotic","abiotic","long","bisexual","superior","none","actinomorphic","bright_dull"
"200","Mayaca fluviatilis","herbaceous","non-climbing","aquatic_non-aquatic","monomorphic","long","selfing","autonomous","abiotic","long","bisexual","superior",NA,"actinomorphic","bright"
"201","Mazus pumilus","herbaceous","non-climbing","non-aquatic","monomorphic","short","selfing","biotic","abiotic","long","bisexual","superior","pollen","zygomorphic","bright"
"202","Medicago sativa","herbaceous","non-climbing","non-aquatic","monomorphic","long","outcrossing","biotic","autonomous","short","bisexual","superior","nectar_pollen","zygomorphic","bright"
"203","Melocactus curvispinus","herbaceous","non-climbing","non-aquatic","monomorphic","long",NA,"biotic","biotic","long","bisexual","inferior","nectar","actinomorphic","bright"
"204","Menispermum canadense","herbaceous_woody","climbing","non-aquatic","dimorphic","long","outcrossing","biotic","biotic","long","unisexual","superior",NA,"actinomorphic",NA
"205","Menyanthes trifoliata","herbaceous","non-climbing","aquatic","monomorphic","long","outcrossing","biotic","abiotic","long","bisexual","superior","nectar","actinomorphic","bright"
"206","Miconia affinis","woody","non-climbing","non-aquatic","monomorphic","long","outcrossing","biotic","biotic","long","bisexual","intermediate",NA,"actinomorphic","bright"
"207","Mirabilis jalapa","herbaceous","non-climbing","non-aquatic","monomorphic","long_short","selfing","biotic","autonomous","short","bisexual","superior","nectar","actinomorphic","bright_dull"
"208","Misodendrum linearifolium","woody","non-climbing","non-aquatic","dimorphic",NA,"outcrossing",NA,"abiotic","long","unisexual","inferior",NA,"actinomorphic","dull"
"209","Mollugo verticillata","herbaceous","non-climbing","non-aquatic","monomorphic","short",NA,"biotic","autonomous","short","bisexual","superior","nectar_pollen","actinomorphic","bright"
"210","Monotropa hypopitys","herbaceous","non-climbing","non-aquatic","monomorphic","long","mixed","biotic","autonomous","short","bisexual","superior","nectar","actinomorphic","bright"
"211","Montinia caryophyllacea","woody","non-climbing","non-aquatic","dimorphic",NA,"outcrossing",NA,"autonomous","short","unisexual","inferior",NA,"actinomorphic",NA
"212","Moringa oleifera","woody","non-climbing","non-aquatic","monomorphic","long",NA,"biotic","autonomous","short","bisexual","superior",NA,"zygomorphic","bright"
"213","Myriophyllum sibiricum","herbaceous","non-climbing","aquatic","monomorphic","long",NA,"biotic",NA,NA,"bisexual_unisexual","inferior",NA,"actinomorphic","bright"
"214","Myristica fragrans","woody","non-climbing","non-aquatic","dimorphic_monomorphic","long","outcrossing","biotic","biotic","long","unisexual","superior","pollen","actinomorphic","bright"
"215","Myrothamnus moschata","woody","non-climbing","non-aquatic","dimorphic",NA,"outcrossing",NA,NA,NA,"unisexual","superior",NA,NA,NA
"216","Myrtus communis","woody","non-climbing","non-aquatic","monomorphic","long",NA,"biotic","biotic","long","bisexual",NA,NA,"actinomorphic","bright"
"217","Narthecium ossifragum","herbaceous","non-climbing","non-aquatic","monomorphic","long",NA,"biotic","autonomous","short","bisexual","superior",NA,"actinomorphic","bright"
"218","Nelumbo lutea","herbaceous","non-climbing","aquatic","monomorphic","long",NA,"biotic","abiotic","long","bisexual","superior","other_pollen","actinomorphic","bright"
"219","Nelumbo nucifera","herbaceous","non-climbing","aquatic","monomorphic","long",NA,"biotic","abiotic","long","bisexual","superior","other_pollen","actinomorphic","bright"
"220","Nemesia strumosa","herbaceous","non-climbing","non-aquatic","monomorphic","short","outcrossing",NA,"abiotic","long","bisexual","superior",NA,"actinomorphic","bright"
"221","Nepenthes macfarlanei","woody","climbing","non-aquatic","dimorphic","long","outcrossing","abiotic_biotic","abiotic","long","unisexual",NA,"nectar_none","actinomorphic",NA
"222","Nicotiana tabacum","herbaceous","non-climbing","non-aquatic","monomorphic","long_short",NA,"biotic","autonomous","short","bisexual","superior","nectar","actinomorphic_zygomorphic","bright"
"223","Nolana humifusa","herbaceous","non-climbing","non-aquatic","monomorphic","short","outcrossing","biotic","biotic","long","bisexual","superior","nectar_pollen","actinomorphic","bright"
"224","Nothapodytes nimmoniana","woody","non-climbing","non-aquatic","dimorphic","long","mixed","biotic","biotic","long","bisexual_unisexual",NA,"nectar_pollen",NA,"bright"
"225","Nothofagus dombeyi","woody","non-climbing","non-aquatic","monomorphic","long","outcrossing","abiotic","abiotic","long","unisexual",NA,"none",NA,NA
"226","Nuphar advena","herbaceous","non-climbing","aquatic","monomorphic","long",NA,"biotic","abiotic","long","bisexual","superior","pollen","actinomorphic","bright"
"227","Nymphaea odorata","herbaceous","non-climbing","aquatic","monomorphic","long",NA,"biotic","abiotic_biotic","long","bisexual","intermediate","nectar","actinomorphic_other","bright"
"228","Nymphoides peltata","herbaceous","non-climbing","aquatic","monomorphic","long","outcrossing","biotic","abiotic","long","bisexual","superior","nectar_pollen","actinomorphic","bright"
"229","Nyssa ogeche","woody","non-climbing","non-aquatic","dimorphic","long","outcrossing","biotic","biotic","long","unisexual","inferior",NA,"actinomorphic","bright"
"230","Ochroma pyramidale","woody","non-climbing","non-aquatic","monomorphic","long","outcrossing","biotic","abiotic","long","bisexual","superior","nectar","actinomorphic_other","bright_dull"
"231","Octoknema borealis","woody","non-climbing","non-aquatic","dimorphic","long","outcrossing",NA,NA,NA,"unisexual",NA,NA,"actinomorphic",NA
"232","Octomeles sumatrana","woody","non-climbing","non-aquatic","dimorphic","long","outcrossing",NA,"abiotic","long","unisexual","inferior",NA,"actinomorphic",NA
"233","Olea europaea","woody","non-climbing","non-aquatic","monomorphic","long","outcrossing","abiotic","biotic","long","bisexual_unisexual","superior","none","actinomorphic","bright_dull"
"234","Oryza sativa","herbaceous","non-climbing","aquatic","monomorphic","short",NA,"abiotic","autonomous","short","bisexual","superior","none","zygomorphic","dull"
"235","Ottelia acuminata","herbaceous","non-climbing","aquatic","dimorphic","long","outcrossing","biotic","abiotic","long","unisexual","superior",NA,NA,"bright"
"236","Oxalis corniculata","herbaceous","non-climbing","non-aquatic","monomorphic","long_short","selfing","biotic","autonomous","short","bisexual","superior","nectar_pollen","actinomorphic","bright"
"237","Paeonia californica","herbaceous","non-climbing","non-aquatic","monomorphic","long","outcrossing","biotic",NA,NA,"bisexual","superior","nectar","actinomorphic","bright"
"238","Panax quinquefolius","herbaceous","non-climbing","non-aquatic","monomorphic","long","mixed","biotic","biotic","long","bisexual_unisexual","inferior",NA,"actinomorphic","dull"
"239","Pandanus tectorius","woody","non-climbing","non-aquatic","dimorphic","long","outcrossing","abiotic_biotic","abiotic_biotic","long","unisexual","superior","none",NA,"bright_dull"
"240","Pennantia corymbosa","woody","non-climbing","non-aquatic","dimorphic","long","outcrossing","biotic","biotic","long","unisexual","superior",NA,"actinomorphic","bright_dull"
"241","Perrottetia ovata","woody","non-climbing","non-aquatic","dimorphic","long","outcrossing",NA,NA,NA,"unisexual","superior",NA,NA,NA
"242","Petrosavia sakuraii","herbaceous","non-climbing","non-aquatic","monomorphic","long","selfing","biotic",NA,NA,"bisexual","intermediate","nectar","actinomorphic","bright"
"243","Petunia axillaris","herbaceous","non-climbing","non-aquatic","monomorphic","short","outcrossing","biotic","autonomous","short","bisexual","superior",NA,"actinomorphic","bright"
"244","Peumus boldus","woody","non-climbing","non-aquatic","dimorphic","long","outcrossing","biotic","biotic","long","unisexual","superior",NA,"actinomorphic",NA
"245","Phelline comosa","woody","non-climbing","non-aquatic","dimorphic","long","outcrossing",NA,NA,NA,"unisexual","superior",NA,"actinomorphic","bright"
"246","Phoenix dactylifera","woody","non-climbing","non-aquatic","dimorphic","long","outcrossing","abiotic_biotic","biotic","long","unisexual","superior","none","actinomorphic","bright_dull"
"247","Phormium tenax","herbaceous","non-climbing","non-aquatic","monomorphic","long","outcrossing","biotic","abiotic","long","bisexual","intermediate_superior","nectar","zygomorphic","bright"
"248","Phragmites australis","herbaceous","non-climbing","aquatic","monomorphic","long","outcrossing","abiotic","abiotic","long","bisexual_unisexual","superior","none",NA,"dull"
"249","Phryma leptostachya","herbaceous","non-climbing","non-aquatic","monomorphic","long",NA,"biotic",NA,NA,"bisexual","superior",NA,"zygomorphic","bright"
"250","Phyllanthus niruri","herbaceous","non-climbing","non-aquatic","monomorphic","short","outcrossing",NA,"abiotic","long","unisexual","superior",NA,"actinomorphic","bright"
"251","Physena madagascariensis","woody","non-climbing","non-aquatic","dimorphic","long","outcrossing","abiotic",NA,NA,"unisexual","superior","none","actinomorphic","dull"
"252","Picramnia polyantha","woody","non-climbing","non-aquatic","dimorphic","long","outcrossing",NA,"biotic","long","unisexual","superior","nectar","actinomorphic","bright"
"253","Pinguicula alpina","herbaceous","non-climbing","non-aquatic","monomorphic","long","outcrossing","biotic","autonomous","short","bisexual",NA,NA,NA,"bright"
"254","Piper amalago","woody","non-climbing","non-aquatic","monomorphic","long","outcrossing","biotic","biotic","long","bisexual",NA,NA,"actinomorphic","bright"
"255","Piper arboreum","woody","non-climbing","non-aquatic","monomorphic","long","outcrossing","abiotic_biotic","biotic","long","unisexual",NA,"none","actinomorphic","bright"
"256","Pitcairnia albiflos","herbaceous","non-climbing","non-aquatic","monomorphic","long","outcrossing_selfing","biotic",NA,NA,"bisexual","intermediate","nectar","actinomorphic","bright"
"257","Pittosporum dasycaulon","woody","non-climbing","non-aquatic","monomorphic","long","outcrossing","biotic","autonomous","short","bisexual","superior","pollen","zygomorphic","bright"
"258","Plantago lanceolata","herbaceous","non-climbing","non-aquatic","dimorphic","long","outcrossing","abiotic_biotic","autonomous","short","bisexual_unisexual","superior","none_pollen","actinomorphic","bright_dull"
"259","Platea latifolia","woody","non-climbing","non-aquatic","dimorphic","long","outcrossing",NA,"biotic","long","unisexual","superior",NA,"actinomorphic","dull"
"260","Plocosperma buxifolium","woody","non-climbing","non-aquatic","dimorphic","long","outcrossing",NA,"biotic","long","unisexual","superior",NA,"zygomorphic","bright"
"261","Plumbago auriculata","woody","non-climbing","non-aquatic","monomorphic","long","outcrossing","biotic","biotic","long","bisexual","superior","nectar","actinomorphic","bright"
"262","Podophyllum peltatum","herbaceous","non-climbing","non-aquatic","monomorphic","long","outcrossing","biotic","biotic","long","bisexual","superior",NA,"actinomorphic","bright"
"263","Poeppigia procera","woody","non-climbing","non-aquatic","monomorphic","long","outcrossing","biotic",NA,NA,"bisexual","superior","pollen","actinomorphic",NA
"264","Polycarpon tetraphyllum","herbaceous","non-climbing","non-aquatic","monomorphic","short",NA,"biotic","biotic","long","bisexual","superior",NA,"actinomorphic","bright"
"265","Polygala lewtonii","herbaceous","non-climbing","non-aquatic","monomorphic","long","mixed","biotic","biotic","short","bisexual","superior","nectar","zygomorphic","bright"
"266","Populus alba","woody","non-climbing","non-aquatic","dimorphic","long","outcrossing","abiotic","abiotic","long","unisexual","superior","none","actinomorphic","dull"
"267","Portulaca oleracea","herbaceous","non-climbing","non-aquatic","monomorphic","short","selfing","biotic","biotic","long","bisexual","intermediate",NA,"actinomorphic","bright"
"268","Posidonia australis","herbaceous","non-climbing","aquatic","monomorphic","long",NA,"abiotic","abiotic","long","bisexual","superior","none",NA,"dull"
"269","Posoqueria latifolia","woody","non-climbing","non-aquatic","monomorphic","long","outcrossing","biotic","biotic","long","bisexual","inferior","nectar","zygomorphic","bright"
"270","Potamogeton berchtoldii","herbaceous","non-climbing","aquatic","monomorphic","long_short",NA,"abiotic","abiotic","long","unisexual",NA,"none",NA,"dull"
"271","Primula sieboldii","herbaceous","non-climbing","non-aquatic","monomorphic","long","outcrossing","biotic","autonomous","short","bisexual","superior","nectar","actinomorphic","bright"
"272","Prionotes cerinthoides","herbaceous","climbing","non-aquatic","monomorphic","long",NA,"biotic",NA,NA,"bisexual","superior","nectar","actinomorphic","bright"
"273","Prunus persica","woody","non-climbing","non-aquatic","monomorphic","long","outcrossing","biotic","biotic","long","bisexual","superior","nectar","actinomorphic","bright"
"274","Putranjiva roxburghii","woody","non-climbing","non-aquatic","dimorphic","long","outcrossing","abiotic",NA,NA,"unisexual","superior","none","actinomorphic","bright_dull"
"275","Qualea grandiflora","woody","non-climbing","non-aquatic","monomorphic","long","outcrossing","biotic","abiotic","long","bisexual","superior",NA,"zygomorphic","bright"
"276","Quercus rubra","woody","non-climbing","non-aquatic","monomorphic","long",NA,"abiotic","biotic","long","unisexual","inferior","none","actinomorphic","dull"
"277","Quinchamalium chilense","herbaceous","non-climbing","non-aquatic","monomorphic","long",NA,"biotic",NA,NA,"bisexual","inferior","nectar","actinomorphic","bright"
"278","Quintinia hyehenensis","woody","non-climbing","non-aquatic","dimorphic","long","outcrossing",NA,NA,NA,"unisexual","inferior",NA,NA,"bright"
"279","Rafflesia keithii",NA,NA,NA,"dimorphic","long","outcrossing","biotic","biotic","long_short","unisexual","inferior",NA,"actinomorphic","bright_dull"
"280","Ranunculus acris","herbaceous","non-climbing","non-aquatic","monomorphic","long","outcrossing","biotic","biotic","long","bisexual","superior","nectar_pollen","actinomorphic","bright"
"281","Ravenala madagascariensis","woody","non-climbing","non-aquatic","monomorphic","long","mixed","biotic","biotic","long","bisexual","inferior","nectar_pollen","zygomorphic","bright"
"282","Reseda lutea","herbaceous","non-climbing","non-aquatic","monomorphic","long_short","outcrossing","biotic","biotic","long","bisexual","superior",NA,"zygomorphic","bright_dull"
"283","Rhexia virginica","herbaceous","non-climbing","non-aquatic","monomorphic","long",NA,"biotic",NA,NA,"bisexual",NA,NA,"actinomorphic","bright"
"284","Rhizophora stylosa","woody","non-climbing","non-aquatic","monomorphic","long",NA,"abiotic","abiotic","long","bisexual","inferior","none","actinomorphic","bright_dull"
"285","Ribes aureum","woody","non-climbing","non-aquatic","monomorphic","long","outcrossing","biotic",NA,NA,"bisexual","inferior","nectar","actinomorphic","bright"
"286","Roridula dentata","woody","non-climbing","non-aquatic","monomorphic","long",NA,"autonomous_biotic","autonomous","short","bisexual","superior","none","actinomorphic","bright_dull"
"287","Roridula gorgonias","herbaceous_woody","non-climbing","non-aquatic","monomorphic","long",NA,"autonomous_biotic","autonomous","short","bisexual","intermediate","none","actinomorphic","bright_dull"
"288","Roupala montana","woody","non-climbing","non-aquatic","monomorphic","long","outcrossing","biotic","abiotic","long","bisexual","superior","nectar","actinomorphic","bright"
"289","Rourea induta","woody","non-climbing","non-aquatic","monomorphic","long","outcrossing","biotic",NA,NA,"bisexual",NA,NA,NA,NA
"290","Ruellia ciliatiflora","herbaceous_woody","non-climbing","non-aquatic","monomorphic","long","mixed","biotic",NA,NA,"bisexual",NA,NA,"zygomorphic","bright"
"291","Ruta graveolens","woody","non-climbing","non-aquatic","monomorphic","long",NA,"biotic","autonomous","short","bisexual","superior","nectar_pollen","actinomorphic","bright"
"292","Sagina procumbens","herbaceous","non-climbing","non-aquatic","monomorphic","long","selfing","autonomous_biotic","autonomous","short","bisexual","superior","nectar","actinomorphic","dull"
"293","Sagittaria latifolia","herbaceous","non-climbing","non-aquatic","dimorphic_monomorphic","long","outcrossing","biotic","abiotic","long","unisexual","superior",NA,"actinomorphic","bright"
"294","Salpiglossis sinuata","herbaceous","non-climbing","non-aquatic","monomorphic","short","outcrossing","autonomous_biotic","autonomous","short","bisexual","superior",NA,"zygomorphic","bright"
"295","Santalum spicatum","woody","non-climbing","non-aquatic","monomorphic","long",NA,"biotic","biotic","long","bisexual","inferior","nectar_other","actinomorphic","bright_dull"
"296","Sarracenia purpurea","herbaceous","non-climbing","non-aquatic","monomorphic","long","outcrossing","biotic","autonomous","short","bisexual","superior","nectar","actinomorphic","bright_dull"
"297","Sauvagesia rhodoleuca","woody","non-climbing","non-aquatic","monomorphic","long",NA,NA,"abiotic","long","bisexual","superior",NA,NA,"bright"
"298","Saxifraga cernua","herbaceous","non-climbing","non-aquatic","dimorphic_monomorphic","long","outcrossing","biotic","abiotic_biotic","long","bisexual_unisexual","intermediate","nectar","actinomorphic","bright"
"299","Scaevola montana","woody","non-climbing","non-aquatic","monomorphic",NA,"outcrossing","biotic","biotic","long","bisexual",NA,"nectar",NA,"bright"
"300","Schinus molle","woody","non-climbing","non-aquatic","dimorphic","long","outcrossing","biotic","abiotic_biotic","long","unisexual","superior",NA,"actinomorphic","bright_dull"
"301","Schisandra chinensis","herbaceous","climbing","non-aquatic","monomorphic","long",NA,"biotic",NA,NA,"unisexual","superior",NA,"actinomorphic","bright"
"302","Schizanthus grahamii","herbaceous","non-climbing","non-aquatic","monomorphic","short",NA,"biotic",NA,NA,"bisexual","superior",NA,"zygomorphic","bright"
"303","Scleranthus annuus","herbaceous","non-climbing","non-aquatic","monomorphic","short","selfing","autonomous_biotic","autonomous","short","bisexual","superior","nectar_none","actinomorphic","bright_dull"
"304","Senecio vulgaris","herbaceous","non-climbing","non-aquatic","monomorphic","short",NA,"biotic","abiotic","long","bisexual","inferior",NA,"actinomorphic","bright"
"305","Sesamum indicum","herbaceous","non-climbing","non-aquatic","monomorphic","short","mixed","biotic","autonomous","short","bisexual","superior","nectar","zygomorphic","bright"
"306","Sextonia rubra","woody","non-climbing","non-aquatic","monomorphic","long",NA,"biotic","autonomous_biotic","long_short","bisexual","superior","other","actinomorphic","bright"
"307","Silene vulgaris","herbaceous","non-climbing","non-aquatic","dimorphic","long",NA,"biotic","abiotic","long","bisexual_unisexual","superior","nectar_other","actinomorphic_zygomorphic","bright"
"308","Simmondsia chinensis","woody","non-climbing","non-aquatic","dimorphic","long","outcrossing","abiotic","biotic","long","unisexual","superior","none","actinomorphic","bright_dull"
"309","Sinojackia xylocarpa","woody","non-climbing","non-aquatic","monomorphic","long",NA,"biotic",NA,NA,"bisexual","intermediate",NA,"actinomorphic","bright"
"310","Solanum dulcamara","herbaceous","climbing_non-climbing","non-aquatic","monomorphic","long",NA,"biotic","biotic","long","bisexual","superior","pollen","actinomorphic","bright"
"311","Souroubea guianensis","woody","climbing","non-aquatic","monomorphic",NA,"outcrossing","biotic","biotic","long","bisexual",NA,"nectar_other",NA,"bright"
"312","Spergularia marina","herbaceous","non-climbing","non-aquatic","monomorphic","short",NA,"autonomous","abiotic","long","bisexual","superior","nectar","actinomorphic","bright_dull"
"313","Spigelia marilandica","herbaceous","non-climbing","non-aquatic","monomorphic","long",NA,"biotic","autonomous","short","bisexual","superior",NA,"actinomorphic","bright_dull"
"314","Spiranthes cernua","herbaceous","non-climbing","non-aquatic","monomorphic","long","outcrossing_selfing","autonomous_biotic","abiotic","long","bisexual","inferior",NA,"zygomorphic","bright_dull"
"315","Spondias tuberosa","woody","non-climbing","non-aquatic","monomorphic","long","outcrossing","biotic","biotic","long","bisexual",NA,NA,"actinomorphic","bright"
"316","Staphylea trifolia","woody","non-climbing","non-aquatic","monomorphic","long","outcrossing","biotic","abiotic","long","bisexual","superior","nectar_pollen","actinomorphic","bright_dull"
"317","Stellaria media","herbaceous","non-climbing","non-aquatic","monomorphic","long_short","selfing","autonomous_biotic","autonomous","short","bisexual","superior","nectar","actinomorphic","bright_dull"
"318","Sterculia apetala","woody","non-climbing","non-aquatic","monomorphic","long","outcrossing","biotic","biotic","long","unisexual","superior",NA,"actinomorphic","bright_dull"
"319","Stylidium graminifolium","herbaceous","non-climbing","non-aquatic","monomorphic","long","outcrossing","biotic","autonomous","short","bisexual","inferior",NA,"zygomorphic","bright"
"320","Swietenia macrophylla","woody","non-climbing","non-aquatic","monomorphic","long",NA,"biotic","abiotic","long","unisexual","superior",NA,"actinomorphic","bright_dull"
"321","Symplocos rhamnifolia","woody","non-climbing","non-aquatic","dimorphic",NA,"outcrossing",NA,NA,NA,"bisexual",NA,NA,"actinomorphic",NA
"322","Syringa vulgaris","woody","non-climbing","non-aquatic","monomorphic","long",NA,"biotic","biotic","long","bisexual","superior","nectar_pollen","actinomorphic","bright"
"323","Tacca chantrieri","herbaceous","non-climbing","non-aquatic","monomorphic","long",NA,"autonomous_biotic","biotic","long","bisexual","inferior",NA,"actinomorphic","bright_dull"
"324","Tacca leontopetaloides","herbaceous","non-climbing","non-aquatic","monomorphic","long",NA,"biotic",NA,NA,"bisexual","inferior",NA,"actinomorphic","bright_dull"
"325","Talinum paniculatum","herbaceous","non-climbing","non-aquatic","monomorphic","long",NA,"biotic","autonomous","short","bisexual","superior",NA,"actinomorphic","bright"
"326","Tectona grandis","woody","non-climbing","non-aquatic","monomorphic","long","outcrossing","biotic","abiotic","long","bisexual","superior","nectar","actinomorphic","bright"
"327","Ternstroemia crassifolia","woody","non-climbing","non-aquatic","monomorphic","long","outcrossing","biotic","biotic","long","bisexual_unisexual",NA,"nectar_pollen","actinomorphic","bright"
"328","Tetracentron sinense","woody","non-climbing","non-aquatic","monomorphic","long","mixed","abiotic_biotic","abiotic","long","bisexual","intermediate","nectar_none_pollen","actinomorphic","bright_dull"
"329","Tetratheca aphylla","woody","non-climbing","non-aquatic","monomorphic","long",NA,"biotic","autonomous_biotic","short","bisexual","superior","pollen",NA,"bright"
"330","Tetroncium magellanicum","herbaceous","non-climbing","aquatic","dimorphic","long","outcrossing","abiotic","biotic","long","unisexual","superior","none","other","bright"
"331","Thalictrum minus","herbaceous","non-climbing","non-aquatic","monomorphic","long",NA,"abiotic_biotic","autonomous","short","bisexual","superior","none_pollen","actinomorphic","bright_dull"
"332","Theobroma cacao","woody","non-climbing","non-aquatic","monomorphic","long","outcrossing","biotic","biotic","long","bisexual","superior","nectar","actinomorphic","bright"
"333","Thymelaea hirsuta","woody","non-climbing","non-aquatic","dimorphic_monomorphic","long","outcrossing","abiotic_biotic","biotic","long","unisexual","superior","none","actinomorphic","dull"
"334","Titanotrichum oldhamii","herbaceous","non-climbing","non-aquatic","monomorphic","long","mixed_outcrossing","biotic",NA,NA,"bisexual","superior",NA,"zygomorphic","bright"
"335","Trachelium caeruleum","herbaceous","non-climbing","non-aquatic","monomorphic","long",NA,"biotic","autonomous","short","bisexual","inferior","nectar_pollen","actinomorphic","bright"
"336","Tragopogon dubius","herbaceous","non-climbing","non-aquatic","monomorphic","short","selfing","biotic","abiotic_biotic","long","bisexual","inferior",NA,"zygomorphic","bright"
"337","Tribulus terrestris","herbaceous","non-climbing","non-aquatic","monomorphic","short",NA,"biotic","biotic","long","bisexual","superior","nectar_pollen","actinomorphic","bright"
"338","Trichilia emetica","woody","non-climbing","non-aquatic","dimorphic","long","outcrossing","biotic","biotic","long","unisexual","superior",NA,"actinomorphic",NA
"339","Trillium erectum","herbaceous","non-climbing","non-aquatic","monomorphic","long","outcrossing","biotic","biotic","short","bisexual","superior",NA,"actinomorphic","bright_dull"
"340","Trithuria submersa","herbaceous","non-climbing","aquatic","monomorphic","short","selfing","abiotic","autonomous","short","unisexual","superior","none","actinomorphic","bright"
"341","Trochocarpa laurina","woody","non-climbing","non-aquatic","monomorphic","long","outcrossing","biotic","abiotic_biotic","long","bisexual","superior",NA,"actinomorphic","bright"
"342","Tropaeolum majus","herbaceous","climbing_non-climbing","non-aquatic","monomorphic","long_short",NA,"biotic","abiotic","long","bisexual","superior","nectar_pollen","zygomorphic","bright"
"343","Tropaeolum tricolor","herbaceous","non-climbing","non-aquatic","monomorphic","long",NA,"biotic",NA,NA,"bisexual","superior",NA,"zygomorphic","bright"
"344","Turnera ulmifolia","woody","non-climbing","non-aquatic","monomorphic","long","outcrossing","biotic","biotic","short","bisexual","superior",NA,"actinomorphic","bright"
"345","Typha latifolia","herbaceous","non-climbing","non-aquatic","monomorphic","long",NA,"abiotic","abiotic","long","unisexual","superior","none",NA,"dull"
"346","Urtica dioica","herbaceous","non-climbing","non-aquatic","dimorphic","long","outcrossing","abiotic","biotic","long","unisexual","superior","none","actinomorphic_other","dull"
"347","Vaccinium uliginosum","woody","non-climbing","non-aquatic","monomorphic","long","outcrossing_selfing","biotic","biotic","long","bisexual","inferior","nectar","actinomorphic","bright_dull"
"348","Valeriana officinalis","herbaceous","non-climbing","non-aquatic","monomorphic","long","outcrossing","biotic","abiotic","long","bisexual","inferior","nectar_pollen","other","bright"
"349","Vellozia squamata","woody","non-climbing","non-aquatic","monomorphic","long","outcrossing","biotic",NA,NA,"bisexual",NA,NA,"actinomorphic","bright"
"350","Verbascum thapsus","herbaceous","non-climbing","non-aquatic","monomorphic","short",NA,"biotic","biotic","long","bisexual","superior","nectar_pollen","zygomorphic","bright"
"351","Veronica anagallis-aquatica","herbaceous","non-climbing","non-aquatic","monomorphic","long","selfing","abiotic_biotic","abiotic","long","bisexual","superior","none","zygomorphic","bright"
"352","Viburnum rufidulum","woody","non-climbing","non-aquatic","monomorphic","long","outcrossing","biotic","biotic","long","bisexual","inferior","pollen","actinomorphic","bright"
"353","Viola pubescens","herbaceous","non-climbing","non-aquatic","monomorphic","long","mixed","autonomous_biotic","autonomous_biotic","short","bisexual","superior",NA,"zygomorphic","bright"
"354","Vitex negundo","woody","non-climbing","non-aquatic","monomorphic","long",NA,"biotic",NA,NA,"bisexual",NA,"nectar","zygomorphic","bright"
"355","Vitis labrusca","woody","climbing","non-aquatic","monomorphic","long",NA,"biotic","biotic","long","bisexual","superior",NA,"actinomorphic","dull"
"356","Viviania marifolia","herbaceous","non-climbing","non-aquatic","monomorphic","long","outcrossing","biotic","abiotic_biotic","long","bisexual","superior","nectar","actinomorphic","bright"
"357","Vriesea carinata","herbaceous","non-climbing","non-aquatic","monomorphic","long",NA,"biotic","abiotic","long","bisexual","superior",NA,"actinomorphic_zygomorphic","bright"
"358","Warburgia ugandensis","woody","non-climbing","non-aquatic","monomorphic","long",NA,"biotic","biotic","long","bisexual","superior",NA,"actinomorphic","bright_dull"
"359","Wurmbea biglandulosa","herbaceous","non-climbing","non-aquatic","dimorphic_monomorphic","long",NA,"biotic","autonomous","short","bisexual_unisexual","superior","nectar","actinomorphic","bright"
"360","Xanthosoma sagittifolium","herbaceous","non-climbing","non-aquatic","monomorphic","long",NA,"biotic","autonomous_biotic","long_short","unisexual","superior","other",NA,"bright"
"361","Ximenia americana","woody","non-climbing","non-aquatic","monomorphic","long","outcrossing","biotic","abiotic_biotic","long","bisexual","superior",NA,"actinomorphic","bright_dull"
"362","Zea mays","herbaceous","non-climbing","non-aquatic","monomorphic","short",NA,"abiotic","biotic","long","unisexual","superior","none",NA,"dull"
"363","Zelkova serrata","woody","non-climbing","non-aquatic","monomorphic","long",NA,"abiotic","abiotic","long","bisexual_unisexual","superior","none",NA,"dull"
"364","Zostera marina","herbaceous","non-climbing","aquatic","monomorphic","long",NA,"abiotic","abiotic","long","unisexual",NA,"none",NA,"dull"
