"","NTaxDat","meanValDat_103. Flower length (C1)","meanValDat_2. Maximum vertical height (C1)","meanValDat_20501. Fruit width (C1)","meanValDat_301. Number of fertile stamens (C1)","meanValDat_411. Number of ovules per functional carpel (C1)","meanValDat_5014. Pollen size (C1)","meanValDat_81. Pollen/ovule ratio (C1)","meanValDat_104. Flower diameter (C1)","meanValDat_20500. Fruit length (C1)","meanValDat_401. Number of structural carpels (C1)","meanValDat_403. Fusion of ovaries (C1)","meanValDat_417. Length of gynoecium (C1)","meanValDat_84. Outcrossing rate (C1)","meanMinDat_103. Flower length (C1)","meanMinDat_2. Maximum vertical height (C1)","meanMinDat_20501. Fruit width (C1)","meanMinDat_301. Number of fertile stamens (C1)","meanMinDat_411. Number of ovules per functional carpel (C1)","meanMinDat_5014. Pollen size (C1)","meanMinDat_81. Pollen/ovule ratio (C1)","meanMinDat_104. Flower diameter (C1)","meanMinDat_20500. Fruit length (C1)","meanMinDat_401. Number of structural carpels (C1)","meanMinDat_403. Fusion of ovaries (C1)","meanMinDat_417. Length of gynoecium (C1)","meanMinDat_84. Outcrossing rate (C1)","meanMaxDat_103. Flower length (C1)","meanMaxDat_2. Maximum vertical height (C1)","meanMaxDat_20501. Fruit width (C1)","meanMaxDat_301. Number of fertile stamens (C1)","meanMaxDat_411. Number of ovules per functional carpel (C1)","meanMaxDat_5014. Pollen size (C1)","meanMaxDat_81. Pollen/ovule ratio (C1)","meanMaxDat_104. Flower diameter (C1)","meanMaxDat_20500. Fruit length (C1)","meanMaxDat_401. Number of structural carpels (C1)","meanMaxDat_403. Fusion of ovaries (C1)","meanMaxDat_417. Length of gynoecium (C1)","meanMaxDat_84. Outcrossing rate (C1)"
"1","Abolboda pulchella",0.6,0.3,0.4,3,10.6,90,47,NA,NA,NA,NA,NA,NA,NA,NA,NA,NA,NA,80,NA,NA,NA,NA,NA,NA,NA,NA,NA,NA,NA,NA,100,NA,NA,NA,NA,NA,NA,NA
"2","Achatocarpus praecox",0.45,6,0.45,16,1,NA,NA,0.65,0.55,2,1,0.3,NA,0.4,2,0.4,14,0,NA,NA,0.5,0.5,NA,NA,NA,NA,0.5,10,0.5,18,1,NA,NA,0.8,0.6,NA,NA,NA,NA
"3","Acorus calamus",0.35,1.75,0.25,6,4.5,21,NA,0.25,0.425,3,1,0.14,NA,0.3,NA,0.2,NA,3,NA,NA,0.2,0.4,NA,NA,NA,NA,0.4,NA,0.3,NA,6,NA,NA,0.3,0.45,NA,NA,NA,NA
"4","Actinidia chinensis",1.5,5,NA,155,15,NA,NA,5.15,NA,29,1,NA,NA,1,NA,NA,140,10,NA,NA,3.5,NA,20,NA,NA,NA,2,NA,NA,170,20,NA,NA,6.8,NA,38,NA,NA,NA
"5","Aerva javanica",0.2,1,NA,5,1,NA,NA,NA,NA,2.5,1,NA,NA,0.15,NA,NA,NA,NA,NA,NA,NA,NA,2,NA,NA,NA,0.25,NA,NA,NA,NA,NA,NA,NA,NA,3,NA,NA,NA
"6","Aextoxicon punctatum",NA,8,0.55,5.5,2,NA,NA,0.8,0.85,1,NA,NA,NA,NA,2,0.5,5,NA,NA,NA,NA,0.7,NA,NA,NA,NA,NA,14,0.6,6,NA,NA,NA,NA,1,NA,NA,NA,NA
"7","Agalinis neoscotica",1.15,0.4,0.55,4,999,NA,128.4,0.64,0.55,2,NA,NA,0.53,0.8,0.5,0.5,NA,NA,NA,NA,0.5,0.5,NA,NA,NA,NA,1.5,0.3,0.6,NA,NA,NA,NA,0.78,0.6,NA,NA,NA,NA
"8","Ailanthus altissima",NA,30,1,10,1,31.5,NA,0.8,4.05,5,NA,NA,NA,NA,NA,0.8,NA,NA,NA,NA,NA,3.3,NA,NA,NA,NA,NA,NA,1.2,NA,NA,NA,NA,NA,4.8,NA,NA,NA,NA
"9","Ainsliaea cordifolia",1.5,0.375,NA,5,1,NA,NA,NA,0.4,2,1,NA,0.97,NA,0.3,NA,NA,NA,NA,NA,NA,NA,NA,NA,NA,NA,NA,0.45,NA,NA,NA,NA,NA,NA,NA,NA,NA,NA,NA
"10","Ajuga reptans",0.8,0.275,NA,4,NA,22.95,661.5,1.27,NA,2,1,NA,NA,0.525,0.15,NA,NA,NA,NA,592,NA,NA,NA,NA,NA,NA,1.075,0.4,NA,NA,NA,NA,731,NA,NA,NA,NA,NA,NA
"11","Akebia quinata",0.825,9.5,3.725,6,150,17.5,NA,1.1,6.875,6,0,NA,0.92,0.6,7,3.15,NA,NA,10,NA,0.8,4.55,3,NA,NA,NA,1.05,12,4.3,NA,NA,25,NA,1.4,9.2,9,NA,NA,NA
"12","Albizia julibrissin",0.75,16,2,25,15,100,2826,0.8,14.75,1,NA,NA,1,0.7,NA,1.5,20.5,12,NA,NA,NA,12,NA,NA,NA,0.95,0.8,NA,2.5,29.5,18,NA,NA,NA,17.5,NA,NA,NA,1.0035
"13","Alepis flavida",1.6,1,NA,5.5,NA,NA,NA,0.65,NA,NA,NA,NA,NA,1,NA,NA,5,NA,NA,NA,0.5,NA,NA,NA,NA,NA,2,NA,NA,6,NA,NA,NA,0.8,NA,NA,NA,NA,NA
"14","Allanblackia floribunda",5,30,9.5,185,18,NA,NA,5,35,5,NA,NA,NA,4.5,NA,5,NA,16,NA,NA,NA,20,NA,NA,NA,NA,5.5,NA,14,NA,20,NA,NA,NA,50,NA,NA,NA,NA
"15","Allium sativum",NA,0.3,NA,6,2,NA,NA,NA,NA,3,NA,NA,NA,NA,0.2,NA,NA,NA,NA,NA,NA,NA,NA,NA,NA,NA,NA,0.4,NA,NA,NA,NA,NA,NA,NA,NA,NA,NA,NA
"16","Allium schoenoprasum",1.04,0.35,0.315,6,2,NA,NA,NA,0.345,3,NA,NA,0.91,0.8,0.2,0.26,NA,NA,NA,NA,NA,0.31,NA,NA,NA,NA,1.28,0.5,0.37,NA,NA,NA,NA,NA,0.38,NA,NA,NA,NA
"17","Allocasuarina verticillata",0.9,7,NA,1,1,30,4364,NA,NA,1.5,1,NA,NA,NA,4,NA,NA,NA,25,3220,NA,NA,NA,NA,NA,NA,NA,10,NA,NA,NA,35,5508,NA,NA,NA,NA,NA,NA
"18","Alluaudia procera",NA,15,NA,8,1,NA,NA,0.2,0.25,3,1,NA,NA,NA,NA,NA,NA,NA,NA,NA,NA,0.2,NA,NA,NA,NA,NA,NA,NA,NA,NA,NA,NA,NA,0.3,NA,NA,NA,NA
"19","Alnus alnobetula",NA,10,NA,4,1.5,23,NA,NA,NA,2.5,1,NA,0.95,NA,0.5,NA,3,1,21,NA,NA,NA,2,NA,NA,NA,NA,3,NA,6,2,25,NA,NA,NA,3,NA,NA,NA
"20","Aloe thraskii",2.35,2.75,NA,6,NA,NA,NA,NA,NA,NA,NA,NA,0.78,1.8,0.5,NA,NA,NA,NA,NA,NA,NA,NA,NA,NA,NA,2.9,5,NA,NA,NA,NA,NA,NA,NA,NA,NA,NA,NA
"21","Alphitonia excelsa",NA,21,0.9,5,1,22,5550,1,0.85,3,NA,NA,NA,NA,NA,0.7,NA,NA,21,NA,0.4,0.7,NA,NA,NA,NA,NA,NA,1.1,NA,NA,23,NA,0.6,1,NA,NA,NA,NA
"22","Alseuosmia macrophylla",3.75,2.375,NA,5,51.5,47.5,NA,NA,NA,2,NA,NA,NA,3.5,2,NA,NA,4,45,NA,NA,NA,NA,NA,NA,NA,4,2.75,NA,NA,99,50,NA,NA,NA,NA,NA,NA,NA
"23","Alstroemeria aurea",NA,0.75,NA,6,21.5,NA,4500,5,2.25,3,NA,NA,0.31,NA,0.3,NA,NA,17,NA,NA,NA,2,NA,NA,NA,NA,NA,1.2,NA,NA,26,NA,NA,NA,2.5,NA,NA,NA,NA
"24","Alyssum simplex",NA,0.15,0.45,6,2,36.55,NA,0.25,0.45,2,1,NA,NA,NA,0.05,0.4,NA,NA,NA,NA,0.2,0.4,NA,NA,NA,NA,NA,0.25,0.5,NA,NA,NA,NA,0.3,0.5,NA,NA,NA,NA
"25","Amborella trichopoda",NA,8,0.5,16.5,1,NA,1582,0.4,0.7,5,0,NA,NA,NA,7,NA,12,NA,NA,NA,0.333333333333333,NA,5,NA,NA,NA,NA,9,NA,21,NA,NA,NA,0.466666666666667,NA,8,NA,NA,NA
"26","Amsonia tabernaemontana",NA,0.65,NA,5,NA,NA,NA,1.9,NA,2,0,NA,NA,NA,0.3,NA,NA,NA,NA,NA,NA,NA,NA,NA,NA,NA,NA,1,NA,NA,NA,NA,NA,NA,NA,NA,NA,NA,NA
"27","Anarthria polyphylla",0.5,0.1,NA,3,1,NA,NA,NA,0.2,3,1,NA,NA,NA,0.05,NA,NA,NA,NA,NA,NA,0.17,NA,NA,NA,NA,NA,0.15,NA,NA,NA,NA,NA,NA,0.23,NA,NA,NA,NA
"28","Angelonia pubescens",NA,0.7,NA,4,NA,NA,NA,1.4,NA,2,1,NA,NA,NA,NA,NA,NA,NA,NA,NA,NA,NA,NA,NA,NA,NA,NA,NA,NA,NA,NA,NA,NA,NA,NA,NA,NA,NA,NA
"29","Anigozanthos humilis",3.75,0.55,NA,6,51,NA,NA,NA,NA,3,NA,NA,NA,3,0.1,NA,NA,2,NA,NA,NA,NA,NA,NA,NA,NA,4.5,1,NA,NA,100,NA,NA,NA,NA,NA,NA,NA,NA
"30","Annona crassiflora",NA,7,15,NA,NA,NA,NA,3.25,15,NA,NA,NA,0.974,NA,6,NA,NA,NA,NA,NA,3,NA,NA,NA,NA,NA,NA,8,NA,NA,NA,NA,NA,3.5,NA,NA,NA,NA,NA
"31","Antirrhinum majus",3.6,0.5,1.1,4,9999,17.5,NA,1.9,1.35,2,1,NA,NA,2.7,0.35,1,NA,NA,10,NA,1.3,1.2,NA,NA,NA,NA,4.5,0.65,1.2,NA,NA,25,NA,2.5,1.5,NA,NA,NA,NA
"32","Apium graveolens",0.15,1,NA,5,1,23,NA,0.1,0.15,2,1,NA,0.5475,0.1,NA,NA,NA,NA,22,NA,0.05,NA,NA,NA,NA,0.395,0.2,NA,NA,NA,NA,24,NA,0.15,NA,NA,NA,NA,0.7
"33","Aquilegia canadensis",3,0.525,NA,40,75,NA,610,NA,NA,5,0,1.65,0.255,NA,0.15,NA,30,NA,NA,550,NA,NA,NA,NA,NA,NA,NA,0.9,NA,40,NA,NA,620,NA,NA,NA,NA,NA,NA
"34","Arabidopsis thaliana",NA,0.175,NA,6,55,17.5,33,0.25,NA,2,1,NA,0.015,NA,0.05,NA,NA,40,10,NA,0.2,NA,NA,NA,NA,0,NA,0.3,NA,NA,70,25,NA,0.3,NA,NA,NA,NA,0.03
"35","Aralidium pinnatifidum",0.25,10,NA,5,0.5,NA,NA,NA,2.65,3,1,NA,NA,0.2,NA,NA,NA,0,NA,NA,NA,2.5,3,NA,NA,NA,0.3,NA,NA,NA,1,NA,NA,NA,2.8,4,NA,NA,NA
"36","Arctostaphylos uva-ursi",0.2,0.105,NA,10,1,54,NA,0.2,NA,5,1,NA,NA,NA,0.06,NA,NA,NA,44,NA,NA,NA,NA,NA,NA,NA,NA,0.15,NA,NA,NA,64,NA,NA,NA,NA,NA,NA,NA
"37","Arum maculatum",NA,0.33,NA,3.5,2,38,4596,0.15,NA,1,NA,NA,1,NA,NA,NA,3,1,36,NA,0.1,NA,NA,NA,NA,NA,NA,NA,NA,4,3,40,NA,0.2,NA,NA,NA,NA,NA
"38","Asparagus officinalis",NA,1.75,NA,6,NA,38,NA,0.5,0.8,3,1,NA,NA,NA,1,NA,NA,NA,26,NA,0.4,0.6,NA,NA,NA,NA,NA,2.5,NA,NA,NA,50,NA,0.6,1,NA,NA,NA,NA
"39","Astelia alpina",0.4,0.3,NA,6,12,18.25,NA,0.3,1.2,3,1,NA,NA,0.2,NA,NA,NA,NA,12.5,NA,NA,NA,NA,NA,NA,NA,0.6,NA,NA,NA,NA,24,NA,NA,NA,NA,NA,NA,NA
"40","Audouinia capitata",1,0.4,NA,5,2,NA,NA,NA,NA,3,NA,NA,NA,NA,0.3,NA,NA,NA,NA,NA,NA,NA,NA,NA,NA,NA,NA,0.5,NA,NA,NA,NA,NA,NA,NA,NA,NA,NA,NA
"41","Avicennia marina",0.595,4.1,1.2,4,2,NA,4000,0.48,2.5,2,1,0.3,0.650083333333333,0.36,NA,1.06,NA,NA,NA,NA,0.25,1.44,NA,NA,NA,NA,0.83,NA,2.71,NA,NA,NA,NA,0.68,3.05,NA,NA,NA,NA
"42","Azima tetracantha",NA,0.9,NA,4,1,NA,NA,3.5,0.75,2,1,NA,NA,NA,NA,NA,NA,NA,NA,NA,2,0.5,NA,NA,NA,NA,NA,NA,NA,NA,NA,NA,NA,5,1,NA,NA,NA,NA
"43","Bagassa guianensis",0.1,37.5,3,2,NA,NA,NA,NA,NA,NA,NA,NA,NA,NA,NA,2.5,2,NA,NA,NA,NA,NA,NA,NA,NA,NA,NA,NA,3.5,4,NA,NA,NA,NA,NA,NA,NA,NA,NA
"44","Balanophora laxiflora",NA,NA,NA,5,NA,NA,NA,1.5,NA,NA,NA,NA,NA,NA,NA,NA,4,NA,NA,NA,NA,NA,NA,NA,NA,NA,NA,NA,NA,6,NA,NA,NA,NA,NA,NA,NA,NA,NA
"45","Balanops pancheri",NA,4,NA,5,2,NA,NA,NA,1.7,2,1,NA,NA,NA,NA,NA,4,NA,NA,NA,NA,NA,NA,NA,NA,NA,NA,NA,NA,6,NA,NA,NA,NA,NA,NA,NA,NA,NA
"46","Bdallophytum americanum",0.855,0.165,1.35,9,NA,NA,NA,0.65,NA,9.5,NA,NA,NA,0.615,0.08,1.2,6,NA,NA,NA,0.45,NA,7,NA,NA,NA,1.095,0.25,1.5,12,NA,NA,NA,0.85,NA,12,NA,NA,NA
"47","Begonia heracleifolia",1.2,NA,NA,22.5,NA,NA,NA,NA,1,3,NA,NA,0.399,1,NA,NA,10,NA,NA,NA,NA,0.8,NA,NA,NA,NA,1.4,NA,NA,35,NA,NA,NA,NA,1.2,NA,NA,NA,NA
"48","Bergeranthus multiceps",NA,0.08,0.5,182.5,NA,NA,NA,2,0.8,NA,NA,NA,NA,NA,NA,0.4,150,NA,NA,NA,NA,0.7,NA,NA,NA,NA,NA,NA,0.6,215,NA,NA,NA,NA,0.9,NA,NA,NA,NA
"49","Berteroa incana",NA,0.7,0.16,6,NA,17.5,NA,0.3,0.6,2,1,NA,NA,NA,0.3,0.12,6,NA,10,NA,0.6,0.5,NA,NA,NA,NA,NA,1.1,0.2,6,NA,25,NA,1,0.7,NA,NA,NA,NA
"50","Bertholletia excelsa",NA,50,NA,114,9,NA,26755,2.5,NA,4,1,NA,NA,NA,NA,NA,NA,8,NA,NA,2,NA,NA,NA,NA,NA,NA,NA,NA,NA,10,NA,NA,3,NA,NA,NA,NA,NA
"51","Beta vulgaris",NA,2,NA,5,1,18,29545.8333333333,0.5,NA,2.5,1,NA,0.679,NA,NA,NA,NA,NA,16,NA,NA,NA,NA,NA,NA,NA,NA,NA,NA,NA,NA,20,NA,NA,NA,NA,NA,NA,NA
"52","Bixa orellana",NA,10,4.275,425,46.6666666666667,NA,138636,4.5,6.265,2,1,NA,0.678,NA,NA,2.9,NA,9.5,NA,NA,4,5.2,NA,NA,NA,NA,NA,NA,5.65,NA,79.5,NA,NA,5,7.33,NA,NA,NA,NA
"53","Borago officinalis",1.25,0.5,NA,5,2,38,15875,2.5,NA,2,1,NA,0.04,1.2,0.3,NA,NA,NA,26,NA,2,NA,NA,NA,NA,NA,1.3,0.7,NA,NA,NA,50,NA,3,NA,NA,NA,NA,NA
"54","Brasenia schreberi",NA,1.5,NA,26.5,1.5,47.6,9619,2,NA,11.6,0,NA,0.628636363636364,NA,1,NA,18,1,NA,NA,1,NA,6.4,NA,NA,NA,NA,2,NA,35,2,NA,NA,2,NA,16.8,NA,NA,NA
"55","Bretschneidera sinensis",NA,20,NA,8,2,50.5,14516.5,3.5,NA,3,1,NA,0.67,NA,NA,NA,NA,NA,48,12605,2.75,NA,2,NA,NA,NA,NA,NA,NA,NA,NA,53,16428,4.25,NA,5,NA,NA,NA
"56","Bruguiera gymnorhiza",3.25,35,2,22,3.33333333333333,29.8,3e+05,2.5,20,3,1,2,0.9115,3,NA,NA,24,NA,15.2,NA,1.5,15,3,NA,NA,0.5415,3.5,NA,NA,28,NA,18.2,NA,3.5,25,4,NA,NA,0.9035
"57","Buddleja davidii",0.65,5,NA,4,NA,NA,106.59,NA,NA,NA,NA,NA,0.93,0.5,NA,NA,NA,NA,NA,NA,NA,NA,NA,NA,NA,NA,0.8,NA,NA,NA,NA,NA,NA,NA,NA,NA,NA,NA,NA
"58","Bursera simaruba",NA,15,NA,10,2,NA,NA,0.6,NA,3,NA,NA,NA,NA,NA,NA,NA,NA,NA,NA,0.5,NA,NA,NA,NA,NA,NA,NA,NA,NA,NA,NA,NA,0.7,NA,NA,NA,NA,NA
"59","Butomus umbellatus",NA,0.8,NA,9,50,38,NA,2.25,NA,6,NA,NA,NA,NA,0.4,NA,NA,NA,26,NA,2,NA,NA,NA,NA,NA,NA,1.2,NA,NA,NA,50,NA,2.5,NA,NA,NA,NA,NA
"60","Buxus balearica",0.6,6,NA,4,2,NA,NA,NA,NA,3,NA,0.6,NA,NA,NA,NA,2,NA,NA,NA,NA,NA,NA,NA,NA,NA,NA,NA,NA,5,NA,NA,NA,NA,NA,NA,NA,NA,NA
"61","Byrsonima crassifolia",1.2,12.5,1.83,10,1,13,NA,1.1,NA,3,1,NA,0.0566666666666667,NA,10,1,NA,NA,11,NA,NA,NA,NA,NA,NA,NA,NA,15,2,NA,NA,15,NA,NA,NA,NA,NA,NA,NA
"62","Cabomba caroliniana",0.9,10,NA,6,3,NA,62,2.5,NA,3,0,NA,NA,0.7,NA,NA,NA,NA,NA,NA,0.8,NA,NA,NA,NA,NA,1.1,NA,NA,NA,NA,NA,NA,1.75,NA,NA,NA,NA,NA
"63","Calceolaria purpurea",NA,0.6,NA,2,NA,NA,NA,1.27,NA,NA,NA,NA,NA,NA,NA,NA,NA,NA,NA,NA,NA,NA,NA,NA,NA,NA,NA,NA,NA,NA,NA,NA,NA,NA,NA,NA,NA,NA,NA
"64","Camellia sinensis",1.75,5,NA,100,4,38,NA,2.75,NA,3,1,NA,NA,1.5,1,NA,NA,NA,26,NA,2.25,NA,NA,NA,NA,NA,2,9,NA,NA,NA,50,NA,3.25,NA,NA,NA,NA,NA
"65","Canacomyrica monticola",NA,7,1,6,1,NA,NA,NA,NA,1,NA,NA,NA,NA,NA,NA,NA,NA,NA,NA,NA,NA,NA,NA,NA,NA,NA,NA,NA,NA,NA,NA,NA,NA,NA,NA,NA,NA,NA
"66","Canna indica",6,2.5,0.6,0.5,NA,49.5,NA,NA,NA,3,1,NA,NA,4.5,NA,0.5,NA,NA,38,NA,NA,NA,NA,NA,NA,NA,7.5,NA,0.7,NA,NA,61,NA,NA,NA,NA,NA,NA,NA
"67","Cannabis sativa",0.2,1.5,NA,5,0.5,30,NA,0.5,NA,2,1,NA,NA,NA,1,NA,NA,0,27,NA,NA,NA,NA,NA,NA,NA,NA,2,NA,NA,1,33,NA,NA,NA,NA,NA,NA,NA
"68","Capparis zeylanica",NA,3.5,NA,37.5,999,NA,NA,9,3.25,4,NA,NA,NA,NA,2,NA,30,NA,NA,NA,NA,2.5,NA,NA,NA,NA,NA,5,NA,45,NA,NA,NA,NA,4,NA,NA,NA,NA
"69","Cardiocrinum cordatum",15,1.35,NA,6,312.5,NA,NA,NA,NA,3,NA,NA,0.434166666666667,12,0.7,NA,NA,300,NA,NA,NA,NA,NA,NA,NA,NA,18,2,NA,NA,325,NA,NA,NA,NA,NA,NA,NA,NA
"70","Carex laxiflora",0.3225,0.45,NA,2,1,NA,NA,NA,NA,3,NA,NA,0.09,0.29,0.4,NA,1,NA,NA,NA,NA,NA,NA,NA,NA,0.03,0.355,0.5,NA,3,NA,NA,NA,NA,NA,NA,NA,NA,NA
"71","Carica papaya",0.8,6,NA,10,999,34,NA,4,26.5,5,1,NA,NA,2.5,NA,NA,NA,NA,NA,NA,3.5,8,NA,NA,NA,NA,4.25,NA,NA,NA,NA,NA,NA,4.5,45,NA,NA,NA,NA
"72","Caryocar brasiliense",NA,10,NA,300,NA,NA,NA,6,NA,3.5,NA,NA,1,NA,NA,NA,270,NA,NA,NA,5,NA,3,NA,NA,NA,NA,NA,NA,330,NA,NA,NA,7,NA,4,NA,NA,NA
"73","Catalpa speciosa",NA,30,1.25,2,999,NA,NA,5.5,35,2,1,NA,NA,NA,NA,1,NA,NA,NA,NA,5,20,NA,NA,NA,NA,NA,NA,1.5,NA,NA,NA,NA,6,50,NA,NA,NA,NA
"74","Catharanthus roseus",NA,0.875,NA,5,NA,75.5,NA,4.49,NA,2,NA,NA,0.63,NA,0.75,NA,NA,NA,51,NA,3.82,NA,NA,NA,NA,NA,NA,1,NA,NA,NA,100,NA,5.16,NA,NA,NA,NA,NA
"75","Caulophyllum thalictroides",NA,0.55,NA,6,2.25,NA,5286,0.9,NA,1,NA,NA,NA,NA,0.2,NA,NA,NA,NA,2116,0.6,NA,NA,NA,NA,NA,NA,0.9,NA,NA,NA,NA,3727,1.2,NA,NA,NA,NA,NA
"76","Centroplacus glaucinus",NA,20,NA,5,2,NA,NA,0.2,0.7,3,1,NA,NA,NA,NA,NA,NA,NA,NA,NA,0.1,NA,NA,NA,NA,NA,NA,NA,NA,NA,NA,NA,NA,0.3,NA,NA,NA,NA,NA
"77","Ceratophyllum demersum",0.125,3,NA,1,1,21,NA,0.1,NA,1,NA,NA,NA,0.1,NA,NA,NA,NA,20,NA,0.05,NA,NA,NA,NA,NA,0.15,NA,NA,NA,NA,22,NA,0.15,NA,NA,NA,NA,NA
"78","Cercidiphyllum japonicum",0.9,30,NA,10,20.5,NA,NA,NA,NA,1,0,NA,NA,1,NA,NA,7,17,NA,NA,NA,NA,NA,NA,NA,NA,1.5,NA,NA,13,24,NA,NA,NA,NA,NA,NA,NA,NA
"79","Chimaphila umbellata",NA,0.275,NA,10,1000,NA,32,1.4,NA,5,1,NA,0.955,NA,0.1,NA,NA,NA,NA,NA,NA,NA,NA,NA,NA,NA,NA,0.45,NA,NA,NA,NA,NA,NA,NA,NA,NA,NA,NA
"80","Chimonanthus praecox",NA,8,NA,7,2,38,2847,2.75,NA,9,0,NA,0.54,NA,3,NA,6,NA,26,NA,1.5,NA,8,NA,NA,NA,NA,13,NA,8,NA,50,NA,4,NA,10,NA,NA,NA
"81","Chloranthus spicatus",NA,0.6,NA,2.33333333333333,1,NA,NA,0.5,NA,1,NA,NA,NA,NA,0.4,NA,NA,NA,NA,NA,0.4,NA,NA,NA,NA,NA,NA,1.05,NA,NA,NA,NA,NA,0.6,NA,NA,NA,NA,NA
"82","Chorispora tenella",NA,0.305,0.175,6,15.6,17.5,NA,8.15,2.4,2,1,NA,NA,NA,0.05,0.15,NA,NA,10,NA,7.8,1.95,NA,NA,NA,NA,NA,0.56,0.2,NA,NA,25,NA,8.5,2.85,NA,NA,NA,NA
"83","Cinnamomum camphora",0.3,22.5,NA,9,1,17.5,NA,NA,NA,1,NA,NA,1,0.1,NA,NA,NA,NA,10,NA,NA,NA,NA,NA,NA,NA,0.2,NA,NA,NA,NA,25,NA,NA,NA,NA,NA,NA,NA
"84","Cirsium pitcheri",2.5,0.55,NA,5,0.5,NA,NA,NA,NA,2,NA,NA,0.658333333333333,2,0.1,NA,NA,0,NA,NA,NA,NA,NA,NA,NA,NA,3,1,NA,NA,1,NA,NA,NA,NA,NA,NA,NA,NA
"85","Clarkia xantiana",3.5,0.45,NA,8,500,NA,84.5,NA,2.25,4,1,NA,0.7885,NA,0.2,NA,NA,1,NA,NA,NA,1.5,NA,NA,NA,NA,NA,0.7,NA,NA,999,NA,NA,NA,3,NA,NA,NA,NA
"86","Claytonia virginica",NA,0.225,NA,5,2,NA,NA,0.85,NA,3,1,NA,NA,NA,0.05,NA,NA,NA,NA,NA,0.5,NA,NA,NA,NA,NA,NA,0.4,NA,NA,NA,NA,NA,1.2,NA,NA,NA,NA,NA
"87","Cleistesiopsis bifaria",1.7,0.315,NA,2,1853.5,NA,4,7.5,NA,3,NA,NA,NA,1.5,0.13,NA,NA,40,NA,NA,5,NA,NA,NA,NA,NA,1.9,0.5,NA,NA,3667,NA,NA,10,NA,NA,NA,NA,NA
"88","Clethra alnifolia",0.5,2,NA,10,40,NA,NA,0.55,NA,3,1,NA,NA,NA,1,NA,NA,NA,NA,NA,NA,NA,NA,NA,NA,NA,NA,3,NA,NA,NA,NA,NA,NA,NA,NA,NA,NA,NA
"89","Clutia pulchella",NA,0.84,NA,5,1,NA,3959,4,NA,3,1,NA,NA,NA,0.81,NA,NA,NA,NA,NA,NA,NA,NA,NA,NA,NA,NA,0.87,NA,NA,NA,NA,NA,NA,NA,NA,NA,NA,NA
"90","Cobaea scandens",5.75,25,NA,5,26,100,415.5,4.1,NA,3,1,NA,NA,5.4,NA,NA,NA,2,NA,NA,3.3,NA,NA,NA,NA,NA,6.1,NA,NA,NA,50,NA,NA,4.9,NA,NA,NA,NA,NA
"91","Cochlospermum vitifolium",NA,12,5.5,175,120,17.5,NA,11,8,5,1,NA,NA,NA,3,4,150,200,10,NA,10,NA,NA,NA,NA,NA,NA,20,7,200,500,25,NA,12,NA,NA,NA,NA,NA
"92","Coffea arabica",NA,5,NA,5,1,38,NA,3,NA,2,NA,NA,0.691666666666667,NA,NA,NA,NA,NA,26,NA,NA,NA,NA,NA,NA,NA,NA,NA,NA,NA,NA,50,NA,NA,NA,NA,NA,NA,NA
"93","Combretum leprosum",0.95,12,NA,8,4,NA,NA,NA,NA,2,NA,NA,NA,0.9,NA,NA,NA,2,NA,NA,NA,NA,NA,NA,NA,NA,1,NA,NA,NA,6,NA,NA,NA,NA,NA,NA,NA,NA
"94","Commelina communis",NA,1,NA,3,2,NA,NA,1.25,NA,2,NA,NA,NA,NA,NA,NA,NA,NA,NA,NA,1,NA,NA,NA,NA,NA,NA,NA,NA,NA,NA,NA,NA,1.5,NA,NA,NA,NA,NA
"95","Cordyline australis",0.55,12,NA,6,NA,NA,NA,0.5,NA,3,1,NA,NA,0.5,NA,NA,NA,NA,NA,NA,NA,NA,NA,NA,NA,NA,0.6,NA,NA,NA,NA,NA,NA,NA,NA,NA,NA,NA,NA
"96","Coriaria myrtifolia",NA,3,0.3,10,1,17.5,NA,0.7,0.5,5,NA,NA,NA,NA,2,NA,NA,NA,10,NA,0.4,NA,NA,NA,NA,NA,NA,4,NA,NA,NA,25,NA,1,NA,NA,NA,NA,NA
"97","Coriaria ruscifolia",NA,2,0.11,10,1,38,NA,0.25,0.16,7.5,NA,NA,NA,NA,NA,0.1,NA,NA,26,NA,0.2,0.15,5,NA,NA,NA,NA,NA,0.12,NA,NA,50,NA,0.3,0.17,10,NA,NA,NA
"98","Cornus florida",NA,20,0.75,4,NA,NA,NA,1.5,1.55,NA,NA,NA,NA,NA,NA,0.6,NA,NA,NA,NA,1,1.3,NA,NA,NA,NA,NA,NA,0.9,NA,NA,NA,NA,2,1.8,NA,NA,NA,NA
"99","Corokia cotoneaster",NA,3,NA,5,1,NA,NA,0.65,NA,2,NA,NA,NA,NA,NA,NA,NA,1,NA,NA,0.5,NA,NA,NA,NA,NA,NA,NA,NA,NA,2,NA,NA,0.8,NA,NA,NA,NA,NA
"100","Corrigiola litoralis",NA,0.15,NA,5,NA,NA,NA,0.2,NA,3,0.5,NA,0.109230769230769,NA,0.05,NA,3,NA,NA,NA,NA,NA,NA,NA,NA,NA,NA,0.25,NA,5,NA,NA,NA,NA,NA,NA,NA,NA,NA
"101","Costus woodsonii",3,12,NA,1,9,130,744,NA,NA,3,NA,NA,NA,2,NA,NA,NA,8,NA,NA,NA,NA,NA,NA,NA,NA,4,NA,NA,NA,10,NA,NA,NA,NA,NA,NA,NA,NA
"102","Cucurbita pepo",1,0.6,NA,2.5,2560.75,100,317,NA,NA,3,1,NA,NA,0.8,NA,NA,NA,83.5,NA,NA,NA,NA,3,NA,NA,NA,1.2,NA,NA,NA,5038,NA,NA,NA,NA,5,NA,NA,NA
"103","Cupaniopsis anacardioides",NA,4,NA,8,1,15,39811,0.8,NA,3,1,NA,NA,NA,3,NA,7,NA,13.5,NA,0.7,NA,NA,NA,NA,NA,NA,5,NA,10,NA,16.5,NA,0.9,NA,NA,NA,NA,NA
"104","Curculigo latifolia",NA,0.6,NA,6,NA,NA,NA,1.3,NA,NA,NA,NA,NA,NA,NA,NA,NA,NA,NA,NA,3.9,NA,NA,NA,NA,NA,NA,NA,NA,NA,NA,NA,NA,4.3,NA,NA,NA,NA,NA
"105","Cuscuta cuspidata",0.175,0.5,0.33,5,2,NA,1164,0.154,0.22,2,1,NA,NA,3.5,NA,NA,NA,NA,NA,NA,NA,NA,NA,NA,NA,NA,4.2,NA,NA,NA,NA,NA,NA,NA,NA,NA,NA,NA,NA
"106","Cuttsia viburnea",NA,15,NA,5,500.5,20.25,NA,1,0.35,5,NA,NA,NA,NA,NA,NA,NA,2,18.5,NA,NA,0.3,NA,NA,NA,NA,NA,NA,NA,NA,999,22,NA,NA,0.4,NA,NA,NA,NA
"107","Cyclanthus bipartitus",NA,2,NA,6,NA,NA,NA,NA,NA,NA,NA,NA,NA,NA,NA,NA,NA,NA,NA,NA,NA,NA,NA,NA,NA,NA,NA,NA,NA,NA,NA,NA,NA,NA,NA,NA,NA,NA,NA
"108","Cymodocea nodosa",NA,0.6,0.9,2,1,NA,NA,NA,1.3,2,0,NA,NA,NA,NA,0.8,NA,NA,NA,NA,NA,1.2,NA,NA,NA,NA,NA,NA,1,NA,NA,NA,NA,NA,1.4,NA,NA,NA,NA
"109","Cypripedium calceolus",NA,0.45,NA,2,1500,17.5,NA,7.75,NA,3,1,NA,0.88,NA,NA,NA,NA,NA,10,NA,5.5,NA,NA,NA,NA,NA,NA,NA,NA,NA,NA,25,NA,10,NA,NA,NA,NA,NA
"110","Cyrilla racemiflora",0.4,10,0.3,5,2,NA,NA,0.5,NA,2,1,NA,NA,NA,NA,NA,3,1,NA,NA,NA,NA,NA,NA,NA,NA,NA,NA,NA,5,3,NA,NA,NA,NA,NA,NA,NA,NA
"111","Dalechampia spathulata",NA,2.5,NA,20,NA,45.5,NA,NA,NA,3,NA,NA,NA,NA,NA,NA,NA,NA,41,NA,NA,NA,NA,NA,NA,NA,NA,NA,NA,NA,NA,50,NA,NA,NA,NA,NA,NA,NA
"112","Dalzellia ceylanica",0.2,0.01,NA,3,999,NA,14.105,NA,0.15,3,1,NA,NA,NA,NA,NA,NA,NA,NA,NA,NA,0.1,NA,NA,NA,NA,NA,NA,NA,NA,NA,NA,NA,NA,0.2,NA,NA,NA,NA
"113","Daphniphyllum macropodum",NA,20,0.55,9,2,NA,NA,NA,1,2,1,NA,NA,NA,NA,0.5,8,NA,NA,NA,NA,NA,NA,NA,NA,NA,NA,NA,0.6,10,NA,NA,NA,NA,NA,NA,NA,NA,NA
"114","Datisca glomerata",NA,1.5,NA,7.75,NA,NA,NA,0.65,NA,NA,NA,NA,0.785,NA,1,NA,3.5,NA,NA,NA,0.5,NA,NA,NA,NA,NA,NA,2,NA,12,NA,NA,NA,0.8,NA,NA,NA,NA,NA
"115","Davidsonia jerseyana",NA,10,4.5,9,6,NA,NA,0.5,4,2,NA,NA,NA,NA,NA,NA,8,5,NA,NA,NA,3,2,NA,NA,NA,NA,NA,NA,10,7,NA,NA,NA,5,3,NA,NA,NA
"116","Davilla kunthii",NA,NA,NA,70,2,NA,NA,1.8,NA,1,NA,NA,NA,NA,NA,NA,55,NA,NA,NA,NA,NA,NA,NA,NA,NA,NA,NA,NA,85,NA,NA,NA,NA,NA,NA,NA,NA,NA
"117","Denhamia celastroides",NA,7,NA,5,4,NA,NA,2.5,1.35,3,1,NA,NA,NA,NA,NA,NA,NA,NA,NA,NA,1,NA,NA,NA,NA,NA,NA,NA,NA,NA,NA,NA,NA,1.7,NA,NA,NA,NA
"118","Diapensia lapponica",1.1,0.02,NA,5,80,NA,1997.5,1.1,0.3,3,1,NA,0.356666666666667,1,0.01,NA,NA,70,NA,NA,1,NA,NA,NA,NA,NA,1.2,0.03,NA,NA,90,NA,NA,1.2,NA,NA,NA,NA,NA
"119","Diospyros australis",0.16,20,0.95,14,2,NA,NA,NA,1.25,4,NA,NA,NA,0.15,NA,0.9,12,1,NA,NA,NA,1.1,NA,NA,NA,NA,0.17,NA,1,16,2,NA,NA,NA,1.4,NA,NA,NA,NA
"120","Dipterocarpus tempehes",4,45,3,30,NA,NA,NA,5.4,NA,NA,NA,NA,NA,3,NA,2,NA,NA,NA,NA,2,NA,NA,NA,NA,NA,5,NA,4,NA,NA,NA,NA,4,NA,NA,NA,NA,NA
"121","Discaria americana",0.6,1,0.5,4.5,1,NA,7943,NA,0.5,3.5,NA,NA,NA,0.4,NA,NA,4,NA,NA,NA,NA,NA,3,NA,NA,NA,0.8,NA,NA,5,NA,NA,NA,NA,NA,4,NA,NA,NA
"122","Drosophyllum lusitanicum",NA,0.9,NA,10,21.1,NA,687,2.7,NA,5,1,NA,NA,NA,NA,NA,NA,NA,NA,NA,NA,NA,5,NA,NA,NA,NA,NA,NA,NA,NA,NA,NA,NA,NA,7,NA,NA,NA
"123","Dryas octopetala",NA,0.5,NA,164,1,38,631,3,NA,NA,0,NA,0.358333333333333,NA,NA,NA,NA,NA,26,NA,2.5,NA,NA,NA,NA,NA,NA,NA,NA,NA,NA,50,NA,3.5,NA,NA,NA,NA,NA
"124","Durio zibethinus",5.5,25,NA,60,6,104,NA,2,NA,5,1,NA,NA,5,NA,NA,NA,5,80,NA,NA,NA,NA,NA,NA,NA,6,NA,NA,NA,7,128,NA,NA,NA,NA,NA,NA,NA
"125","Eichhornia crassipes",5.7,0.4,0.55,6,999,NA,NA,6,1.25,3,1,NA,NA,NA,0.3,0.5,NA,NA,NA,NA,5,1,NA,NA,NA,NA,NA,0.5,0.6,NA,NA,NA,NA,7,1.5,NA,NA,NA,NA
"126","Eriocaulon parkeri",0.2,0.15,NA,4,NA,NA,NA,NA,NA,2,NA,NA,NA,NA,0.1,NA,NA,NA,NA,NA,NA,NA,NA,NA,NA,NA,NA,0.2,NA,NA,NA,NA,NA,NA,NA,NA,NA,NA,NA
"127","Eriogonum arborescens",0.275,2,NA,9,1,NA,NA,NA,0.3,3,NA,NA,0.53,0.2,NA,NA,NA,NA,NA,NA,NA,0.25,NA,NA,NA,NA,0.35,NA,NA,NA,NA,NA,NA,NA,0.35,NA,NA,NA,NA
"128","Eryngium alpinum",0.2,0.45,0.5,5,NA,NA,12050,NA,NA,2,NA,NA,0.87,NA,0.3,NA,NA,NA,NA,NA,NA,NA,NA,NA,NA,NA,NA,0.6,NA,NA,NA,NA,NA,NA,NA,NA,NA,NA,NA
"129","Erythroxylum laurifolium",NA,4.5,NA,10,NA,34.6,NA,NA,1.5,NA,NA,NA,NA,NA,2,NA,NA,NA,30.6,NA,NA,1,NA,NA,NA,NA,NA,7,NA,NA,NA,38.6,NA,NA,2,NA,NA,NA,NA
"130","Eschscholzia californica",NA,0.325,NA,19.5,NA,38,NA,4,6,2,1,NA,NA,NA,0.05,NA,11,NA,26,NA,2,3,NA,NA,NA,NA,NA,0.6,NA,28,NA,50,NA,6,9,NA,NA,NA,NA
"131","Eucalyptus cladocalyx",1.5,35,0.75,192,17,NA,3900,1,1.1,3.5,NA,NA,0.57,NA,NA,0.4,NA,14,NA,NA,NA,0.6,3,NA,NA,NA,NA,NA,1.1,NA,20,NA,NA,NA,1.6,4,NA,NA,NA
"132","Eupomatia bennettii",NA,1.5,2.5,8.5,NA,NA,NA,3.5,NA,NA,1,NA,NA,NA,NA,2,7,NA,NA,NA,3,NA,NA,NA,NA,NA,NA,NA,3,10,NA,NA,NA,4,NA,NA,NA,NA,NA
"133","Eupomatia laurina",NA,7,1.75,60,3,NA,NA,2.66666666666667,NA,41,1,NA,NA,NA,NA,1.5,20,2,NA,NA,2.33333333333333,NA,13,NA,NA,NA,NA,NA,2,100,11,NA,NA,3,NA,69,NA,NA,NA
"134","Fagus grandifolia",NA,25,NA,11,2,NA,NA,NA,NA,3,NA,NA,1,NA,20,NA,6,NA,NA,NA,NA,NA,NA,NA,NA,NA,NA,30,NA,16,NA,NA,NA,NA,NA,NA,NA,NA,NA
"135","Ficaria verna",NA,0.215,0.26,25,1,38,6050,3.1875,0.375,15,NA,NA,NA,NA,0.03,0.17,18,NA,26,NA,2,0.25,9,NA,NA,NA,NA,0.4,0.35,25,NA,50,NA,4.375,0.5,24,NA,NA,NA
"136","Filipendula vulgaris",NA,0.76,NA,25,2,17.5,NA,1.2,NA,9,0,NA,0.915,NA,0.6,NA,20,NA,10,NA,NA,NA,6,NA,NA,NA,NA,0.92,NA,30,NA,25,NA,NA,NA,12,NA,NA,NA
"137","Floerkea proserpinacoides",2.75,0.175,NA,6,1,NA,NA,NA,NA,2.5,NA,NA,NA,2.5,0.15,NA,3,NA,NA,NA,NA,NA,2,NA,NA,NA,3,0.2,NA,6,NA,NA,NA,NA,NA,3,NA,NA,NA
"138","Fumana ericoides",NA,0.3,NA,29,10.25,NA,567,1.75,0.7,2,NA,NA,NA,NA,0.2,NA,NA,8.5,NA,NA,1.4,0.6,NA,NA,NA,NA,NA,0.4,NA,NA,12,NA,NA,2.1,0.8,NA,NA,NA,NA
"139","Galium aparine",NA,0.935,NA,4,1,38,316,1.75,NA,2,1,0.85,NA,NA,0.2,NA,NA,NA,26,NA,1.5,NA,NA,NA,0.5,NA,NA,1.67,NA,NA,NA,50,NA,2,NA,NA,NA,1.2,NA
"140","Gelsemium sempervirens",2.75,4.75,NA,5,4,NA,NA,NA,NA,2,1,NA,NA,2,3.5,NA,NA,NA,NA,NA,NA,NA,NA,NA,NA,NA,3.5,6,NA,NA,NA,NA,NA,NA,NA,NA,NA,NA,NA
"141","Gentiana saponaria",3.75,0.48,NA,5,NA,NA,NA,NA,NA,2,1,NA,NA,2.75,0.2,NA,4,NA,NA,NA,NA,NA,NA,NA,NA,NA,5,0.76,NA,6,NA,NA,NA,NA,NA,NA,NA,NA,NA
"142","Geranium sanguineum",NA,0.3,NA,10,2,100,539,3.1,NA,5,1,NA,NA,NA,0.15,NA,NA,NA,NA,NA,2,NA,NA,NA,NA,NA,NA,0.45,NA,NA,NA,NA,NA,4.2,NA,NA,NA,NA,NA
"143","Gerbera jamesonii",4.1,0.375,NA,5,1,NA,12786,0.55,0.95,2,NA,NA,NA,NA,0.3,NA,NA,NA,NA,NA,0.3,0.6,NA,NA,NA,NA,NA,0.45,NA,NA,NA,NA,NA,0.8,1.3,NA,NA,NA,NA
"144","Gesneria cuneifolia",2.5,0.15,0.4,NA,NA,NA,NA,NA,0.55,2,NA,NA,NA,NA,NA,0.3,NA,NA,NA,NA,NA,0.4,NA,NA,NA,NA,NA,NA,0.5,NA,NA,NA,NA,NA,0.7,NA,NA,NA,NA
"145","Gomortega keule",NA,20,2.8,8,1,28,NA,0.6,5.25,2,1,NA,0.6675,NA,NA,2,7.5,NA,25,NA,0.5,3.5,2,NA,NA,NA,NA,NA,5,11.5,NA,31,NA,0.7,7,3,NA,NA,NA
"146","Gonocaryum litorale",0.55,17.5,2.5,5,2,NA,NA,0.225,4.5,2,1,NA,NA,0.4,15,2,NA,NA,NA,NA,0.15,4,NA,NA,NA,NA,0.7,20,3,NA,NA,NA,NA,0.3,5,NA,NA,NA,NA
"147","Gossypium hirsutum",7,1.5,NA,80,10,94.6,608,NA,NA,3.5,1,NA,0.204545454545455,5,1,NA,NA,8,NA,550,NA,NA,3,NA,NA,NA,9,2,NA,NA,12,NA,666,NA,NA,4,NA,NA,NA
"148","Grewia occidentalis",NA,3,NA,76.5,1,NA,8303.5,3,NA,4,1,NA,NA,NA,NA,NA,66,NA,NA,NA,NA,NA,NA,NA,NA,NA,NA,NA,NA,87,NA,NA,NA,NA,NA,NA,NA,NA,NA
"149","Griselinia racemosa",NA,2,0.425,5,NA,NA,NA,NA,0.7,3,1,NA,NA,NA,NA,0.35,NA,NA,NA,NA,NA,0.6,NA,NA,NA,NA,NA,NA,0.5,NA,NA,NA,NA,NA,0.8,NA,NA,NA,NA
"150","Gyrocarpus americanus",NA,25,NA,4,1,NA,16124.5,0.15,NA,1,NA,NA,NA,NA,6,NA,NA,NA,NA,NA,0.2,NA,NA,NA,NA,NA,NA,12,NA,NA,NA,NA,NA,0.3,NA,NA,NA,NA,NA
"151","Hamamelis virginiana",NA,5,NA,4,1,17.5,11798.25,2,1.2,2,1,NA,NA,NA,NA,NA,NA,NA,15,4600,NA,1,NA,NA,NA,NA,NA,NA,NA,NA,NA,20,12850,NA,1.4,NA,NA,NA,NA
"152","Hanguana malayana",NA,3,0.65,6,1,NA,NA,NA,NA,3,1,NA,NA,NA,NA,0.5,NA,NA,NA,NA,NA,NA,NA,NA,NA,NA,NA,NA,0.8,NA,NA,NA,NA,NA,NA,NA,NA,NA,NA
"153","Haumania danckelmaniana",1.25,6,2,1,NA,NA,138,NA,3,3,NA,NA,NA,1.2,NA,NA,NA,NA,NA,NA,NA,NA,NA,NA,NA,NA,1.3,NA,NA,NA,NA,NA,NA,NA,NA,NA,NA,NA,NA
"154","Hedychium gardnerianum",NA,2.4,NA,1,NA,NA,NA,8,NA,3,NA,NA,NA,NA,NA,NA,NA,NA,NA,NA,NA,NA,NA,NA,NA,NA,NA,NA,NA,NA,NA,NA,NA,NA,NA,NA,NA,NA,NA
"155","Helianthus annuus",2.2,2,NA,5,1,38,NA,NA,NA,2,1,NA,0.748181818181818,1.5,1,NA,NA,NA,26,NA,NA,NA,NA,NA,NA,NA,2.9,3,NA,NA,NA,50,NA,NA,NA,NA,NA,NA,NA
"156","Heliconia irrasa",NA,1.5,NA,5,1,NA,NA,5.75,NA,3,NA,NA,NA,NA,1,NA,NA,NA,NA,NA,5,NA,NA,NA,NA,NA,NA,2,NA,NA,NA,NA,NA,6.5,NA,NA,NA,NA,NA
"157","Herniaria glabra",NA,0.2,NA,5,NA,17.5,NA,0.15,NA,NA,NA,NA,NA,NA,0.05,NA,NA,NA,10,NA,0.12,NA,NA,NA,NA,NA,NA,0.35,NA,NA,NA,25,NA,0.18,NA,NA,NA,NA,NA
"158","Hevea brasiliensis",0.5025,20,NA,10,1,NA,NA,NA,NA,3,1,NA,0.64,0.475,NA,NA,NA,NA,NA,NA,NA,NA,NA,NA,NA,NA,0.53,NA,NA,NA,NA,NA,NA,NA,NA,NA,NA,NA,NA
"159","Hirtella physophora",NA,NA,1,6,NA,NA,5895,2,NA,NA,NA,NA,NA,NA,NA,NA,7,NA,NA,447,NA,NA,NA,NA,NA,NA,NA,NA,NA,10,NA,NA,13410,NA,NA,NA,NA,NA,NA
"160","Hordeum bulbosum",1.75,0.95,NA,3,1,38,NA,NA,NA,2,NA,NA,NA,1.1,0.55,NA,NA,NA,26,NA,NA,NA,NA,NA,NA,NA,2.4,1.35,NA,NA,NA,50,NA,NA,NA,NA,NA,NA,NA
"161","Hydnocarpus heterophylla",NA,20,NA,26,999,29.05,NA,1.6,NA,4,1,NA,NA,NA,NA,NA,20,NA,21.5,NA,NA,NA,3,NA,NA,NA,NA,NA,NA,32,NA,38,NA,NA,NA,5,NA,NA,NA
"162","Hydrastis canadensis",NA,0.325,0.325,53.75,2,23.25,NA,1.3,0.65,10.75,0,NA,NA,NA,0.15,0.15,45,2,21,NA,0.8,0.5,6.5,NA,NA,NA,NA,0.5,0.5,62.5,4,25.5,NA,1.8,0.8,15,NA,NA,NA
"163","Hydrocotyle vulgaris",0.15,0.125,NA,5,NA,NA,NA,NA,NA,2,1,NA,NA,NA,0.05,NA,NA,NA,NA,NA,NA,NA,NA,NA,NA,NA,NA,0.2,NA,NA,NA,NA,NA,NA,NA,NA,NA,NA,NA
"164","Hydrophyllum capitatum",0.7,0.275,NA,5,NA,NA,NA,NA,0.4,NA,NA,NA,NA,0.5,0.1,NA,NA,NA,NA,NA,NA,NA,NA,NA,NA,NA,0.9,0.45,NA,NA,NA,NA,NA,NA,NA,NA,NA,NA,NA
"165","Hypericum perforatum",NA,0.6,0.4,50,30,17.5,NA,1.875,0.475,3,1,NA,NA,NA,0.2,0.3,40,10,10,NA,1.5,0.3,NA,NA,NA,NA,NA,1,0.5,60,50,25,NA,2.25,0.65,NA,NA,NA,NA
"166","Hypolytrum pulchrum",NA,0.45,NA,1,1,NA,NA,NA,NA,NA,NA,NA,NA,NA,0.2,NA,NA,NA,NA,NA,NA,NA,NA,NA,NA,NA,NA,0.7,NA,NA,NA,NA,NA,NA,NA,NA,NA,NA,NA
"167","Ilex opaca",NA,12.5,NA,4,NA,NA,NA,0.75,NA,4,1,NA,NA,NA,10,NA,NA,NA,NA,NA,0.5,NA,NA,NA,NA,NA,NA,15,NA,NA,NA,NA,NA,1,NA,NA,NA,NA,NA
"168","Impatiens capensis",3.3,1.05,NA,5,1,NA,NA,2.3,NA,5,1,NA,NA,NA,0.6,NA,NA,NA,NA,NA,NA,NA,NA,NA,NA,NA,NA,1.5,NA,NA,NA,NA,NA,NA,NA,NA,NA,NA,NA
"169","Ipomoea alba",9,10,NA,5,5,NA,NA,4.5,3,2,NA,NA,NA,6,NA,NA,NA,4,NA,NA,4,NA,NA,NA,NA,NA,12,NA,NA,NA,6,NA,NA,5,NA,NA,NA,NA,NA
"170","Iris versicolor",NA,0.675,NA,3,40.5,NA,NA,12.25,NA,3,NA,NA,NA,NA,0.6,NA,NA,38,NA,NA,11.45,NA,NA,NA,NA,NA,NA,0.75,NA,NA,43,NA,NA,13.05,NA,NA,NA,NA,NA
"171","Irvingbaileya australis",0.41,NA,2,5,1,17.25,NA,0.235,2.3,2,1,NA,NA,0.4,NA,NA,NA,NA,15.5,NA,0.2,2.1,NA,NA,NA,NA,0.42,NA,NA,NA,NA,19,NA,0.27,2.5,NA,NA,NA,NA
"172","Juglans mandshurica",NA,15,NA,26,1,NA,NA,NA,NA,2,NA,NA,0.99,NA,10,NA,12,NA,NA,NA,NA,NA,NA,NA,NA,NA,NA,20,NA,40,NA,NA,NA,NA,NA,NA,NA,NA,NA
"173","Jumellea fragrans",4,0.3,NA,2,1500,NA,NA,4,NA,3,NA,NA,0.765,NA,NA,NA,NA,NA,NA,NA,NA,NA,NA,NA,NA,NA,NA,NA,NA,NA,NA,NA,NA,NA,NA,NA,NA,NA,NA
"174","Juncus effusus",NA,0.8825,NA,3,NA,38,48,NA,0.19,3,NA,NA,0.016,NA,0.375,NA,NA,NA,26,NA,NA,0.15,NA,NA,NA,NA,NA,1.39,NA,NA,NA,50,NA,NA,0.23,NA,NA,NA,NA
"175","Kalanchoe daigremontiana",3,1.5,0.35,8,130,NA,192,0.56,0.85,4,0.2,NA,NA,2.05,0.5,0.3,NA,NA,NA,NA,0.3,0.7,NA,NA,NA,NA,2.41,2.5,0.4,NA,NA,NA,NA,0.4,1,NA,NA,NA,NA
"176","Kalmia latifolia",2,5,NA,10,NA,38,NA,2.8,NA,NA,1,NA,0.9,NA,2,NA,NA,NA,26,NA,NA,NA,NA,NA,NA,NA,NA,8,NA,NA,NA,50,NA,NA,NA,NA,NA,NA,NA
"177","Kielmeyera regalis",NA,NA,NA,NA,NA,NA,NA,9,NA,NA,NA,NA,NA,NA,NA,NA,NA,NA,NA,NA,7,NA,NA,NA,NA,NA,NA,NA,NA,NA,NA,NA,NA,11,NA,NA,NA,NA,NA
"178","Kirengeshoma palmata",3.81,1.05,1.15,15,NA,NA,NA,NA,NA,NA,NA,NA,NA,NA,0.9,1,NA,NA,NA,NA,NA,NA,NA,NA,NA,NA,NA,1.2,1.3,NA,NA,NA,NA,NA,NA,NA,NA,NA,NA
"179","Kirkia wilmsii",NA,12,NA,4.5,NA,NA,NA,1,NA,4.5,1,NA,NA,NA,NA,NA,3,NA,NA,NA,NA,NA,3,NA,NA,NA,NA,NA,NA,6,NA,NA,NA,NA,NA,6,NA,NA,NA
"180","Lactoris fernandeziana",0.4,1.5,NA,6,6,NA,1815.33333333333,0.3,NA,3,0,NA,NA,NA,NA,NA,NA,4,NA,NA,NA,NA,NA,NA,NA,NA,NA,NA,NA,NA,8,NA,NA,NA,NA,NA,NA,NA,NA
"181","Lantana camara",NA,1.05,NA,4,NA,NA,NA,0.65,NA,1.5,NA,NA,NA,NA,0.9,NA,NA,NA,NA,NA,0.5,NA,1,NA,NA,NA,NA,1.2,NA,NA,NA,NA,NA,0.8,NA,2,NA,NA,NA
"182","Lapageria rosea",7.5,8,NA,6,132,NA,1157,5,4.5,3,1,NA,NA,5,NA,NA,NA,NA,NA,NA,NA,3,NA,NA,NA,NA,10,NA,NA,NA,NA,NA,NA,NA,6,NA,NA,NA,NA
"183","Larrea tridentata",NA,1.6,NA,10,NA,NA,NA,2.5,NA,5,NA,NA,0.72,NA,NA,NA,NA,NA,NA,NA,2,NA,NA,NA,NA,NA,NA,NA,NA,NA,NA,NA,NA,3,NA,NA,NA,NA,NA
"184","Lemna minor",0.08,0.06,NA,2,1,NA,NA,0.08,NA,1,NA,NA,NA,NA,NA,NA,NA,NA,NA,NA,NA,NA,NA,NA,NA,NA,NA,NA,NA,NA,NA,NA,NA,NA,NA,NA,NA,NA,NA
"185","Lepidobotrys staudtii",0.56,8,1.65,10,2,NA,NA,0.63,2.3,3,NA,NA,NA,0.4,4,1.5,NA,NA,NA,NA,0.62,2,NA,NA,NA,NA,0.72,12,1.8,NA,NA,NA,NA,0.64,2.6,NA,NA,NA,NA
"186","Limnanthes douglasii",NA,0.515,NA,10,NA,38,NA,2.8,NA,5,NA,NA,0.85,NA,0.03,NA,NA,NA,26,NA,NA,NA,NA,NA,NA,NA,NA,1,NA,NA,NA,50,NA,NA,NA,NA,NA,NA,NA
"187","Linum perenne",NA,0.6,NA,5,2,NA,NA,3.5,NA,5,1,NA,NA,NA,NA,NA,NA,NA,NA,NA,2,NA,NA,NA,NA,NA,NA,NA,NA,NA,NA,NA,NA,5,NA,NA,NA,NA,NA
"188","Liparis loeselii",NA,0.13,NA,1,2225,NA,NA,1.05,NA,3,NA,NA,NA,NA,0.06,NA,NA,534,NA,NA,0.9,NA,NA,NA,NA,NA,NA,0.2,NA,NA,3916,NA,NA,1.2,NA,NA,NA,NA,NA
"189","Liriodendron chinense",3.5,40,NA,60,2,NA,NA,NA,8,115,0,NA,0.630833333333333,3,NA,NA,NA,NA,NA,NA,NA,7,90,NA,NA,NA,4,NA,NA,NA,NA,NA,NA,NA,9,140,NA,NA,NA
"190","Loasa heterophylla",NA,NA,NA,6.5,NA,NA,NA,2.3,NA,NA,NA,NA,NA,NA,NA,NA,5,NA,NA,NA,NA,NA,NA,NA,NA,NA,NA,NA,NA,8,NA,NA,NA,NA,NA,NA,NA,NA,NA
"191","Lobelia angulata",1.35,0.21,NA,5,NA,NA,NA,NA,NA,2,NA,NA,NA,0.7,0.02,NA,NA,NA,NA,NA,NA,NA,NA,NA,NA,NA,2,0.4,NA,NA,NA,NA,NA,NA,NA,NA,NA,NA,NA
"192","Ludwigia adscendens",2.15,0.15,0.18,10,7.5,NA,NA,3,1.6,5,NA,1.13,NA,NA,NA,NA,8,NA,NA,NA,NA,NA,NA,NA,NA,NA,NA,NA,NA,12,NA,NA,NA,NA,NA,NA,NA,NA,NA
"193","Lythrum salicaria",1.8,1.6,0.2,12,NA,29.6666666666667,NA,1.5,0.3,2,1,0.2,NA,1,0.5,NA,NA,NA,22,NA,NA,NA,NA,NA,NA,NA,1.5,2.7,NA,NA,NA,37.3333333333333,NA,NA,NA,NA,NA,NA,NA
"194","Malesherbia linearifolia",NA,1,NA,5,21.5,NA,NA,2.5,1.275,3,1,NA,NA,NA,NA,NA,NA,10,NA,NA,NA,1.2,NA,NA,NA,NA,NA,NA,NA,NA,33,NA,NA,NA,1.35,NA,NA,NA,NA
"195","Malpighia emarginata",NA,7,NA,10,1,NA,NA,2.25,NA,3,1,NA,0.99,NA,6,NA,NA,NA,NA,NA,2,NA,NA,NA,NA,NA,NA,8,NA,NA,NA,NA,NA,2.5,NA,NA,NA,NA,NA
"196","Manihot esculenta",NA,5,NA,10,1,NA,NA,0.2,NA,3,1,NA,0.96,NA,NA,NA,NA,NA,NA,NA,NA,NA,NA,NA,NA,NA,NA,NA,NA,NA,NA,NA,NA,NA,NA,NA,NA,NA,NA
"197","Manilkara zapota",1.8,40,NA,5.5,1,NA,NA,0.7,6,8.75,1,NA,0.815,0.7,NA,NA,NA,NA,NA,NA,NA,2,5.5,NA,NA,NA,1.1,NA,NA,NA,NA,NA,NA,NA,10,12,NA,NA,NA
"198","Marathrum rubrum",0.5,0.15,0.195,8,940,14.5,616,NA,0.525,2,1,NA,0.07,NA,NA,0.17,7,NA,NA,205,NA,0.45,NA,NA,NA,0.04,NA,NA,0.22,9,NA,NA,1319,NA,0.6,NA,NA,NA,0.1
"199","Mayaca fluviatilis",1,0.6,NA,3,2,NA,NA,1,0.4,3,1,NA,NA,NA,NA,NA,NA,NA,NA,NA,NA,NA,NA,NA,NA,NA,NA,NA,NA,NA,NA,NA,NA,NA,NA,NA,NA,NA,NA
"200","Mazus pumilus",0.7,0.1,0.35,4,183,NA,22.07,0.5575,NA,2,1,NA,NA,NA,0.05,0.3,NA,NA,NA,NA,NA,NA,NA,NA,NA,NA,NA,0.15,0.4,NA,NA,NA,NA,NA,NA,NA,NA,NA,NA
"201","Medicago sativa",0.869,0.65,NA,10,15,30.5,399,1.75,NA,NA,NA,NA,0.86,0.6,0.3,NA,NA,12,26,NA,1,NA,NA,NA,NA,NA,1.2,1,NA,NA,18,35,NA,2.5,NA,NA,NA,NA,NA
"202","Melocactus curvispinus",2.4,0.125,NA,154.5,21.5,NA,415,NA,NA,16,NA,NA,NA,NA,0.1,NA,117,17,NA,408,NA,NA,12,NA,NA,NA,NA,0.15,NA,192,26,NA,422,NA,NA,20,NA,NA,NA
"203","Menispermum canadense",0.15,5,1.05,16.5,2,NA,NA,0.225,NA,3,NA,NA,NA,0.1,NA,0.8,12,NA,NA,NA,0.2,NA,2,NA,NA,NA,0.2,NA,1.3,21,NA,NA,NA,0.25,NA,4,NA,NA,NA
"204","Menyanthes trifoliata",1.475,0.35,NA,5,10,88,NA,1.5,1,2,1,NA,NA,1.25,0.3,NA,NA,8,26,NA,NA,NA,NA,NA,NA,NA,1.7,0.4,NA,NA,12,50,NA,NA,NA,NA,NA,NA,NA
"205","Miconia affinis",NA,5,NA,10,NA,NA,NA,0.5,3.5,NA,NA,NA,0.995,NA,2,NA,NA,NA,NA,NA,NA,NA,NA,NA,NA,NA,NA,8,NA,NA,NA,NA,NA,NA,NA,NA,NA,NA,NA
"206","Mirabilis jalapa",4,1,0.65,5,1,100,333.5,4,0.7,1,NA,NA,NA,3,NA,0.5,NA,NA,NA,272,2.4,0.6,NA,NA,NA,NA,5,NA,0.8,NA,NA,NA,320,2.93333333333333,0.8,NA,NA,NA,NA
"207","Misodendrum linearifolium",0.125,0.25,NA,3,1,NA,NA,NA,NA,3,1,NA,NA,0.1,NA,NA,NA,NA,NA,NA,NA,NA,NA,NA,NA,NA,0.15,NA,NA,NA,NA,NA,NA,NA,NA,NA,NA,NA,NA
"208","Mollugo verticillata",0.2,0.24,NA,3.5,10,38,39.5,0.085,NA,4,1,NA,NA,0.15,0.03,NA,2,5,26,NA,0.05,NA,3,NA,NA,NA,0.25,0.45,NA,5,15,50,NA,0.12,NA,5,NA,NA,NA
"209","Monotropa hypopitys",0.95,0.185,0.6,9,20,17.5,NA,NA,0.8,5,1,NA,NA,0.6,0.05,0.4,8,NA,10,NA,NA,0.6,NA,NA,NA,NA,1.3,0.32,0.8,10,NA,25,NA,NA,1,NA,NA,NA,NA
"210","Montinia caryophyllacea",0.5,1.5,NA,4,6,NA,NA,0.35,NA,2,1,NA,NA,0.3,1,NA,3,0,NA,NA,0.2,NA,NA,NA,NA,NA,0.7,2,NA,5,12,NA,NA,0.5,NA,NA,NA,NA,NA
"211","Moringa oleifera",0.85,12,2,5,NA,NA,523,2,35,3,1,NA,0.77,0.7,NA,1,NA,NA,NA,NA,NA,20,NA,NA,NA,NA,1,NA,3,NA,NA,NA,NA,NA,50,NA,NA,NA,NA
"212","Myriophyllum sibiricum",0.24,6,0.14,8,1,NA,NA,NA,0.21,4,NA,NA,NA,0.2,NA,0.12,NA,NA,NA,NA,NA,0.15,NA,NA,NA,NA,0.28,NA,0.16,NA,NA,NA,NA,NA,0.27,NA,NA,NA,NA
"213","Myristica fragrans",1,8,NA,9.5,1,NA,797664,0.5,NA,1,NA,NA,0.9025,0.633333333333333,4.5,NA,8,NA,NA,NA,0.4,NA,NA,NA,NA,NA,0.766666666666667,11.5,NA,11,NA,NA,NA,0.5,NA,NA,NA,NA,NA
"214","Myrothamnus moschata",NA,NA,NA,4,NA,NA,NA,NA,NA,3.5,0.9,NA,NA,NA,NA,NA,3,NA,NA,NA,NA,NA,3,NA,NA,NA,NA,NA,NA,4,NA,NA,NA,NA,NA,4,NA,NA,NA
"215","Myrtus communis",NA,4,NA,145,NA,17.5,NA,2.5,NA,NA,1,NA,0.576071428571429,NA,NA,NA,NA,NA,10,NA,2,NA,NA,NA,NA,NA,NA,NA,NA,NA,NA,25,NA,3,NA,NA,NA,NA,NA
"216","Narthecium ossifragum",NA,0.275,NA,6,NA,NA,NA,2.8,NA,NA,NA,NA,NA,NA,0.15,NA,NA,NA,NA,NA,NA,NA,NA,NA,NA,NA,NA,0.4,NA,NA,NA,NA,NA,NA,NA,NA,NA,NA,NA
"217","Nelumbo lutea",NA,2,NA,400,1,NA,NA,10,1.3,24.75,0,NA,0.507894736842105,NA,NA,NA,108,NA,NA,NA,NA,1,14.5,NA,NA,NA,NA,NA,NA,192.5,NA,NA,NA,NA,1.6,35,NA,NA,NA
"218","Nelumbo nucifera",NA,2,NA,300,1,38,NA,18.25,NA,30,0,NA,0.982,NA,NA,NA,200,NA,26,NA,12.5,NA,20,NA,NA,NA,NA,NA,NA,400,NA,50,NA,24,NA,40,NA,NA,NA
"219","Nemesia strumosa",NA,0.3,NA,4,NA,NA,NA,2.5,NA,2.5,NA,NA,NA,NA,NA,NA,NA,NA,NA,NA,NA,NA,2,NA,NA,NA,NA,NA,NA,NA,NA,NA,NA,NA,NA,3,NA,NA,NA
"220","Nepenthes macfarlanei",NA,3,NA,5,NA,NA,NA,1,NA,4,NA,NA,NA,NA,NA,NA,NA,NA,NA,NA,NA,NA,NA,NA,NA,NA,NA,NA,NA,NA,NA,NA,NA,NA,NA,NA,NA,NA,NA
"221","Nicotiana tabacum",4.25,3,NA,5,NA,38,NA,NA,NA,2,1,NA,NA,3.5,NA,NA,NA,NA,26,NA,NA,NA,NA,NA,NA,NA,5,NA,NA,NA,NA,50,NA,NA,NA,NA,NA,NA,NA
"222","Nolana humifusa",1.3,NA,NA,5,NA,NA,NA,2.6,NA,16,1,NA,NA,1.1,NA,NA,NA,NA,NA,NA,2,NA,5,NA,NA,NA,1.5,NA,NA,NA,NA,NA,NA,3.2,NA,27,NA,NA,NA
"223","Nothapodytes nimmoniana",0.8,15,0.9,3,2,NA,364.5,0.8,1.5,1,NA,NA,0.37,0.7,NA,0.8,1,NA,NA,NA,0.7,1,NA,NA,NA,NA,0.9,NA,1,5,NA,NA,NA,0.9,2,NA,NA,NA,NA
"224","Nothofagus dombeyi",NA,40,NA,10.5,1,NA,NA,NA,0.55,1,NA,NA,0.959,NA,NA,NA,8,NA,NA,NA,NA,0.4,NA,NA,NA,0.873,NA,NA,NA,13,NA,NA,NA,NA,0.7,NA,NA,NA,1.045
"225","Nuphar advena",NA,NA,NA,180,NA,NA,NA,4,1.9,16,1,NA,NA,NA,NA,NA,NA,NA,NA,NA,1.8,1.3,9,NA,NA,NA,NA,NA,NA,NA,NA,NA,NA,6,2.5,23,NA,NA,NA
"226","Nymphaea odorata",NA,NA,NA,77.3333333333333,112.5,NA,NA,12.5,NA,20.3333333333333,1,NA,NA,NA,NA,NA,55.6666666666667,100,NA,NA,6,NA,10,NA,NA,NA,NA,NA,NA,99,125,NA,NA,19,NA,30.6666666666667,NA,NA,NA
"227","Nymphoides peltata",NA,1.075,NA,5,NA,36.5,NA,3.5,NA,2,1,NA,0.707826086956522,NA,0.15,NA,NA,NA,25,NA,3,NA,NA,NA,NA,NA,NA,2,NA,NA,NA,48,NA,4,NA,NA,NA,NA,NA
"228","Nyssa ogeche",NA,20,NA,7.5,NA,NA,NA,NA,2.5,NA,NA,NA,NA,NA,10,NA,NA,NA,NA,NA,NA,2.2,NA,NA,NA,NA,NA,30,NA,NA,NA,NA,NA,NA,2.8,NA,NA,NA,NA
"229","Ochroma pyramidale",13.5,30,3.25,17.5,99999,NA,NA,8.5,30,5,1,NA,NA,11,NA,2.5,15,NA,NA,NA,7,NA,NA,NA,NA,NA,16,NA,4,20,NA,NA,NA,10,NA,NA,NA,NA,NA
"230","Octoknema borealis",NA,25,1.5,5,1,NA,NA,2.4,1.55,3,NA,NA,NA,NA,NA,NA,NA,NA,NA,NA,2.3,1.3,NA,NA,NA,NA,NA,NA,NA,NA,NA,NA,NA,2.5,1.8,NA,NA,NA,NA
"231","Octomeles sumatrana",0.5,50,NA,6.5,NA,NA,NA,0.5,NA,7,NA,NA,NA,0.4,NA,NA,5,NA,NA,NA,NA,NA,6,NA,NA,NA,0.5,NA,NA,8,NA,NA,NA,NA,NA,8,NA,NA,NA
"232","Olea europaea",0.325,15,1.3,2,2,17.5,24000,NA,1.6,2,NA,NA,0.99,0.25,NA,0.6,2,NA,10,NA,NA,0.7,NA,NA,NA,NA,0.4,NA,2,4,NA,25,NA,NA,2.5,NA,NA,NA,NA
"233","Oryza sativa",0.9,1,NA,6,1,38,NA,NA,NA,1,NA,NA,0.0175454545454545,0.8,0.5,NA,NA,NA,26,NA,NA,NA,NA,NA,NA,NA,1,1.5,NA,NA,NA,50,NA,NA,NA,NA,NA,NA,NA
"234","Ottelia acuminata",2.25,NA,NA,10.5,NA,NA,NA,NA,8,3,NA,NA,NA,1,NA,NA,9,NA,NA,NA,NA,NA,NA,NA,NA,NA,3.5,NA,NA,12,NA,NA,NA,NA,NA,NA,NA,NA,NA
"235","Oxalis corniculata",NA,0.09,NA,10,7,NA,105.37,1.2,1.75,5,1,NA,NA,NA,0.03,NA,NA,4,NA,93.82,NA,1,NA,NA,NA,NA,NA,0.15,NA,NA,10,NA,116.92,NA,2.5,NA,NA,NA,NA
"236","Paeonia californica",NA,0.55,NA,86,17,NA,61434,4,3.5,8,0,NA,NA,NA,0.35,NA,50,8,NA,46735,3,3,1,NA,NA,NA,NA,0.75,NA,200,26,NA,76133,5,4,15,NA,NA,NA
"237","Panax quinquefolius",NA,0.35,NA,5,1.5,NA,NA,0.3,NA,2,1,NA,0.40952380952381,NA,0.2,NA,NA,1,NA,NA,NA,NA,NA,NA,NA,NA,NA,0.5,NA,NA,2,NA,NA,NA,NA,NA,NA,NA,NA
"238","Pandanus tectorius",NA,5,NA,15,1,NA,NA,NA,NA,11.75,NA,NA,0.98,NA,NA,NA,10,NA,NA,NA,NA,NA,5.5,NA,NA,NA,NA,NA,NA,25,NA,NA,NA,NA,NA,18,NA,NA,NA
"239","Pennantia corymbosa",NA,10,0.5,5,0.666666666666667,NA,NA,0.75,0.9,3,1,NA,NA,NA,NA,NA,NA,NA,NA,NA,0.7,NA,NA,NA,NA,NA,NA,NA,NA,NA,NA,NA,NA,0.8,NA,NA,NA,NA,NA
"240","Peritoma arborea",NA,1.25,0.9,6,9.5,NA,NA,1.52,2.5,1,NA,NA,0.865,NA,0.5,0.6,NA,1,NA,NA,NA,2,NA,NA,NA,NA,NA,2,1.2,NA,18,NA,NA,NA,3,NA,NA,NA,NA
"241","Perrottetia ovata",NA,9.6,NA,5,4,NA,NA,NA,NA,2,1,NA,NA,NA,NA,NA,NA,NA,NA,NA,NA,NA,NA,NA,NA,NA,NA,NA,NA,NA,NA,NA,NA,NA,NA,NA,NA,NA,NA
"242","Petrosavia sakuraii",NA,0.2,NA,6,999,NA,55,0.5,NA,3,NA,NA,NA,NA,NA,NA,NA,NA,NA,NA,NA,NA,NA,NA,NA,NA,NA,NA,NA,NA,NA,NA,NA,NA,NA,NA,NA,NA,NA
"243","Petunia axillaris",7.75,0.6,0.7,4,NA,NA,NA,NA,1.35,2,NA,NA,0.62,5,0.5,0.6,NA,NA,NA,NA,NA,1.2,NA,NA,NA,NA,10.5,0.7,0.8,NA,NA,NA,NA,NA,1.5,NA,NA,NA,NA
"244","Peumus boldus",NA,5,2,38.5,1,NA,NA,NA,NA,5,0,NA,NA,NA,4,1,34,1,NA,NA,NA,NA,4,0,NA,NA,NA,6,2,43,1,NA,NA,NA,NA,6,0,NA,NA
"245","Phelline comosa",NA,NA,NA,4,1,NA,NA,0.65,NA,4.5,1,NA,NA,NA,NA,NA,4,NA,NA,NA,0.4,NA,4,NA,NA,NA,NA,NA,NA,5,NA,NA,NA,0.9,NA,5,NA,NA,NA
"246","Phoenix dactylifera",NA,30,NA,6,NA,NA,NA,1.6,NA,3,NA,NA,NA,NA,NA,NA,NA,NA,NA,NA,NA,NA,NA,NA,NA,NA,NA,NA,NA,NA,NA,NA,NA,NA,NA,NA,NA,NA,NA
"247","Phormium tenax",3.75,5,2.5,6,NA,NA,NA,NA,7,3,NA,NA,NA,2.5,NA,2,NA,NA,NA,NA,NA,4,NA,NA,NA,NA,5,NA,3,NA,NA,NA,NA,NA,10,NA,NA,NA,NA
"248","Phragmites australis",0.175,5.3,NA,2.5,1,NA,NA,NA,NA,3,NA,NA,NA,0.15,NA,NA,NA,NA,NA,NA,NA,NA,NA,NA,NA,NA,0.2,NA,NA,NA,NA,NA,NA,NA,NA,NA,NA,NA,NA
"249","Phryma leptostachya",NA,0.7,NA,4,1,38,2535.5,NA,NA,2,1,NA,NA,NA,0.4,NA,NA,NA,26,NA,NA,NA,NA,NA,NA,NA,NA,1,NA,NA,NA,50,NA,NA,NA,NA,NA,NA,NA
"250","Phyllanthus niruri",NA,0.45,0.15,3,NA,NA,NA,0.1,NA,3,NA,NA,NA,NA,0.3,NA,NA,NA,NA,NA,NA,NA,NA,NA,NA,NA,NA,0.6,NA,NA,NA,NA,NA,NA,NA,NA,NA,NA,NA
"251","Physena madagascariensis",NA,7.5,2.5,10,1,NA,NA,NA,3,2,1,NA,NA,NA,5,NA,8,NA,NA,NA,NA,NA,NA,NA,NA,NA,NA,10,NA,15,NA,NA,NA,NA,NA,NA,NA,NA,NA
"252","Picramnia polyantha",NA,NA,NA,5.5,2,NA,NA,NA,0.5,2,1,NA,NA,NA,NA,NA,5,NA,NA,NA,NA,NA,NA,NA,NA,NA,NA,NA,NA,6,NA,NA,NA,NA,NA,NA,NA,NA,NA
"253","Pinguicula alpina",1.3,0.085,NA,NA,75,NA,800,NA,NA,2,NA,NA,NA,1,0.05,NA,NA,NA,NA,NA,NA,NA,NA,NA,NA,NA,1.6,0.12,NA,NA,NA,NA,NA,NA,NA,NA,NA,NA,NA
"254","Piper amalago",NA,3,NA,5,NA,NA,NA,NA,NA,NA,NA,NA,NA,NA,NA,NA,NA,NA,NA,NA,NA,NA,NA,NA,NA,NA,NA,NA,NA,NA,NA,NA,NA,NA,NA,NA,NA,NA,NA
"255","Piper arboreum",NA,5,0.5,4,NA,NA,NA,0.1,8.55,NA,NA,NA,NA,NA,2,NA,NA,NA,NA,NA,NA,NA,NA,NA,NA,NA,NA,8,NA,NA,NA,NA,NA,NA,NA,NA,NA,NA,NA
"256","Pitcairnia albiflos",5,0.7,NA,6,NA,NA,NA,3.25,NA,3,NA,NA,0.81,4.5,0.4,NA,NA,NA,NA,NA,3,NA,NA,NA,NA,NA,5.5,1,NA,NA,NA,NA,NA,3.5,NA,NA,NA,NA,NA
"257","Pittosporum dasycaulon",1.14,8,12.5,5,5.5,45,2600,NA,NA,NA,NA,NA,NA,NA,NA,10,NA,3,NA,NA,NA,NA,NA,NA,NA,NA,NA,NA,15,NA,8,NA,NA,NA,NA,NA,NA,NA,NA
"258","Plantago lanceolata",NA,0.13,NA,4,NA,17.5,25119,0.4,NA,2,1,NA,0.99,NA,NA,NA,NA,NA,10,15486,NA,NA,NA,NA,NA,NA,NA,NA,NA,NA,NA,25,45465,NA,NA,NA,NA,NA,NA
"259","Platea latifolia",0.2,15.5,1.75,5,1,NA,NA,NA,3.5,2,1,NA,NA,NA,6,1.5,NA,NA,NA,NA,NA,3,NA,NA,NA,NA,NA,25,2,NA,NA,NA,NA,NA,4,NA,NA,NA,NA
"260","Plocosperma buxifolium",0.8,3.5,NA,5,1.5,NA,NA,0.375,7,2,1,NA,NA,NA,2,NA,5,1,NA,NA,0.25,5,NA,NA,NA,NA,NA,5,NA,6,2,NA,NA,0.5,9,NA,NA,NA,NA
"261","Plumbago auriculata",3.3,0.85,NA,5,1,68.5,1295,2.75,NA,1,NA,NA,NA,2.85,0.3,NA,NA,NA,54,1261,2,NA,NA,NA,NA,NA,3.75,1.4,NA,NA,NA,83,1329,3.5,NA,NA,NA,NA,NA
"262","Podophyllum peltatum",NA,0.45,NA,15,43.3,38,NA,5,NA,1,NA,NA,NA,NA,0.3,NA,12,NA,26,NA,3,NA,NA,NA,NA,NA,NA,0.6,NA,18,NA,50,NA,7,NA,NA,NA,NA,NA
"263","Poeppigia procera",NA,15,NA,10,8,NA,NA,NA,NA,1,NA,NA,NA,NA,NA,NA,NA,NA,NA,NA,NA,NA,NA,NA,NA,NA,NA,NA,NA,NA,NA,NA,NA,NA,NA,NA,NA,NA,NA
"264","Polycarpon tetraphyllum",0.2,0.225,NA,2.75,NA,17.5,NA,NA,NA,NA,NA,NA,NA,0.15,NA,NA,2,NA,10,NA,NA,NA,NA,NA,NA,NA,0.25,NA,NA,3.5,NA,25,NA,NA,NA,NA,NA,NA,NA
"265","Polygala lewtonii",0.7,0.2,NA,8,1,NA,NA,NA,NA,2,NA,NA,NA,0.6,NA,NA,NA,NA,NA,NA,NA,NA,NA,NA,NA,NA,0.8,NA,NA,NA,NA,NA,NA,NA,NA,NA,NA,NA,NA
"266","Populus alba",NA,20,NA,9,NA,NA,NA,NA,NA,NA,NA,NA,NA,NA,20,NA,8,NA,NA,NA,NA,NA,NA,NA,NA,NA,NA,20,NA,10,NA,NA,NA,NA,NA,NA,NA,NA,NA
"267","Portulaca oleracea",0.75,0.3,NA,9.5,60,57.5,NA,0.45,NA,4.5,1,NA,NA,0.5,NA,NA,7,20,50,NA,0.4,NA,2,NA,NA,NA,1,NA,NA,12,100,65,NA,0.5,NA,7,NA,NA,NA
"268","Posidonia australis",NA,0.3,NA,3,1,528,980000,NA,NA,1,NA,NA,0.535,NA,0.17,NA,NA,NA,NA,NA,NA,NA,NA,NA,NA,NA,NA,0.43,NA,NA,NA,NA,NA,NA,NA,NA,NA,NA,NA
"269","Posoqueria latifolia",NA,14,5.5,5,NA,75.5,NA,NA,5,2,1,NA,NA,NA,3,3,NA,NA,51,NA,NA,NA,NA,NA,NA,NA,NA,25,8,NA,NA,100,NA,NA,NA,NA,NA,NA,NA
"270","Potamogeton berchtoldii",NA,NA,0.165,4,1,NA,NA,NA,0.24,4,0,NA,NA,NA,NA,0.13,NA,NA,NA,NA,NA,0.2,NA,NA,NA,NA,NA,NA,0.2,NA,NA,NA,NA,NA,0.28,NA,NA,NA,NA
"271","Primula sieboldii",1.1,0.185,NA,5,13,NA,NA,1.5,NA,5,1,NA,NA,0.9,0.12,NA,NA,12,NA,NA,1,NA,NA,NA,NA,NA,1.3,0.25,NA,NA,14,NA,NA,2,NA,NA,NA,NA,NA
"272","Prionotes cerinthoides",2.225,1,NA,5,NA,NA,NA,0.59,NA,5,1,NA,NA,1.95,NA,NA,NA,NA,NA,NA,NA,NA,NA,NA,NA,NA,2.5,NA,NA,NA,NA,NA,NA,NA,NA,NA,NA,NA,NA
"273","Prunus persica",NA,7,NA,46,2,38,NA,1.3,6,1,NA,NA,0.41,NA,6,NA,NA,NA,26,NA,1.1,4,NA,NA,NA,0.32,NA,8,NA,NA,NA,50,NA,1.5,8,NA,NA,NA,0.5
"274","Putranjiva roxburghii",NA,12,NA,3.16666666666667,2,NA,NA,0.625,NA,3,1,NA,NA,NA,NA,NA,2.33333333333333,NA,NA,NA,0.5,NA,NA,NA,NA,NA,NA,NA,NA,4,NA,NA,NA,0.75,NA,NA,NA,NA,NA
"275","Qualea grandiflora",2,12,NA,1,56,NA,NA,NA,NA,3,1,NA,0.99,1.5,NA,NA,NA,47,NA,NA,NA,NA,NA,NA,NA,NA,2.5,NA,NA,NA,65,NA,NA,NA,NA,NA,NA,NA,NA
"276","Quercus rubra",NA,30,NA,6,2,NA,NA,NA,NA,3,NA,NA,1,NA,NA,NA,2,NA,NA,NA,NA,NA,3,NA,NA,NA,NA,NA,NA,12,NA,NA,NA,NA,NA,6,NA,NA,NA
"277","Quinchamalium chilense",1.2025,0.2125,NA,5,1,22.275,NA,0.5,0.2,1,NA,0.9,NA,1.115,0.025,NA,NA,NA,16.97,NA,0.4,NA,NA,NA,0.7,NA,1.29,0.4,NA,NA,NA,27.58,NA,0.6,NA,NA,NA,1.1,NA
"278","Quintinia hyehenensis",NA,6.25,0.2,5,NA,NA,NA,0.5,0.2,4.5,NA,NA,NA,NA,1.5,NA,NA,NA,NA,NA,NA,NA,4,NA,NA,NA,NA,11,NA,NA,NA,NA,NA,NA,NA,5,NA,NA,NA
"279","Rafflesia keithii",NA,NA,NA,40,NA,NA,NA,80,NA,NA,NA,NA,NA,NA,NA,NA,NA,NA,NA,NA,NA,NA,NA,NA,NA,NA,NA,NA,NA,NA,NA,NA,NA,NA,NA,NA,NA,NA,NA
"280","Ranunculus acris",NA,0.575,NA,60,1,17.5,NA,2.15,0.3,20,0,NA,NA,NA,0.15,NA,NA,NA,10,NA,1.8,0.25,NA,NA,NA,NA,NA,1,NA,NA,NA,25,NA,2.5,0.35,NA,NA,NA,NA
"281","Ravenala madagascariensis",19,13.5,NA,6,12.5,NA,NA,NA,NA,3,1,NA,NA,20,9,NA,NA,5,NA,NA,NA,NA,NA,NA,NA,NA,25,18,NA,NA,20,NA,NA,NA,NA,NA,NA,NA,NA
"282","Reseda lutea",NA,40,NA,20,NA,NA,NA,0.6,NA,3,NA,NA,NA,NA,20,NA,13.5,NA,NA,NA,0.5,NA,NA,NA,NA,NA,NA,60,NA,20,NA,NA,NA,0.7,NA,NA,NA,NA,NA
"283","Rhexia virginica",NA,0.75,NA,8,999,NA,668,3.5,0.6,4,NA,NA,NA,NA,0.6,NA,NA,NA,NA,NA,3,0.5,NA,NA,NA,NA,NA,0.9,NA,NA,NA,NA,NA,4,0.7,NA,NA,NA,NA
"284","Rhizophora stylosa",NA,13.5,NA,8,2,NA,NA,NA,4,2,1,NA,0.25,NA,NA,NA,NA,NA,NA,NA,NA,NA,NA,NA,NA,NA,NA,NA,NA,NA,NA,NA,NA,NA,NA,NA,NA,NA,NA
"285","Ribes aureum",1.6,2,1,5,NA,38,NA,NA,NA,2,NA,NA,NA,0.8,1,NA,NA,NA,26,NA,NA,NA,NA,NA,NA,NA,2.4,3,NA,NA,NA,50,NA,NA,NA,NA,NA,NA,NA
"286","Roridula dentata",1.5,2,NA,5,1,NA,NA,2.5,0.5,3,1,NA,0.0142857142857143,NA,NA,NA,NA,NA,NA,NA,NA,NA,NA,NA,NA,NA,NA,NA,NA,NA,NA,NA,NA,NA,NA,NA,NA,NA,NA
"287","Roridula gorgonias",1.5,1,NA,5,3,75.5,NA,2.5,0.5,3,1,NA,0.0266666666666667,NA,NA,NA,NA,2,51,NA,NA,NA,NA,NA,NA,NA,NA,NA,NA,NA,4,100,NA,NA,NA,NA,NA,NA,NA
"288","Roupala montana",0.775,6,1.15,4,2,NA,NA,NA,2.75,1,NA,NA,NA,0.5,NA,0.8,NA,NA,NA,NA,NA,2,NA,NA,NA,NA,1.05,NA,1.5,NA,NA,NA,NA,NA,3.5,NA,NA,NA,NA
"289","Rourea induta",NA,4,NA,10,NA,NA,NA,1.1,NA,NA,NA,NA,NA,NA,NA,NA,NA,NA,NA,NA,NA,NA,NA,NA,NA,NA,NA,NA,NA,NA,NA,NA,NA,NA,NA,NA,NA,NA,NA
"290","Ruellia ciliatiflora",5.5,0.525,NA,4,NA,NA,NA,NA,2.5,NA,NA,NA,NA,5,0.45,NA,NA,NA,NA,NA,NA,2,NA,NA,NA,NA,6,0.6,NA,NA,NA,NA,NA,NA,3,NA,NA,NA,NA
"291","Ruta graveolens",NA,1,NA,9,4,25.5,304,NA,0.75,4,1,NA,NA,NA,NA,NA,8,NA,21,226,NA,0.35,NA,NA,NA,NA,NA,NA,NA,10,NA,30,382,NA,1.15,NA,NA,NA,NA
"292","Sagina procumbens",NA,0.2,NA,4,28,NA,NA,0.2,0.275,4,NA,NA,NA,NA,NA,NA,NA,25,NA,NA,NA,0.2,NA,NA,NA,NA,NA,NA,NA,NA,31,NA,NA,NA,0.35,NA,NA,NA,NA
"293","Sagittaria latifolia",NA,1,NA,30,NA,NA,NA,4,NA,6,NA,NA,NA,NA,NA,NA,20,NA,NA,NA,NA,NA,2,NA,NA,NA,NA,NA,NA,40,NA,NA,NA,NA,NA,10,NA,NA,NA
"294","Salpiglossis sinuata",4.075,1,NA,4,NA,67.5,NA,5.5,0.7,2,1,0.335,NA,3.15,NA,NA,NA,NA,63,NA,5,NA,NA,NA,0.32,NA,5,NA,NA,NA,NA,72,NA,6,NA,NA,NA,0.35,NA
"295","Santalum spicatum",NA,6,NA,4,1,NA,NA,0.6,NA,3,NA,NA,0.88,NA,NA,NA,NA,NA,NA,NA,NA,NA,2,NA,NA,NA,NA,NA,NA,NA,NA,NA,NA,NA,NA,5,NA,NA,NA
"296","Sarracenia purpurea",NA,0.25,1.5,65,282,NA,NA,6,NA,5,1,NA,1,NA,0.05,1,50,200,NA,NA,NA,NA,NA,NA,NA,NA,NA,0.45,2,80,364,NA,NA,NA,NA,NA,NA,NA,NA
"297","Sauvagesia rhodoleuca",NA,1.15,NA,5,NA,NA,NA,0.525,NA,3,NA,NA,0.2,NA,0.8,NA,NA,NA,NA,NA,0.4,NA,NA,NA,NA,NA,NA,1.5,NA,NA,NA,NA,NA,0.65,NA,NA,NA,NA,NA
"298","Saxifraga cernua",NA,0.155,NA,10,232,NA,218,15,NA,2,0.7,NA,NA,NA,0.06,NA,NA,80,NA,74,9,NA,NA,NA,NA,NA,NA,0.25,NA,NA,190,NA,294,21,NA,NA,NA,NA,NA
"299","Schinus molle",NA,8.5,0.55,10,1,30.75,NA,NA,0.55,3,1,NA,NA,NA,NA,0.5,NA,NA,24,NA,NA,0.5,NA,NA,NA,NA,NA,NA,0.6,NA,NA,37.5,NA,NA,0.6,NA,NA,NA,NA
"300","Schisandra chinensis",NA,9,30.5,5.5,2.5,38,NA,NA,0.625,27,0,NA,0.745714285714286,NA,NA,0.4,4,2,26,NA,NA,0.5,14,NA,NA,NA,NA,NA,60.6,7,3,50,NA,NA,0.75,40,NA,NA,NA
"301","Schizanthus grahamii",2.9,0.5,NA,2,NA,NA,NA,NA,1,2,1,NA,0.538,1.4,NA,NA,NA,NA,NA,NA,NA,NA,NA,NA,NA,NA,4.4,NA,NA,NA,NA,NA,NA,NA,NA,NA,NA,NA,NA
"302","Scleranthus annuus",NA,0.135,0.1,3.5,1,NA,300,0.15,0.41,2,1,NA,NA,NA,0.02,NA,2,NA,NA,100,0.1,0.32,NA,NA,NA,NA,NA,0.25,NA,5,NA,NA,250,0.2,0.5,NA,NA,NA,NA
"303","Senecio vulgaris",0.55,NA,NA,5,0.5,NA,NA,NA,NA,2,NA,NA,NA,0.5,NA,NA,NA,0,NA,NA,NA,NA,NA,NA,NA,NA,0.6,NA,NA,NA,1,NA,NA,NA,NA,NA,NA,NA,NA
"304","Sesamum indicum",2.4,1.2,0.225,4,32.5,75.5,NA,NA,0.65,2,1,NA,NA,1.5,NA,0.15,NA,30,51,NA,NA,0.6,NA,NA,NA,NA,3.3,NA,0.3,NA,35,100,NA,NA,0.7,NA,NA,NA,NA
"305","Sextonia rubra",NA,40,NA,9,1,NA,NA,NA,NA,1,NA,NA,0.97,NA,NA,NA,NA,NA,NA,NA,NA,NA,NA,NA,NA,NA,NA,NA,NA,NA,NA,NA,NA,NA,NA,NA,NA,NA,NA
"306","Silene vulgaris",2.1,0.6,NA,10,NA,38,218,NA,1.3,NA,1,NA,0.438888888888889,1.8,NA,NA,NA,NA,26,NA,NA,NA,NA,NA,NA,NA,2.4,NA,NA,NA,NA,50,NA,NA,NA,NA,NA,NA,NA
"307","Simmondsia chinensis",NA,2.5,NA,10,NA,NA,NA,0.4,NA,3,1,NA,NA,NA,2,NA,8,NA,NA,NA,0.3,NA,NA,NA,NA,NA,NA,3,NA,12,NA,NA,NA,0.5,NA,NA,NA,NA,NA
"308","Sinojackia xylocarpa",1.25,6,NA,13,7,NA,NA,1.75,2,3,1,NA,0.992,1,5,NA,NA,6,NA,NA,1.5,NA,2,NA,NA,NA,1.5,7,NA,NA,8,NA,NA,2,NA,4,NA,NA,NA
"309","Solanum dulcamara",NA,1.15,0.875,5,15,17.5,NA,1.25,1.25,2,1,NA,0.33,NA,0.3,0.75,NA,NA,10,NA,1,1,NA,NA,NA,NA,NA,2,1,NA,NA,25,NA,1.5,1.5,NA,NA,NA,NA
"310","Souroubea guianensis",NA,NA,1.75,5,NA,NA,NA,1.4,NA,NA,NA,NA,NA,NA,NA,1.5,NA,NA,NA,NA,NA,NA,NA,NA,NA,NA,NA,NA,2,NA,NA,NA,NA,NA,NA,NA,NA,NA,NA
"311","Spergularia marina",NA,0.2,0.46,4.33333333333333,114,NA,34,0.65,0.46,NA,NA,NA,0.015,NA,0.1,0.28,1,46,NA,49,0.5,0.28,NA,NA,NA,0.01,NA,0.3,0.64,7.66666666666667,182,NA,59,0.8,0.64,NA,NA,NA,0.02
"312","Spigelia marilandica",3.75,0.45,NA,5,NA,NA,NA,NA,NA,2,1,NA,NA,2.5,0.3,NA,NA,NA,NA,NA,NA,NA,NA,NA,NA,NA,5,0.6,NA,NA,NA,NA,NA,NA,NA,NA,NA,NA,NA
"313","Spiranthes cernua",1.5,0.3,NA,1,2566.5,38,NA,NA,NA,3,1,NA,NA,NA,0.1,NA,NA,2398,26,NA,NA,NA,NA,NA,NA,NA,NA,0.5,NA,NA,2735,50,NA,NA,NA,NA,NA,NA,NA
"314","Spondias tuberosa",NA,6,4,10,1,NA,NA,NA,NA,4.5,NA,NA,0.87,NA,2,NA,NA,NA,NA,NA,NA,NA,4,NA,NA,NA,NA,10,NA,NA,NA,NA,NA,NA,NA,5,NA,NA,NA
"315","Staphylea trifolia",0.83,3.1225,NA,5,9,NA,NA,0.64,NA,2.5,1,NA,NA,NA,1.915,NA,NA,6,NA,NA,NA,NA,2,NA,NA,NA,NA,4.33,NA,NA,12,NA,NA,NA,NA,3,NA,NA,NA
"316","Stellaria media",0.525,0.2,0.4,5.5,NA,38,50,0.35,0.4,NA,NA,NA,NA,0.45,0.1,0.3,3,NA,26,23,0.2,0.3,NA,NA,NA,NA,0.6,0.3,0.5,8,NA,50,76,0.5,0.5,NA,NA,NA,NA
"317","Sterculia apetala",1,35,4,15,11,NA,NA,2,6,5,0.2,NA,NA,1.5,30,NA,NA,2,NA,NA,2,NA,NA,NA,NA,NA,2,40,NA,NA,20,NA,NA,2.5,NA,NA,NA,NA,NA
"318","Stylidium graminifolium",0.75,2.025,0.85,2,90,NA,NA,1,0.85,2,1,NA,NA,0.5,0.05,0.5,NA,NA,NA,NA,0.5,0.5,NA,NA,NA,NA,1,4,1.2,NA,NA,NA,NA,1,1.2,NA,NA,NA,NA
"319","Swietenia macrophylla",0.4,30,9,10,14,NA,NA,1,15,5,1,NA,0.9525,NA,NA,NA,NA,12,NA,NA,NA,12,NA,NA,NA,NA,NA,NA,NA,NA,16,NA,NA,NA,18,NA,NA,NA,NA
"320","Syringa vulgaris",1,6,0.5,2,2,38,NA,NA,1.25,2,1,NA,NA,0.8,NA,NA,NA,NA,26,NA,NA,1,NA,NA,NA,NA,1.2,NA,NA,NA,NA,50,NA,NA,1.5,NA,NA,NA,NA
"321","Tacca chantrieri",1.3,0.75,NA,6,285,NA,49.5,1.75,NA,3,NA,NA,0.135,0.6,0.5,NA,NA,NA,NA,NA,1,NA,NA,NA,NA,NA,2,1,NA,NA,NA,NA,NA,2.5,NA,NA,NA,NA,NA
"322","Tacca leontopetaloides",NA,1,NA,6,23,NA,137,NA,NA,3,NA,NA,NA,NA,NA,NA,NA,NA,NA,NA,NA,NA,NA,NA,NA,NA,NA,NA,NA,NA,NA,NA,NA,NA,NA,NA,NA,NA,NA
"323","Talinum paniculatum",0.34,0.65,0.4,15.75,19,38,136,0.84,0.4,3,NA,NA,NA,NA,0.3,0.3,11,14,26,NA,NA,0.3,NA,NA,NA,NA,NA,1,0.5,20.5,24,50,NA,NA,0.5,NA,NA,NA,NA
"324","Tectona grandis",NA,40,1.5,6,NA,NA,3207.5,0.55,1.5,NA,NA,NA,0.975,NA,NA,1.2,NA,NA,NA,NA,0.4,1.2,NA,NA,NA,NA,NA,NA,1.8,NA,NA,NA,NA,0.7,1.8,NA,NA,NA,NA
"325","Ternstroemia crassifolia",NA,NA,NA,NA,NA,NA,NA,1.25,NA,2,NA,NA,NA,NA,NA,NA,NA,NA,NA,NA,1,NA,1,NA,NA,NA,NA,NA,NA,NA,NA,NA,NA,1.5,NA,2,NA,NA,NA
"326","Tetracentron sinense",NA,40,0.325,4,6,NA,720,0.15,0.375,4,0.8,NA,NA,NA,NA,0.25,NA,5,NA,NA,0.1,0.25,NA,NA,NA,NA,NA,NA,0.4,NA,6,NA,NA,0.2,0.5,NA,NA,NA,NA
"327","Tetratheca aphylla",NA,1.9,NA,10,1,NA,NA,0.9,0.34,3,NA,NA,1,NA,NA,NA,NA,NA,NA,NA,NA,0.69,NA,NA,NA,NA,NA,NA,NA,NA,NA,NA,NA,NA,0.78,NA,NA,NA,NA
"328","Tetroncium magellanicum",0.9,0.2,1,4,1,NA,NA,NA,0.7,4,0.3,NA,NA,NA,0.05,NA,NA,NA,NA,NA,NA,0.4,NA,0.1,NA,NA,NA,0.35,NA,NA,NA,NA,NA,NA,1,NA,0.5,NA,NA
"329","Thalictrum minus",NA,0.825,0.325,12.5,1,38,82439.1,0.7,0.325,7.75,0,NA,NA,NA,0.15,0.25,10,NA,26,NA,0.6,0.25,4,NA,NA,NA,NA,1.5,0.4,15,NA,50,NA,0.8,0.4,11.5,NA,NA,NA
"330","Theobroma cacao",1,18,NA,5,NA,17.5,NA,NA,17,5,1,NA,0.7575,NA,NA,NA,NA,NA,10,NA,NA,15,NA,NA,NA,NA,NA,NA,NA,NA,NA,25,NA,NA,19,NA,NA,NA,NA
"331","Thymelaea hirsuta",2.88666666666667,1.6,NA,8,1,28,NA,2.75,NA,1,NA,NA,NA,NA,1.2,NA,NA,NA,26,NA,2.75,NA,NA,NA,NA,NA,NA,2,NA,NA,NA,30,NA,3.25,NA,NA,NA,NA,NA
"332","Titanotrichum oldhamii",3.5,0.35,NA,4,NA,NA,NA,1,NA,NA,NA,NA,NA,3,0.2,NA,NA,NA,NA,NA,NA,NA,NA,NA,NA,NA,4,0.5,NA,NA,NA,NA,NA,NA,NA,NA,NA,NA,NA
"333","Trachelium caeruleum",0.5,1,NA,5,NA,23,NA,NA,NA,NA,NA,NA,NA,0.4,NA,NA,NA,NA,21,NA,NA,NA,NA,NA,NA,NA,0.6,NA,NA,NA,NA,25,NA,NA,NA,NA,NA,NA,NA
"334","Tragopogon dubius",NA,0.7,0.155,5,1,38,NA,NA,2.6,2,1,NA,0.15,NA,0.4,0.14,NA,NA,26,NA,NA,2.2,NA,NA,NA,NA,NA,1,0.17,NA,NA,50,NA,NA,3,NA,NA,NA,NA
"335","Tribulus terrestris",NA,0.35,1,10,20,45.5,398,0.9,0.5,5,1,NA,NA,NA,0.1,NA,NA,15,41,340,0.8,0.4,NA,NA,NA,NA,NA,0.6,NA,NA,25,50,377,1,0.6,NA,NA,NA,NA
"336","Trichilia emetica",1.6,30,NA,10,2,NA,NA,NA,3,3,1,NA,NA,NA,NA,NA,NA,1,NA,NA,NA,2,2,NA,NA,NA,NA,NA,NA,NA,2,NA,NA,NA,4,3,NA,NA,NA
"337","Trillium erectum",NA,0.3,1.25,6,NA,NA,537,6.5,1.3,3,NA,NA,0.53,NA,0.1,1,NA,NA,NA,NA,3,1,NA,NA,NA,NA,NA,0.5,1.5,NA,NA,NA,NA,10,1.6,NA,NA,NA,NA
"338","Trithuria submersa",NA,0.075,NA,1,1,NA,24,1,NA,1,NA,NA,NA,NA,0.05,NA,NA,NA,NA,NA,NA,NA,NA,NA,NA,NA,NA,0.1,NA,NA,NA,NA,NA,NA,NA,NA,NA,NA,NA
"339","Trochocarpa laurina",0.25,13,0.7,10,1,NA,NA,NA,NA,10,1,NA,NA,0.2,NA,0.6,NA,NA,NA,NA,NA,NA,NA,NA,NA,NA,0.3,NA,0.8,NA,NA,NA,NA,NA,NA,NA,NA,NA,NA
"340","Tropaeolum majus",4,2,1.75,8,NA,17.5,63480.5,4.45,1.75,NA,NA,NA,NA,NA,NA,1.5,NA,NA,10,NA,3.5,1.5,NA,NA,NA,NA,NA,NA,2,NA,NA,25,NA,5.4,2,NA,NA,NA,NA
"341","Tropaeolum tricolor",3,2,NA,8,1,NA,NA,NA,NA,3,1,NA,NA,NA,3,NA,NA,NA,NA,NA,NA,NA,NA,NA,NA,NA,NA,4,NA,NA,NA,NA,NA,NA,NA,NA,NA,NA,NA
"342","Turnera ulmifolia",NA,0.875,NA,5,504.5,75.5,NA,5,NA,3,1,NA,0.187692307692308,NA,NA,NA,NA,10,51,NA,4.1,NA,NA,NA,NA,NA,NA,2.5,NA,NA,999,100,NA,5.9,NA,NA,NA,NA,NA
"343","Typha latifolia",0.55,2.25,NA,2,1,38,NA,NA,1.25,1,NA,NA,NA,0.35,1.5,NA,NA,NA,26,NA,NA,1,NA,NA,NA,NA,0.75,3,NA,NA,NA,50,NA,NA,1.5,NA,NA,NA,NA
"344","Urtica dioica",0.14,1.75,0.08,4,1,17.5,NA,NA,0.12,1,NA,NA,NA,0.48,0.5,0.07,NA,NA,10,NA,NA,0.1,NA,NA,NA,NA,0.9,3,0.09,NA,NA,25,NA,NA,0.14,NA,NA,NA,NA
"345","Vaccinium uliginosum",0.6,0.6,0.7,9,NA,48.25,316,0.4,0.7,3.5,1,NA,NA,0.38,0.2,0.6,8,NA,46,252.75,0.36,0.6,3.33333333333333,NA,NA,NA,0.5,1,0.8,10,NA,50.5,302.35,0.4,0.8,3.66666666666667,NA,NA,NA
"346","Valeriana officinalis",NA,0.75,0.45,3,1,38,NA,0.5,0.45,3,NA,NA,0.875,NA,0,0.4,NA,NA,26,NA,0.4,0.4,NA,NA,NA,NA,NA,1.5,0.5,NA,NA,50,NA,0.6,0.5,NA,NA,NA,NA
"347","Vellozia squamata",NA,NA,NA,6,999,NA,NA,15,5,NA,NA,NA,NA,NA,NA,NA,NA,NA,NA,NA,NA,NA,NA,NA,NA,NA,NA,NA,NA,NA,NA,NA,NA,NA,NA,NA,NA,NA,NA
"348","Verbascum thapsus",NA,2,NA,5,NA,NA,NA,1.5,0.85,2,1,NA,0.676,NA,NA,NA,NA,NA,NA,NA,1,0.7,NA,NA,NA,NA,NA,NA,NA,NA,NA,NA,NA,2,1,NA,NA,NA,NA
"349","Veronica anagallis-aquatica",NA,0.55,NA,2,NA,38,43,0.625,0.3,2,NA,0.205,NA,NA,0.1,NA,NA,NA,26,27,0.45,NA,NA,NA,0.15,NA,NA,1,NA,NA,NA,50,59,0.8,NA,NA,NA,0.26,NA
"350","Viburnum rufidulum",NA,6,NA,5,NA,NA,NA,0.63,NA,NA,NA,NA,NA,NA,3,NA,NA,NA,NA,NA,NA,NA,NA,NA,NA,NA,NA,9,NA,NA,NA,NA,NA,NA,NA,NA,NA,NA,NA
"351","Viola pubescens",NA,0.275,1,5,9,NA,NA,2.6,1.6,3,1,NA,0.665,NA,0.1,0.8,NA,8,NA,NA,1.6,1.2,NA,NA,NA,0.59,NA,0.45,1.2,NA,10,NA,NA,3.6,2,NA,NA,NA,2.77
"352","Vitex negundo",0.4,1.5,NA,4,2,NA,1015,0.55,NA,2,NA,NA,0.95,0.3,1,NA,NA,NA,NA,NA,0.45,NA,NA,NA,NA,NA,0.5,2,NA,NA,NA,NA,NA,0.65,NA,NA,NA,NA,NA
"353","Vitis labrusca",0.2,16,1.2,5,NA,NA,NA,NA,NA,NA,NA,NA,NA,NA,NA,NA,NA,NA,NA,NA,NA,NA,NA,NA,NA,NA,NA,NA,NA,NA,NA,NA,NA,NA,NA,NA,NA,NA,NA
"354","Viviania marifolia",NA,4,NA,10,2,30,NA,0.7,NA,3,1,NA,NA,NA,NA,NA,NA,NA,NA,NA,0.6,NA,NA,NA,NA,NA,NA,NA,NA,NA,NA,NA,NA,0.8,NA,NA,NA,NA,NA
"355","Vriesea carinata",4,0.3,NA,6,NA,NA,NA,NA,NA,3,NA,NA,0.4575,3.5,0.25,NA,NA,NA,NA,NA,NA,NA,NA,NA,NA,NA,4.5,0.35,NA,NA,NA,NA,NA,NA,NA,NA,NA,NA,NA
"356","Warburgia ugandensis",NA,23.5,5,10,5.5,NA,NA,2,NA,5,1,NA,0.89,NA,5,NA,NA,5,NA,NA,NA,NA,NA,NA,NA,NA,NA,42,NA,NA,6,NA,NA,NA,NA,NA,NA,NA,NA
"357","Wurmbea biglandulosa",NA,0.1675,NA,6,21.5,NA,NA,1.6375,NA,3,NA,NA,0.856666666666667,NA,0.035,NA,NA,21,NA,NA,1.41,NA,NA,NA,NA,NA,NA,0.3,NA,NA,22,NA,NA,1.865,NA,NA,NA,NA,NA
"358","Xanthosoma sagittifolium",NA,2,NA,5,35,NA,390.5,NA,NA,4.25,1,NA,NA,NA,NA,NA,4,20,NA,NA,NA,NA,3.5,NA,NA,NA,NA,NA,NA,6,50,NA,NA,NA,NA,5,NA,NA,NA
"359","Ximenia americana",0.9,5,NA,7.33333333333333,1,NA,NA,1.2,NA,4,NA,NA,NA,0.7,4,NA,NA,NA,NA,NA,NA,NA,NA,NA,NA,NA,1.1,6,NA,NA,NA,NA,NA,NA,NA,NA,NA,NA,NA
"360","Zea mays",0.745,3.25,0.45,3,1,75.5,14818,0.2625,0.725,1,NA,NA,0.97,0.605,0.5,0.35,NA,NA,51,NA,0.195,0.55,NA,NA,NA,NA,0.885,6,0.55,NA,NA,100,NA,0.33,0.9,NA,NA,NA,NA
"361","Zelkova serrata",NA,30,NA,7,1,NA,NA,0.9,0.3,2,NA,NA,1,NA,NA,NA,5,NA,NA,NA,NA,0.25,NA,NA,NA,NA,NA,NA,NA,8,NA,NA,NA,NA,0.35,NA,NA,NA,NA
"362","Zostera marina",0.6,0.7,NA,1,1,NA,NA,NA,0.3375,2,NA,0.45,0.735,0.525,0.2,NA,NA,NA,NA,NA,NA,0.25,NA,NA,0.3,NA,0.675,1.2,NA,NA,NA,NA,NA,NA,0.425,NA,NA,0.6,NA
