"","Woodiness","Climbing","Aquatic","SexualSystem","Lifespan","Mating","Pollination","DispersalMode","DispersalDist","FlowerSex","OvaryPosition","FloralReward","FlowerSymmetry","Showiness","Maximumverticalheight","Monocarpwidth","Numberoffertilestamens","Numberofovulesperfunctionalcarpel","Pollensize","Pollenovuleratio","Monocarplength","Numberofstructuralcarpels","Fusionofovaries","Lengthofgynoecium","flowerSize","seedMass"
"Abolboda pulchella","herbaceous","non-climbing","non-aquatic","monomorphic","long",NA,"biotic",NA,NA,"bisexual","superior","nectar","zygomorphic","bright",0.3,0.4,3,10.6,90,47,NA,NA,NA,NA,0.6,NA
"Achatocarpus praecox","woody","non-climbing","non-aquatic","dimorphic","long","outcrossing","biotic","biotic","long","unisexual","superior",NA,"actinomorphic","bright_dull",6,0.45,16,1,NA,NA,0.55,2,1,0.3,0.65,NA
"Acorus calamus","herbaceous","non-climbing","non-aquatic","monomorphic","long","outcrossing","biotic","abiotic","long","bisexual","superior","other","zygomorphic","bright_dull",1.75,0.25,6,4.5,21,NA,0.425,3,1,0.14,0.35,3.72
"Actinidia chinensis","woody","climbing","non-aquatic","dimorphic","long","outcrossing","abiotic_biotic","biotic","long","unisexual","superior","none_pollen","actinomorphic","bright",5,NA,155,15,NA,NA,NA,29,1,NA,5.15,1.6
"Aerva javanica","herbaceous_woody","non-climbing","non-aquatic","dimorphic","long","outcrossing","biotic","abiotic","long","unisexual","superior",NA,"actinomorphic","bright",1,NA,5,1,NA,NA,NA,2.5,1,NA,0.2,0.29
"Aextoxicon punctatum","woody","non-climbing","non-aquatic","dimorphic","long","outcrossing","biotic","biotic","long","unisexual","superior",NA,"actinomorphic","bright",8,0.55,5.5,2,NA,NA,0.85,1,NA,NA,0.8,325.25
"Agalinis neoscotica","herbaceous","non-climbing","non-aquatic","monomorphic","short","mixed","biotic",NA,NA,"bisexual","superior",NA,"zygomorphic","bright",0.4,0.55,4,999,NA,128.4,0.55,2,NA,NA,1.15,NA
"Ailanthus altissima","woody","non-climbing","non-aquatic","dimorphic","long","outcrossing","biotic","abiotic","long","unisexual","superior","nectar","actinomorphic","bright_dull",30,1,10,1,31.5,NA,4.05,5,NA,NA,0.8,29.25
"Ainsliaea cordifolia","herbaceous","non-climbing","non-aquatic","monomorphic","long","outcrossing","biotic","abiotic","long","bisexual","inferior",NA,"actinomorphic","bright",0.375,NA,5,1,NA,NA,0.4,2,1,NA,1.5,NA
"Ajuga reptans","herbaceous","non-climbing","non-aquatic","dimorphic_monomorphic","long",NA,"biotic","biotic","short","bisexual_unisexual","superior","nectar_pollen","zygomorphic","bright",0.275,NA,4,NA,22.95,661.5,NA,2,1,NA,1.27,1.37
"Akebia quinata","woody","climbing","non-aquatic","monomorphic","long","outcrossing","biotic","autonomous","short","unisexual","superior","none_pollen","actinomorphic","bright",9.5,3.725,6,150,17.5,NA,6.875,6,0,NA,1.1,20.5
"Albizia julibrissin","woody","non-climbing","non-aquatic","monomorphic","long","outcrossing","biotic","abiotic_autonomous","long_short","bisexual_unisexual","superior","nectar_pollen","actinomorphic","bright_dull",16,2,25,15,100,2826,14.75,1,NA,NA,0.8,37.37
"Alepis flavida","woody","non-climbing","non-aquatic","monomorphic","long","mixed","biotic","biotic","long","bisexual","inferior","nectar","actinomorphic","bright",1,NA,5.5,NA,NA,NA,NA,NA,NA,NA,1.6,NA
"Allanblackia floribunda","woody","non-climbing","non-aquatic","dimorphic","long","outcrossing","biotic","biotic","long","unisexual","superior",NA,"actinomorphic","bright",30,9.5,185,18,NA,NA,35,5,NA,NA,5,NA
"Allium sativum","herbaceous","non-climbing","non-aquatic","monomorphic","long","selfing","autonomous","autonomous","short","bisexual_unisexual","superior",NA,"actinomorphic_zygomorphic","bright",0.3,NA,6,2,NA,NA,NA,3,NA,NA,NA,NA
"Allium schoenoprasum","herbaceous","non-climbing","non-aquatic","monomorphic","long","outcrossing","biotic","autonomous","short","bisexual","superior","nectar","actinomorphic","bright",0.35,0.315,6,2,NA,NA,0.345,3,NA,NA,1.04,0.99
"Allocasuarina verticillata","woody","non-climbing","non-aquatic","dimorphic","long","outcrossing","abiotic","abiotic","long","unisexual",NA,"none",NA,"bright",7,NA,1,1,30,4364,NA,1.5,1,NA,0.9,4
"Alluaudia procera","woody","non-climbing","non-aquatic","dimorphic","long","outcrossing","biotic","abiotic","long","unisexual","superior",NA,"other","bright_dull",15,NA,8,1,NA,NA,0.25,3,1,NA,0.2,2.22
"Alnus alnobetula","woody","non-climbing","non-aquatic","monomorphic","long","outcrossing","abiotic","abiotic","long","unisexual","inferior","none","actinomorphic","dull",10,NA,4,1.5,23,NA,NA,2.5,1,NA,NA,0.51
"Aloe thraskii","woody","non-climbing","non-aquatic","monomorphic","long","mixed","biotic",NA,NA,"bisexual",NA,"nectar","zygomorphic","bright",2.75,NA,6,NA,NA,NA,NA,NA,NA,NA,2.35,NA
"Alphitonia excelsa","woody","non-climbing","non-aquatic","monomorphic","long","outcrossing","biotic","biotic","long","bisexual","inferior","nectar","actinomorphic","bright_dull",21,0.9,5,1,22,5550,0.85,3,NA,NA,1,22.06
"Alseuosmia macrophylla","woody","non-climbing","non-aquatic","monomorphic","long","outcrossing","biotic","biotic","long","bisexual","inferior","nectar","actinomorphic","bright",2.375,NA,5,51.5,47.5,NA,NA,2,NA,NA,3.75,4.1
"Alstroemeria aurea","herbaceous","non-climbing","non-aquatic","monomorphic","long","mixed","biotic","autonomous","short","bisexual","inferior","nectar","zygomorphic","bright",0.75,NA,6,21.5,NA,4500,2.25,3,NA,NA,5,18.91
"Alyssum simplex","herbaceous","non-climbing","non-aquatic","monomorphic","short","selfing","biotic","abiotic","long","bisexual","superior","nectar","actinomorphic","bright",0.15,0.45,6,2,36.55,NA,0.45,2,1,NA,0.25,0.83
"Amborella trichopoda","woody","non-climbing","non-aquatic","dimorphic","long","outcrossing","abiotic_biotic","autonomous_biotic","long_short","unisexual","superior","none_other","actinomorphic","bright",8,0.5,16.5,1,NA,1582,0.7,5,0,NA,0.4,3.67
"Amsonia tabernaemontana","herbaceous","non-climbing","non-aquatic","monomorphic","long",NA,"biotic",NA,NA,"bisexual","superior",NA,"actinomorphic","bright",0.65,NA,5,NA,NA,NA,NA,2,0,NA,1.9,84.21
"Anarthria polyphylla","herbaceous","non-climbing","non-aquatic","dimorphic","long","outcrossing","abiotic",NA,NA,"unisexual","superior","none","actinomorphic","dull",0.1,NA,3,1,NA,NA,0.2,3,1,NA,0.5,NA
"Angelonia pubescens","herbaceous","non-climbing","non-aquatic","monomorphic","short","selfing","biotic","biotic","long","bisexual","superior","other","zygomorphic","bright",0.7,NA,4,NA,NA,NA,NA,2,1,NA,1.4,NA
"Anigozanthos humilis","herbaceous","non-climbing","non-aquatic","monomorphic","long","outcrossing","biotic",NA,NA,"bisexual",NA,"nectar","zygomorphic","bright",0.55,NA,6,51,NA,NA,NA,3,NA,NA,3.75,0.52
"Annona crassiflora","woody","non-climbing","non-aquatic","monomorphic","long","outcrossing","biotic","biotic","long","bisexual","superior","other","actinomorphic","bright_dull",7,15,NA,NA,NA,NA,15,NA,NA,NA,3.25,5936.27
"Antirrhinum majus","herbaceous","non-climbing","non-aquatic","monomorphic","long","outcrossing","biotic","autonomous","short","bisexual","superior","pollen","zygomorphic","bright",0.5,1.1,4,9999,17.5,NA,1.35,2,1,NA,3.6,0.12
"Apium graveolens","herbaceous","non-climbing","non-aquatic","monomorphic","short","mixed","biotic","abiotic","long","bisexual","inferior","nectar","actinomorphic","bright",1,NA,5,1,23,NA,0.15,2,1,NA,0.15,0.34
"Aquilegia canadensis","herbaceous","non-climbing","non-aquatic","monomorphic","long","mixed","biotic","autonomous","short","bisexual","superior","nectar_pollen","actinomorphic","bright",0.525,NA,40,75,NA,610,NA,5,0,1.65,3,1.16
"Arabidopsis thaliana","herbaceous","non-climbing","non-aquatic","monomorphic","short","selfing","autonomous_biotic","abiotic_autonomous","long_short","bisexual","superior","nectar","actinomorphic_other","bright",0.175,NA,6,55,17.5,33,NA,2,1,NA,0.25,0.02
"Aralidium pinnatifidum","woody","non-climbing","non-aquatic","dimorphic","long","outcrossing",NA,NA,NA,"unisexual","inferior",NA,"actinomorphic","bright",10,NA,5,0.5,NA,NA,2.65,3,1,NA,0.25,NA
"Arctostaphylos uva-ursi","woody","non-climbing","non-aquatic","monomorphic","long",NA,"autonomous_biotic","biotic","long","bisexual","superior","nectar","actinomorphic","bright",0.105,NA,10,1,54,NA,NA,5,1,NA,0.2,18.49
"Arum maculatum","herbaceous","non-climbing","non-aquatic","monomorphic","long","mixed","biotic","biotic","long","unisexual","superior","none",NA,"dull",0.33,NA,3.5,2,38,4596,NA,1,NA,NA,0.15,101.73
"Asparagus officinalis","herbaceous","non-climbing","non-aquatic","dimorphic","long","outcrossing","biotic","biotic","long","unisexual","superior","nectar_pollen","actinomorphic","bright_dull",1.75,NA,6,NA,38,NA,0.8,3,1,NA,0.5,22.1
"Astelia alpina","herbaceous","non-climbing","non-aquatic","dimorphic","long","outcrossing",NA,"biotic","long","unisexual","superior","nectar","actinomorphic","dull",0.3,NA,6,12,18.25,NA,1.2,3,1,NA,0.4,1.15
"Audouinia capitata","woody","non-climbing","non-aquatic","monomorphic","long","outcrossing","biotic","abiotic","long","bisexual","intermediate","nectar","actinomorphic","bright",0.4,NA,5,2,NA,NA,NA,3,NA,NA,1,NA
"Avicennia marina","woody","non-climbing","non-aquatic","monomorphic","long","mixed","biotic","abiotic","long","bisexual","superior","nectar","actinomorphic","bright",4.1,1.2,4,2,NA,4000,2.5,2,1,0.3,0.595,3400
"Azima tetracantha","woody","non-climbing","non-aquatic","dimorphic","long","outcrossing",NA,"biotic","long","unisexual","superior",NA,NA,"bright_dull",0.9,NA,4,1,NA,NA,0.75,2,1,NA,3.5,34.8
"Bagassa guianensis","woody","non-climbing","non-aquatic","dimorphic","long","outcrossing","abiotic_biotic","biotic","long","unisexual",NA,"none",NA,NA,37.5,3,2,NA,NA,NA,NA,NA,NA,NA,0.1,NA
"Balanophora laxiflora","herbaceous","non-climbing","non-aquatic","dimorphic","long","outcrossing",NA,NA,NA,"unisexual","inferior",NA,"zygomorphic",NA,NA,NA,5,NA,NA,NA,NA,NA,NA,NA,1.5,NA
"Balanops pancheri","woody","non-climbing","non-aquatic","dimorphic","long","outcrossing","abiotic","biotic","long","unisexual",NA,"none",NA,NA,4,NA,5,2,NA,NA,1.7,2,1,NA,NA,NA
"Bdallophytum americanum","herbaceous","non-climbing","non-aquatic","dimorphic",NA,"outcrossing",NA,"biotic","long_short","unisexual","inferior","nectar","actinomorphic","bright",0.165,1.35,9,NA,NA,NA,NA,9.5,NA,NA,0.855,NA
"Begonia heracleifolia","herbaceous","non-climbing","non-aquatic","monomorphic","long_short","mixed",NA,"autonomous","short","bisexual","inferior",NA,"zygomorphic","bright",NA,NA,22.5,NA,NA,NA,1,3,NA,NA,1.2,0.0072
"Bergeranthus multiceps","herbaceous","non-climbing","non-aquatic","monomorphic","long","outcrossing","biotic",NA,NA,"bisexual",NA,"nectar_pollen","actinomorphic","bright",0.08,0.5,182.5,NA,NA,NA,0.8,NA,NA,NA,2,NA
"Berteroa incana","herbaceous","non-climbing","non-aquatic","monomorphic","long_short","outcrossing","biotic","abiotic","long","bisexual","superior","nectar","actinomorphic","bright",0.7,0.16,6,NA,17.5,NA,0.6,2,1,NA,0.3,0.49
"Bertholletia excelsa","woody","non-climbing","non-aquatic","monomorphic","long","outcrossing","biotic","biotic","long","bisexual","inferior","nectar_pollen","zygomorphic","bright",50,NA,114,9,NA,26755,NA,4,1,NA,2.5,6500
"Beta vulgaris","herbaceous","non-climbing","non-aquatic","dimorphic_monomorphic","long_short","mixed","abiotic","abiotic_autonomous","long_short","bisexual_unisexual","intermediate","none","actinomorphic","dull",2,NA,5,1,18,29545.8333333333,NA,2.5,1,NA,0.5,16.5
"Bixa orellana","woody","non-climbing","non-aquatic","monomorphic","long","mixed","biotic","biotic","short","bisexual","superior","pollen","actinomorphic","bright",10,4.275,425,46.6666666666667,NA,138636,6.265,2,1,NA,4.5,25.08
"Borago officinalis","herbaceous","non-climbing","non-aquatic","monomorphic","short","selfing","biotic","biotic","short","bisexual","superior","nectar","actinomorphic","bright",0.5,NA,5,2,38,15875,NA,2,1,NA,2.5,16.1
"Brasenia schreberi","herbaceous","non-climbing","aquatic_non-aquatic","monomorphic","long","mixed","abiotic","abiotic","long","bisexual","superior","none","actinomorphic","bright_dull",1.5,NA,26.5,1.5,47.6,9619,NA,11.6,0,NA,2,6.78
"Bretschneidera sinensis","woody","non-climbing","non-aquatic","monomorphic","long","mixed","biotic","autonomous","short","bisexual","superior","nectar","zygomorphic","bright",20,NA,8,2,50.5,14516.5,NA,3,1,NA,3.5,NA
"Bruguiera gymnorhiza","woody","non-climbing","non-aquatic","monomorphic","long","mixed","biotic","abiotic","long","bisexual","inferior","nectar","actinomorphic","bright_dull",35,2,22,3.33333333333333,29.8,3e+05,20,3,1,2,3.25,22380
"Buddleja davidii","woody","non-climbing","non-aquatic","monomorphic","long","outcrossing","biotic","abiotic","long","bisexual","superior","nectar","actinomorphic","bright",5,NA,4,NA,NA,106.59,NA,NA,NA,NA,0.65,0.1
"Bursera simaruba","woody","non-climbing","non-aquatic","dimorphic_monomorphic","long","outcrossing","biotic","biotic","long","bisexual_unisexual",NA,"nectar","actinomorphic","dull",15,NA,10,2,NA,NA,NA,3,NA,NA,0.6,117.35
"Butomus umbellatus","herbaceous","non-climbing","aquatic","monomorphic","long","outcrossing","biotic","abiotic_autonomous_biotic","long_short","bisexual","superior","nectar","actinomorphic","bright",0.8,NA,9,50,38,NA,NA,6,NA,NA,2.25,0.18
"Buxus balearica","woody","non-climbing","non-aquatic","monomorphic","long",NA,"abiotic_biotic","autonomous_biotic","short","unisexual",NA,"nectar_none",NA,NA,6,NA,4,2,NA,NA,NA,3,NA,0.6,0.6,7.45
"Byrsonima crassifolia","woody","non-climbing","non-aquatic","monomorphic","long","selfing","biotic","biotic","long","bisexual","superior","other","zygomorphic","bright",12.5,1.83,10,1,13,NA,NA,3,1,NA,1.2,2.94
"Cabomba caroliniana","herbaceous","non-climbing","aquatic","monomorphic","long","outcrossing","biotic","biotic","long","bisexual","superior","nectar_pollen","actinomorphic","bright",10,NA,6,3,NA,62,NA,3,0,NA,2.5,1.14
"Calceolaria purpurea","herbaceous","non-climbing","non-aquatic","monomorphic","long","outcrossing","biotic",NA,NA,"bisexual",NA,"other","zygomorphic","bright",0.6,NA,2,NA,NA,NA,NA,NA,NA,NA,1.27,0.01
"Camellia sinensis","woody","non-climbing","non-aquatic","monomorphic","long","outcrossing","biotic","biotic","long","bisexual","superior",NA,"actinomorphic","bright",5,NA,100,4,38,NA,NA,3,1,NA,2.75,1405.19
"Canacomyrica monticola","woody","non-climbing","non-aquatic","dimorphic","long","outcrossing","abiotic","biotic","long","unisexual","inferior","none",NA,NA,7,1,6,1,NA,NA,NA,1,NA,NA,NA,NA
"Canna indica","herbaceous","non-climbing","non-aquatic","monomorphic","long","selfing","biotic","autonomous","short","bisexual","inferior","nectar","other","bright",2.5,0.6,0.5,NA,49.5,NA,NA,3,1,NA,6,155.15
"Cannabis sativa","herbaceous","non-climbing","non-aquatic","dimorphic_monomorphic","short","outcrossing","abiotic","autonomous_biotic","long_short","unisexual","superior","none","actinomorphic","bright_dull",1.5,NA,5,0.5,30,NA,NA,2,1,NA,0.5,18.25
"Capparis zeylanica","woody","non-climbing","non-aquatic","monomorphic","long",NA,NA,"biotic","long","bisexual",NA,NA,"actinomorphic","bright",3.5,NA,37.5,999,NA,NA,3.25,4,NA,NA,9,NA
"Cardiocrinum cordatum","herbaceous","non-climbing","non-aquatic","monomorphic","long","mixed","biotic","abiotic","long","bisexual",NA,"nectar","zygomorphic","bright_dull",1.35,NA,6,312.5,NA,NA,NA,3,NA,NA,15,3.55
"Carex laxiflora","herbaceous","non-climbing","non-aquatic","monomorphic","long","selfing","abiotic",NA,NA,"unisexual","superior","none",NA,"dull",0.45,NA,2,1,NA,NA,NA,3,NA,NA,0.3225,NA
"Carica papaya","woody","non-climbing","non-aquatic","dimorphic","long","mixed","autonomous_biotic","biotic","long","unisexual","superior","nectar_none_pollen","actinomorphic","bright",6,NA,10,999,34,NA,26.5,5,1,NA,4,22.62
"Caryocar brasiliense","woody","non-climbing","non-aquatic","monomorphic","long","outcrossing","biotic","biotic","long","bisexual","intermediate","nectar","actinomorphic","bright",10,NA,300,NA,NA,NA,NA,3.5,NA,NA,6,NA
"Catalpa speciosa","woody","non-climbing","non-aquatic","monomorphic","long","outcrossing","biotic","abiotic","long","bisexual","superior","nectar","zygomorphic","bright",30,1.25,2,999,NA,NA,35,2,1,NA,5.5,18.83
"Catharanthus roseus","woody","non-climbing","non-aquatic","monomorphic","long","mixed","biotic","autonomous_biotic","short","bisexual",NA,"nectar","actinomorphic","bright",0.875,NA,5,NA,75.5,NA,NA,2,NA,NA,4.49,1.43
"Caulophyllum thalictroides","herbaceous","non-climbing","non-aquatic","monomorphic","long","mixed","biotic","biotic","long","bisexual","superior",NA,"actinomorphic","bright",0.55,NA,6,2.25,NA,5286,NA,1,NA,NA,0.9,198.63
"Centroplacus glaucinus","woody","non-climbing","non-aquatic","dimorphic","long","outcrossing",NA,NA,NA,"unisexual",NA,NA,"actinomorphic","bright",20,NA,5,2,NA,NA,0.7,3,1,NA,0.2,NA
"Ceratophyllum demersum","herbaceous","non-climbing","aquatic","monomorphic","long","mixed","abiotic","biotic","long","unisexual",NA,"none_pollen",NA,"dull",3,NA,1,1,21,NA,NA,1,NA,NA,0.125,NA
"Cercidiphyllum japonicum","woody","non-climbing","non-aquatic","dimorphic","long","outcrossing","abiotic","abiotic","long","unisexual","superior","none",NA,"dull",30,NA,10,20.5,NA,NA,NA,1,0,NA,0.9,0.55
"Chimaphila umbellata","woody","non-climbing","non-aquatic","monomorphic","long","outcrossing","biotic","autonomous","short","bisexual","superior","nectar_pollen","actinomorphic","bright",0.275,NA,10,1000,NA,32,NA,5,1,NA,1.4,0.002
"Chimonanthus praecox","woody","non-climbing","non-aquatic","monomorphic","long","mixed","biotic","autonomous","short","bisexual","superior","nectar_pollen","actinomorphic","bright",8,NA,7,2,38,2847,NA,9,0,NA,2.75,109.6
"Chloranthus spicatus","woody","non-climbing","non-aquatic","monomorphic","long","outcrossing","biotic","biotic","long","bisexual",NA,"other",NA,"dull",0.6,NA,2.33333333333333,1,NA,NA,NA,1,NA,NA,0.5,2.18
"Chorispora tenella","herbaceous","non-climbing","non-aquatic","monomorphic","short","selfing","biotic","abiotic","long","bisexual","superior",NA,"actinomorphic","bright",0.305,0.175,6,15.6,17.5,NA,2.4,2,1,NA,8.15,1.2
"Cinnamomum camphora","woody","non-climbing","non-aquatic","monomorphic","long","outcrossing","biotic","biotic","long","bisexual","superior",NA,"actinomorphic","bright_dull",22.5,NA,9,1,17.5,NA,NA,1,NA,NA,0.3,108.24
"Cirsium pitcheri","herbaceous","non-climbing","non-aquatic",NA,"long_short","mixed","biotic","abiotic","long",NA,"inferior",NA,"zygomorphic","bright",0.55,NA,5,0.5,NA,NA,NA,2,NA,NA,2.5,NA
"Clarkia xantiana","herbaceous","non-climbing","non-aquatic","monomorphic","short","mixed","biotic","autonomous","short","bisexual","inferior",NA,"zygomorphic","bright",0.45,NA,8,500,NA,84.5,2.25,4,1,NA,3.5,0.21
"Claytonia virginica","herbaceous","non-climbing","non-aquatic","monomorphic","long",NA,"biotic","autonomous_biotic","short","bisexual","superior","nectar","actinomorphic","bright",0.225,NA,5,2,NA,NA,NA,3,1,NA,0.85,1.22
"Cleistesiopsis bifaria","herbaceous","non-climbing","non-aquatic","monomorphic","long","outcrossing","biotic",NA,NA,"bisexual","inferior","pollen","zygomorphic","bright_dull",0.315,NA,2,1853.5,NA,4,NA,3,NA,NA,7.5,NA
"Cleomella arborea","woody","non-climbing","non-aquatic","monomorphic","long_short","outcrossing","biotic",NA,NA,"bisexual","superior",NA,"zygomorphic","bright",1.25,0.9,6,9.5,NA,NA,2.5,1,NA,NA,1.52,NA
"Clethra alnifolia","woody","non-climbing","non-aquatic","monomorphic","long",NA,"biotic","abiotic","long","bisexual","superior",NA,"actinomorphic","bright",2,NA,10,40,NA,NA,NA,3,1,NA,0.55,0.15
"Clutia pulchella","woody","non-climbing","non-aquatic","dimorphic","long","outcrossing",NA,"autonomous_biotic","short","unisexual",NA,NA,"actinomorphic","bright",0.84,NA,5,1,NA,3959,NA,3,1,NA,4,3.08
"Cobaea scandens","woody","climbing","non-aquatic","monomorphic","long","outcrossing","biotic","abiotic","long","bisexual","superior","nectar","actinomorphic","bright",25,NA,5,26,100,415.5,NA,3,1,NA,5.75,72.3
"Cochlospermum vitifolium","woody","non-climbing","non-aquatic","monomorphic","long","outcrossing","biotic","abiotic","long","bisexual","superior","pollen","actinomorphic","bright",12,5.5,175,120,17.5,NA,8,5,1,NA,11,27.94
"Coffea arabica","woody","non-climbing","non-aquatic","monomorphic","long","mixed","biotic","biotic","long","bisexual","inferior","nectar_pollen","actinomorphic","bright",5,NA,5,1,38,NA,NA,2,NA,NA,3,188.32
"Combretum leprosum","woody","climbing_non-climbing","non-aquatic","monomorphic","long","outcrossing","biotic","abiotic","long","bisexual","inferior","nectar_other","actinomorphic","bright",12,NA,8,4,NA,NA,NA,2,NA,NA,0.95,NA
"Commelina communis","herbaceous","non-climbing","non-aquatic","monomorphic","short",NA,"biotic","autonomous","short","bisexual_unisexual","superior","pollen","zygomorphic","bright",1,NA,3,2,NA,NA,NA,2,NA,NA,1.25,NA
"Cordyline australis","woody","non-climbing","non-aquatic","monomorphic","long","outcrossing","biotic","biotic","long","bisexual","superior",NA,"actinomorphic","bright",12,NA,6,NA,NA,NA,NA,3,1,NA,0.55,3.91
"Coriaria myrtifolia","woody","non-climbing","non-aquatic","monomorphic","long",NA,"abiotic","biotic","long","bisexual_unisexual","superior","none","actinomorphic","dull",3,0.3,10,1,17.5,NA,0.5,5,NA,NA,0.7,9.9
"Coriaria ruscifolia","woody","non-climbing","non-aquatic","monomorphic","long",NA,"abiotic","abiotic","long","bisexual","superior","none","actinomorphic","bright_dull",2,0.11,10,1,38,NA,0.16,7.5,NA,NA,0.25,0.53
"Cornus florida","woody","non-climbing","non-aquatic","monomorphic","long","outcrossing","biotic","biotic","long","bisexual","inferior",NA,"actinomorphic","bright_dull",20,0.75,4,NA,NA,NA,1.55,NA,NA,NA,1.5,101.87
"Corokia cotoneaster","woody","non-climbing","non-aquatic","monomorphic","long","outcrossing","biotic","biotic","long","bisexual","inferior","nectar_other","actinomorphic","bright",3,NA,5,1,NA,NA,NA,2,NA,NA,0.65,26.33
"Corrigiola litoralis","herbaceous","non-climbing","non-aquatic","monomorphic","short","selfing","biotic","abiotic_autonomous","long_short","bisexual","intermediate",NA,"actinomorphic","bright",0.15,NA,5,NA,NA,NA,NA,3,0.5,NA,0.2,0.45
"Costus woodsonii","herbaceous","non-climbing","non-aquatic","monomorphic","long",NA,"biotic","biotic","long","bisexual","inferior","nectar_pollen","zygomorphic","bright",12,NA,1,9,130,744,NA,3,NA,NA,3,NA
"Cucurbita pepo","herbaceous","climbing","non-aquatic","monomorphic","short",NA,"biotic","abiotic","long","unisexual","inferior","nectar","actinomorphic","bright",0.6,NA,2.5,2560.75,100,317,NA,3,1,NA,1,144.75
"Cupaniopsis anacardioides","woody","non-climbing","non-aquatic","monomorphic","long",NA,"biotic","biotic","long","unisexual","superior","nectar_pollen","other","bright_dull",4,NA,8,1,15,39811,NA,3,1,NA,0.8,178.63
"Curculigo latifolia","herbaceous_woody","non-climbing","non-aquatic","monomorphic","long","outcrossing","biotic",NA,NA,"bisexual_unisexual","inferior",NA,"actinomorphic","bright",0.6,NA,6,NA,NA,NA,NA,NA,NA,NA,1.3,100
"Cuscuta cuspidata","herbaceous","climbing","non-aquatic","monomorphic","short","mixed","abiotic",NA,NA,"bisexual","superior","none","actinomorphic","bright",0.5,0.33,5,2,NA,1164,0.22,2,1,NA,0.175,NA
"Cuttsia viburnea","woody","non-climbing","non-aquatic","monomorphic","long","outcrossing","biotic","abiotic_autonomous","long_short","bisexual","superior",NA,"actinomorphic","bright",15,NA,5,500.5,20.25,NA,0.35,5,NA,NA,1,0.03
"Cyclanthus bipartitus","woody","non-climbing","non-aquatic","monomorphic","long","outcrossing","biotic","biotic","long","unisexual",NA,"pollen",NA,"bright",2,NA,6,NA,NA,NA,NA,NA,NA,NA,NA,NA
"Cymodocea nodosa","herbaceous","non-climbing","aquatic","dimorphic","long","outcrossing","abiotic","autonomous_biotic","long_short","unisexual",NA,"none",NA,NA,0.6,0.9,2,1,NA,NA,1.3,2,0,NA,NA,NA
"Cypripedium calceolus","herbaceous","non-climbing","non-aquatic","monomorphic","long","outcrossing","biotic","abiotic","long","bisexual","inferior","pollen","zygomorphic","bright_dull",0.45,NA,2,1500,17.5,NA,NA,3,1,NA,7.75,0.003
"Cyrilla racemiflora","woody","non-climbing","non-aquatic","monomorphic","long",NA,"biotic","abiotic","long","bisexual","superior","nectar","actinomorphic","bright",10,0.3,5,2,NA,NA,NA,2,1,NA,0.5,NA
"Dalechampia spathulata","woody","non-climbing","non-aquatic","monomorphic","long",NA,"biotic","autonomous","short","unisexual",NA,"other","zygomorphic","bright",2.5,NA,20,NA,45.5,NA,NA,3,NA,NA,NA,NA
"Dalzellia ceylanica","herbaceous","non-climbing","aquatic_non-aquatic","monomorphic",NA,"selfing","autonomous",NA,NA,"bisexual","superior","pollen","actinomorphic","bright_dull",0.01,NA,3,999,NA,14.105,0.15,3,1,NA,0.2,NA
"Daphniphyllum macropodum","woody","non-climbing","non-aquatic","dimorphic","long","outcrossing","abiotic","biotic","long","unisexual","superior","none","actinomorphic","dull",20,0.55,9,2,NA,NA,1,2,1,NA,NA,42.24
"Datisca glomerata","herbaceous","non-climbing","non-aquatic","dimorphic","long","mixed","abiotic","abiotic","long","bisexual_unisexual","inferior","none",NA,"dull",1.5,NA,7.75,NA,NA,NA,NA,NA,NA,NA,0.65,0.07
"Davidsonia jerseyana","woody","non-climbing","non-aquatic","monomorphic","long","selfing",NA,"biotic","long","bisexual","superior","nectar","actinomorphic","bright",10,4.5,9,6,NA,NA,4,2,NA,NA,0.5,206.29
"Davilla kunthii","herbaceous","climbing","non-aquatic","monomorphic","long","outcrossing","biotic","biotic","long","bisexual","inferior_superior","pollen","actinomorphic","bright",NA,NA,70,2,NA,NA,NA,1,NA,NA,1.8,NA
"Denhamia celastroides","woody","non-climbing","non-aquatic","monomorphic","long","outcrossing",NA,NA,NA,"bisexual","superior",NA,"actinomorphic",NA,7,NA,5,4,NA,NA,1.35,3,1,NA,2.5,NA
"Diapensia lapponica","woody","non-climbing","non-aquatic","monomorphic","long","mixed","biotic","autonomous","short","bisexual","superior","nectar","actinomorphic","bright",0.02,NA,5,80,NA,1997.5,0.3,3,1,NA,1.1,NA
"Diospyros australis","woody","non-climbing","non-aquatic","dimorphic","long","outcrossing",NA,NA,NA,"unisexual","superior",NA,"actinomorphic","bright",20,0.95,14,2,NA,NA,1.25,4,NA,NA,0.16,130.16
"Dipterocarpus tempehes","woody","non-climbing","non-aquatic","monomorphic","long","outcrossing","biotic",NA,NA,"bisexual",NA,NA,"actinomorphic","bright",45,3,30,NA,NA,NA,NA,NA,NA,NA,5.4,NA
"Discaria americana","woody","non-climbing","non-aquatic","monomorphic","long","outcrossing","biotic","autonomous","short","bisexual","intermediate","nectar_other_pollen","actinomorphic","bright",1,0.5,4.5,1,NA,7943,0.5,3.5,NA,NA,0.6,NA
"Drosophyllum lusitanicum","woody","non-climbing","non-aquatic","monomorphic","long","mixed","biotic","autonomous","short","bisexual","superior",NA,"actinomorphic","bright",0.9,NA,10,21.1,NA,687,NA,5,1,NA,2.7,3.72
"Dryas octopetala","woody","non-climbing","non-aquatic","monomorphic","long","mixed","biotic","abiotic","long","bisexual","superior","nectar_pollen","actinomorphic","bright",0.5,NA,164,1,38,631,NA,NA,0,NA,3,0.71
"Durio zibethinus","woody","non-climbing","non-aquatic","monomorphic","long","outcrossing","biotic","biotic","long","bisexual","superior","nectar","actinomorphic","bright",25,NA,60,6,104,NA,NA,5,1,NA,5.5,18094.33
"Eriocaulon parkeri","herbaceous","non-climbing","non-aquatic","monomorphic","long_short",NA,"biotic",NA,NA,"unisexual","superior",NA,NA,"bright",0.15,NA,4,NA,NA,NA,NA,2,NA,NA,0.2,NA
"Eriogonum arborescens","woody","non-climbing","non-aquatic","monomorphic","long","mixed","biotic","abiotic","long","bisexual",NA,NA,NA,"bright",2,NA,9,1,NA,NA,0.3,3,NA,NA,0.275,0.63
"Eryngium alpinum","herbaceous","non-climbing","non-aquatic","monomorphic","long","outcrossing","biotic","biotic","long","bisexual","inferior",NA,"actinomorphic","bright",0.45,0.5,5,NA,NA,12050,NA,2,NA,NA,0.2,5.02
"Erythroxylum laurifolium","woody","non-climbing","non-aquatic","monomorphic","long","outcrossing",NA,"biotic","long","bisexual","superior","nectar_other",NA,"bright",4.5,NA,10,NA,34.6,NA,1.5,NA,NA,NA,NA,NA
"Eschscholzia californica","herbaceous","non-climbing","non-aquatic","monomorphic","long_short","outcrossing","biotic","autonomous","short","bisexual","superior","pollen","other","bright",0.325,NA,19.5,NA,38,NA,6,2,1,NA,4,1.5
"Eucalyptus cladocalyx","woody","non-climbing","non-aquatic","monomorphic","long","mixed","biotic","abiotic","long","bisexual","inferior",NA,NA,"bright",35,0.75,192,17,NA,3900,1.1,3.5,NA,NA,1.5,4.78
"Eupomatia bennettii","woody","non-climbing","non-aquatic","monomorphic","long","outcrossing","biotic",NA,NA,"bisexual","inferior",NA,NA,"bright",1.5,2.5,8.5,NA,NA,NA,NA,NA,1,NA,3.5,NA
"Eupomatia laurina","woody","non-climbing","non-aquatic","monomorphic","long","outcrossing","biotic","biotic","long","bisexual",NA,"other",NA,"bright",7,1.75,60,3,NA,NA,NA,41,1,NA,2.66666666666667,15.73
"Fagus grandifolia","woody","non-climbing","non-aquatic","monomorphic","long","outcrossing","abiotic","biotic","long","unisexual","inferior","none_pollen","actinomorphic","dull",25,NA,11,2,NA,NA,NA,3,NA,NA,NA,265.74
"Filipendula vulgaris","herbaceous","non-climbing","non-aquatic","monomorphic","long","outcrossing","abiotic_biotic","biotic","long","bisexual","superior","none_pollen","actinomorphic","bright",0.76,NA,25,2,17.5,NA,NA,9,0,NA,1.2,0.99
"Floerkea proserpinacoides","herbaceous","non-climbing","non-aquatic","monomorphic","short","selfing","autonomous","autonomous","short","bisexual","superior",NA,"actinomorphic","bright_dull",0.175,NA,6,1,NA,NA,NA,2.5,NA,NA,2.75,3.64
"Fumana ericoides","woody","non-climbing","non-aquatic","monomorphic","long","selfing","biotic","autonomous","short","bisexual","inferior",NA,"actinomorphic","bright",0.3,NA,29,10.25,NA,567,0.7,2,NA,NA,1.75,2.44
"Galium aparine","herbaceous","non-climbing","non-aquatic","monomorphic","short","selfing","biotic","biotic","long","bisexual","inferior",NA,"actinomorphic","bright",0.935,NA,4,1,38,316,NA,2,1,0.85,1.75,9.05
"Gelsemium sempervirens","herbaceous","climbing","non-aquatic","monomorphic","long","outcrossing","biotic","abiotic","long","bisexual","superior","other","actinomorphic","bright",4.75,NA,5,4,NA,NA,NA,2,1,NA,2.75,NA
"Gentiana saponaria","herbaceous","non-climbing","non-aquatic","monomorphic","long",NA,"biotic","abiotic","long","bisexual","superior","nectar","actinomorphic","bright",0.48,NA,5,NA,NA,NA,NA,2,1,NA,3.75,NA
"Geranium sanguineum","herbaceous","non-climbing","non-aquatic","monomorphic","long","mixed","biotic","autonomous","short","bisexual","superior","nectar","actinomorphic","bright",0.3,NA,10,2,100,539,NA,5,1,NA,3.1,8.87
"Gerbera jamesonii","herbaceous","non-climbing","non-aquatic","monomorphic","long","outcrossing","biotic","abiotic","long","bisexual","inferior",NA,"zygomorphic","bright",0.375,NA,5,1,NA,12786,0.95,2,NA,NA,4.1,2.06
"Gesneria cuneifolia","woody","non-climbing","non-aquatic","monomorphic","long","mixed","biotic","biotic","short","bisexual",NA,"nectar","zygomorphic","bright",0.15,0.4,NA,NA,NA,NA,0.55,2,NA,NA,2.5,0.02
"Gomortega keule","woody","non-climbing","non-aquatic","monomorphic","long","mixed","biotic","biotic","long","bisexual","inferior",NA,"actinomorphic","bright_dull",20,2.8,8,1,28,NA,5.25,2,1,NA,0.6,NA
"Gonocaryum litorale","woody","non-climbing","non-aquatic","dimorphic","long","outcrossing",NA,"biotic","long","unisexual","superior",NA,"actinomorphic","bright_dull",17.5,2.5,5,2,NA,NA,4.5,2,1,NA,0.55,NA
"Gossypium hirsutum","woody","non-climbing","non-aquatic","monomorphic","long_short","mixed","biotic","abiotic","long","bisexual","superior","nectar","actinomorphic","bright",1.5,NA,80,10,94.6,608,NA,3.5,1,NA,7,93.47
"Grewia occidentalis","woody","non-climbing","non-aquatic","monomorphic",NA,"outcrossing","biotic","biotic","long","bisexual","superior","nectar","actinomorphic","bright",3,NA,76.5,1,NA,8303.5,NA,4,1,NA,3,64.31
"Griselinia racemosa","woody","non-climbing","non-aquatic","dimorphic",NA,"outcrossing",NA,"biotic","long","unisexual","inferior",NA,"actinomorphic",NA,2,0.425,5,NA,NA,NA,0.7,3,1,NA,NA,12.21
"Gyrocarpus americanus","woody","non-climbing","non-aquatic","monomorphic","long",NA,"abiotic","abiotic","long","bisexual_unisexual","inferior","none","actinomorphic","bright_dull",25,NA,4,1,NA,16124.5,NA,1,NA,NA,0.15,360.51
"Hamamelis virginiana","woody","non-climbing","non-aquatic","monomorphic","long","outcrossing","biotic","autonomous","short","bisexual","intermediate","nectar_pollen","actinomorphic","bright",5,NA,4,1,17.5,11798.25,1.2,2,1,NA,2,108.32
"Hanguana malayana","herbaceous","non-climbing","non-aquatic","dimorphic","long","outcrossing",NA,"biotic","long","unisexual","superior",NA,"actinomorphic",NA,3,0.65,6,1,NA,NA,NA,3,1,NA,NA,17
"Haumania danckelmaniana","woody","climbing","non-aquatic","monomorphic","long","outcrossing","biotic",NA,NA,"bisexual","inferior",NA,"zygomorphic","bright",6,2,1,NA,NA,138,3,3,NA,NA,1.25,NA
"Hedychium gardnerianum","herbaceous","non-climbing","non-aquatic","monomorphic","long","selfing","biotic","biotic","long","bisexual","inferior",NA,"zygomorphic","bright",2.4,NA,1,NA,NA,NA,NA,3,NA,NA,8,NA
"Helianthus annuus","herbaceous","non-climbing","non-aquatic","monomorphic","short","mixed","biotic","autonomous","short","bisexual","inferior","nectar_pollen","actinomorphic_zygomorphic","bright",2,NA,5,1,38,NA,NA,2,1,NA,2.2,38.81
"Heliconia irrasa","herbaceous","non-climbing","non-aquatic","monomorphic","long",NA,"biotic","biotic","long","bisexual","inferior","nectar",NA,"bright",1.5,NA,5,1,NA,NA,NA,3,NA,NA,5.75,NA
"Herniaria glabra","herbaceous","non-climbing","non-aquatic","monomorphic","long_short","selfing","biotic","abiotic_autonomous","long_short","bisexual","superior","nectar","actinomorphic","dull",0.2,NA,5,NA,17.5,NA,NA,NA,NA,NA,0.15,0.11
"Hevea brasiliensis","woody","non-climbing","non-aquatic","monomorphic","long","mixed","biotic","biotic","long","unisexual","intermediate",NA,"actinomorphic",NA,20,NA,10,1,NA,NA,NA,3,1,NA,0.5025,3809.45
"Hirtella physophora","woody","non-climbing","non-aquatic","monomorphic","long","outcrossing","biotic",NA,NA,"bisexual",NA,"nectar_pollen","zygomorphic","bright",NA,1,6,NA,NA,5895,NA,NA,NA,NA,2,NA
"Hordeum bulbosum","herbaceous","non-climbing","non-aquatic","monomorphic","long","outcrossing","abiotic","biotic","long","bisexual","superior","none","zygomorphic","dull",0.95,NA,3,1,38,NA,NA,2,NA,NA,1.75,11.36
"Hydnocarpus heterophyllus","woody","non-climbing","non-aquatic","dimorphic","long","outcrossing","biotic","biotic","long","unisexual","superior",NA,NA,NA,20,NA,26,999,29.05,NA,NA,4,1,NA,1.6,NA
"Hydrastis canadensis","herbaceous","non-climbing","non-aquatic","monomorphic","long","mixed","biotic","biotic","long","bisexual","superior",NA,"actinomorphic","bright",0.325,0.325,53.75,2,23.25,NA,0.65,10.75,0,NA,1.3,NA
"Hydrocotyle vulgaris","herbaceous","non-climbing","non-aquatic","monomorphic","long",NA,"autonomous_biotic","abiotic","long","bisexual","inferior",NA,"actinomorphic","bright",0.125,NA,5,NA,NA,NA,NA,2,1,NA,0.15,0.5
"Hydrophyllum capitatum","herbaceous","non-climbing","non-aquatic","monomorphic","long","outcrossing","biotic",NA,NA,"bisexual","superior","nectar_pollen","actinomorphic","bright",0.275,NA,5,NA,NA,NA,0.4,NA,NA,NA,0.7,6.55
"Hypericum perforatum","herbaceous","non-climbing","non-aquatic","monomorphic","long","selfing","biotic","abiotic","long","bisexual","superior","pollen","actinomorphic","bright",0.6,0.4,50,30,17.5,NA,0.475,3,1,NA,1.875,0.15
"Hypolytrum pulchrum","herbaceous","non-climbing","non-aquatic","monomorphic","long","outcrossing",NA,NA,NA,"unisexual",NA,NA,NA,NA,0.45,NA,1,1,NA,NA,NA,NA,NA,NA,NA,NA
"Ilex opaca","woody","non-climbing","non-aquatic","dimorphic","long","outcrossing","biotic","biotic","long","unisexual","superior",NA,"actinomorphic","bright_dull",12.5,NA,4,NA,NA,NA,NA,4,1,NA,0.75,17.2
"Impatiens capensis","herbaceous","non-climbing","non-aquatic","monomorphic","short","mixed","biotic","autonomous","short","bisexual","superior","nectar","zygomorphic","bright",1.05,NA,5,1,NA,NA,NA,5,1,NA,3.3,7.03
"Ipomoea alba","herbaceous","climbing","non-aquatic","monomorphic","long_short","selfing","biotic",NA,NA,"bisexual","superior","nectar","actinomorphic","bright",10,NA,5,5,NA,NA,3,2,NA,NA,9,99.98
"Iris versicolor","herbaceous","non-climbing","non-aquatic","monomorphic","long","mixed","autonomous_biotic","abiotic","long","bisexual","inferior",NA,"actinomorphic","bright",0.675,NA,3,40.5,NA,NA,NA,3,NA,NA,12.25,15.02
"Irvingbaileya australis","woody","non-climbing","non-aquatic","dimorphic","long","outcrossing","biotic","biotic","long","unisexual","superior",NA,"actinomorphic","bright",NA,2,5,1,17.25,NA,2.3,2,1,NA,0.41,220
"Juglans mandshurica","woody","non-climbing","non-aquatic","monomorphic","long","outcrossing","abiotic","biotic","long","unisexual","inferior","none",NA,"dull",15,NA,26,1,NA,NA,NA,2,NA,NA,NA,9259
"Jumellea fragrans","herbaceous","non-climbing","non-aquatic","monomorphic","long","mixed","biotic",NA,NA,"bisexual","inferior","nectar","zygomorphic","bright",0.3,NA,2,1500,NA,NA,NA,3,NA,NA,4,NA
"Juncus effusus","herbaceous","non-climbing","non-aquatic","monomorphic","short","mixed","abiotic","biotic","long","bisexual","superior","none","actinomorphic","dull",0.8825,NA,3,NA,38,48,0.19,3,NA,NA,NA,0.02
"Kalanchoe daigremontiana","herbaceous","non-climbing","non-aquatic","monomorphic","long_short","selfing","biotic","abiotic","long","bisexual","intermediate_superior","nectar","actinomorphic","bright",1.5,0.35,8,130,NA,192,0.85,4,0.2,NA,3,0.02
"Kalmia latifolia","woody","non-climbing","non-aquatic","monomorphic","long","outcrossing","biotic","abiotic","long","bisexual","superior","nectar","actinomorphic","bright",5,NA,10,NA,38,NA,NA,NA,1,NA,2.8,0.02
"Kielmeyera regalis","woody","non-climbing","non-aquatic","monomorphic","long","outcrossing","biotic","abiotic","long","bisexual",NA,"pollen","actinomorphic","bright",NA,NA,NA,NA,NA,NA,NA,NA,NA,NA,9,NA
"Kirengeshoma palmata","herbaceous","non-climbing","non-aquatic","monomorphic","long","outcrossing","biotic","abiotic","long","bisexual",NA,NA,NA,"bright",1.05,1.15,15,NA,NA,NA,NA,NA,NA,NA,3.81,1.74
"Kirkia wilmsii","woody","non-climbing","non-aquatic","dimorphic","long","outcrossing","biotic","abiotic","long","unisexual","superior",NA,"actinomorphic",NA,12,NA,4.5,NA,NA,NA,NA,4.5,1,NA,1,13.99
"Lactoris fernandeziana","woody","non-climbing","non-aquatic","monomorphic","long","mixed","abiotic","abiotic_autonomous","long_short","bisexual_unisexual","superior","none","actinomorphic","dull",1.5,NA,6,6,NA,1815.33333333333,NA,3,0,NA,0.4,NA
"Lantana camara","woody","non-climbing","non-aquatic","monomorphic","long","selfing","biotic","biotic","long","bisexual","superior",NA,"zygomorphic","bright",1.05,NA,4,NA,NA,NA,NA,1.5,NA,NA,0.65,11.14
"Lapageria rosea","woody","climbing","non-aquatic","monomorphic","long",NA,"biotic","biotic","long","bisexual","inferior_superior","nectar","actinomorphic","bright",8,NA,6,132,NA,1157,4.5,3,1,NA,7.5,NA
"Larrea tridentata","woody","non-climbing","non-aquatic","monomorphic","long","mixed","biotic","biotic","long","bisexual",NA,"nectar_pollen","actinomorphic","bright",1.6,NA,10,NA,NA,NA,NA,5,NA,NA,2.5,6.44
"Lemna minor","herbaceous","non-climbing","aquatic","monomorphic","short",NA,"biotic","abiotic","long","bisexual","superior",NA,NA,"dull",0.06,NA,2,1,NA,NA,NA,1,NA,NA,0.08,NA
"Lepidobotrys staudtii","woody","non-climbing","non-aquatic","dimorphic","long","outcrossing",NA,"autonomous","short","unisexual","superior",NA,"actinomorphic",NA,8,1.65,10,2,NA,NA,2.3,3,NA,NA,0.63,NA
"Limnanthes douglasii","herbaceous","non-climbing","non-aquatic","dimorphic","short","outcrossing","biotic",NA,NA,"bisexual_unisexual","superior",NA,"actinomorphic","bright",0.515,NA,10,NA,38,NA,NA,5,NA,NA,2.8,7.12
"Linum perenne","herbaceous","non-climbing","non-aquatic","monomorphic","long","outcrossing","biotic",NA,NA,"bisexual","superior",NA,"actinomorphic","bright",0.6,NA,5,2,NA,NA,NA,5,1,NA,3.5,1.4
"Liparis loeselii","herbaceous","non-climbing","non-aquatic","monomorphic","long","selfing","abiotic_autonomous","abiotic","long","bisexual","inferior","none","zygomorphic","dull",0.13,NA,1,2225,NA,NA,NA,3,NA,NA,1.05,0.001
"Liriodendron chinense","woody","non-climbing","non-aquatic","monomorphic","long","mixed","biotic","abiotic_autonomous","long_short","bisexual","superior","nectar","actinomorphic","dull",40,NA,60,2,NA,NA,8,115,0,NA,3.5,NA
"Loasa heterophylla","herbaceous","non-climbing","non-aquatic","monomorphic","long","outcrossing",NA,NA,NA,"bisexual","inferior","nectar","actinomorphic","bright",NA,NA,6.5,NA,NA,NA,NA,NA,NA,NA,2.3,NA
"Lobelia angulata","herbaceous","non-climbing","non-aquatic","dimorphic","long",NA,"biotic",NA,NA,"bisexual_unisexual","inferior","nectar","zygomorphic","bright",0.21,NA,5,NA,NA,NA,NA,2,NA,NA,1.35,0.08
"Ludwigia adscendens","herbaceous","non-climbing","aquatic","monomorphic","long",NA,"biotic","abiotic","long","bisexual","inferior",NA,"actinomorphic","bright",0.15,0.18,10,7.5,NA,NA,1.6,5,NA,1.13,3,NA
"Lythrum salicaria","herbaceous","non-climbing","non-aquatic","monomorphic","long","outcrossing","biotic","abiotic","long","bisexual","superior","nectar_pollen","actinomorphic","bright",1.6,0.2,12,NA,29.6666666666667,NA,0.3,2,1,0.2,1.8,0.07
"Malesherbia linearifolia","herbaceous","non-climbing","non-aquatic","monomorphic","long",NA,"biotic",NA,NA,"bisexual","superior",NA,"actinomorphic","bright",1,NA,5,21.5,NA,NA,1.275,3,1,NA,2.5,1.29
"Malpighia emarginata","woody","non-climbing","non-aquatic","monomorphic","long","outcrossing","biotic","biotic","long","bisexual","superior","other","zygomorphic","bright",7,NA,10,1,NA,NA,NA,3,1,NA,2.25,23.15
"Manihot esculenta","herbaceous","non-climbing","non-aquatic","monomorphic","long","outcrossing","biotic","biotic","short","unisexual","superior",NA,"actinomorphic","bright",5,NA,10,1,NA,NA,NA,3,1,NA,0.2,114
"Manilkara zapota","woody","non-climbing","non-aquatic","monomorphic","long","outcrossing","biotic","biotic","long","bisexual","superior",NA,"actinomorphic","bright",40,NA,5.5,1,NA,NA,6,8.75,1,NA,1.8,126.74
"Mappia nimmoniana","woody","non-climbing","non-aquatic","dimorphic","long","mixed","biotic","biotic","long","bisexual_unisexual",NA,"nectar_pollen",NA,"bright",15,0.9,3,2,NA,364.5,1.5,1,NA,NA,0.8,NA
"Marathrum rubrum","herbaceous","non-climbing","aquatic","monomorphic","short","selfing","abiotic","abiotic","long","bisexual","superior","none","actinomorphic","bright_dull",0.15,0.195,8,940,14.5,616,0.525,2,1,NA,0.5,NA
"Mayaca fluviatilis","herbaceous","non-climbing","aquatic_non-aquatic","monomorphic","long","selfing","autonomous","abiotic","long","bisexual","superior",NA,"actinomorphic","bright",0.6,NA,3,2,NA,NA,0.4,3,1,NA,1,NA
"Mazus pumilus","herbaceous","non-climbing","non-aquatic","monomorphic","short","selfing","biotic","abiotic","long","bisexual","superior","pollen","zygomorphic","bright",0.1,0.35,4,183,NA,22.07,NA,2,1,NA,0.7,0.01
"Medicago sativa","herbaceous","non-climbing","non-aquatic","monomorphic","long","outcrossing","biotic","autonomous","short","bisexual","superior","nectar_pollen","zygomorphic","bright",0.65,NA,10,15,30.5,399,NA,NA,NA,NA,1.75,2.24
"Melocactus curvispinus","herbaceous","non-climbing","non-aquatic","monomorphic","long",NA,"biotic","biotic","long","bisexual","inferior","nectar","actinomorphic","bright",0.125,NA,154.5,21.5,NA,415,NA,16,NA,NA,2.4,0.36
"Menispermum canadense","herbaceous_woody","climbing","non-aquatic","dimorphic","long","outcrossing","biotic","biotic","long","unisexual","superior",NA,"actinomorphic",NA,5,1.05,16.5,2,NA,NA,NA,3,NA,NA,0.225,68.67
"Menyanthes trifoliata","herbaceous","non-climbing","aquatic","monomorphic","long","outcrossing","biotic","abiotic","long","bisexual","superior","nectar","actinomorphic","bright",0.35,NA,5,10,88,NA,1,2,1,NA,1.5,2.45
"Miconia affinis","woody","non-climbing","non-aquatic","monomorphic","long","outcrossing","biotic","biotic","long","bisexual","intermediate",NA,"actinomorphic","bright",5,NA,10,NA,NA,NA,3.5,NA,NA,NA,0.5,0.3
"Mirabilis jalapa","herbaceous","non-climbing","non-aquatic","monomorphic","long_short","selfing","biotic","autonomous","short","bisexual","superior","nectar","actinomorphic","bright_dull",1,0.65,5,1,100,333.5,0.7,1,NA,NA,4,79.23
"Misodendrum linearifolium","woody","non-climbing","non-aquatic","dimorphic",NA,"outcrossing",NA,"abiotic","long","unisexual","inferior",NA,"actinomorphic","dull",0.25,NA,3,1,NA,NA,NA,3,1,NA,0.125,NA
"Mollugo verticillata","herbaceous","non-climbing","non-aquatic","monomorphic","short",NA,"biotic","autonomous","short","bisexual","superior","nectar_pollen","actinomorphic","bright",0.24,NA,3.5,10,38,39.5,NA,4,1,NA,0.2,0.09
"Monotropa hypopitys","herbaceous","non-climbing","non-aquatic","monomorphic","long","mixed","biotic","autonomous","short","bisexual","superior","nectar","actinomorphic","bright",0.185,0.6,9,20,17.5,NA,0.8,5,1,NA,0.95,0.001
"Montinia caryophyllacea","woody","non-climbing","non-aquatic","dimorphic",NA,"outcrossing",NA,"autonomous","short","unisexual","inferior",NA,"actinomorphic",NA,1.5,NA,4,6,NA,NA,NA,2,1,NA,0.5,5.72
"Moringa oleifera","woody","non-climbing","non-aquatic","monomorphic","long","mixed","biotic","autonomous","short","bisexual","superior",NA,"zygomorphic","bright",12,2,5,NA,NA,523,35,3,1,NA,2,237.33
"Myriophyllum sibiricum","herbaceous","non-climbing","aquatic","monomorphic","long",NA,"biotic",NA,NA,"bisexual_unisexual","inferior",NA,"actinomorphic","bright",6,0.14,8,1,NA,NA,0.21,4,NA,NA,0.24,NA
"Myristica fragrans","woody","non-climbing","non-aquatic","dimorphic_monomorphic","long","outcrossing","biotic","biotic","long","unisexual","superior","pollen","actinomorphic","bright",8,NA,9.5,1,NA,797664,NA,1,NA,NA,1,7792.8
"Myrothamnus moschatus","woody","non-climbing","non-aquatic","dimorphic",NA,"outcrossing",NA,NA,NA,"unisexual","superior",NA,NA,NA,NA,NA,4,NA,NA,NA,NA,3.5,0.9,NA,NA,NA
"Myrtus communis","woody","non-climbing","non-aquatic","monomorphic","long","mixed","biotic","biotic","long","bisexual",NA,NA,"actinomorphic","bright",4,NA,145,NA,17.5,NA,NA,NA,1,NA,2.5,7.92
"Narthecium ossifragum","herbaceous","non-climbing","non-aquatic","monomorphic","long",NA,"biotic","autonomous","short","bisexual","superior",NA,"actinomorphic","bright",0.275,NA,6,NA,NA,NA,NA,NA,NA,NA,2.8,0.1
"Nelumbo lutea","herbaceous","non-climbing","aquatic","monomorphic","long","mixed","biotic","abiotic","long","bisexual","superior","other_pollen","actinomorphic","bright",2,NA,400,1,NA,NA,1.3,24.75,0,NA,10,NA
"Nelumbo nucifera","herbaceous","non-climbing","aquatic","monomorphic","long","outcrossing","biotic","abiotic","long","bisexual","superior","other_pollen","actinomorphic","bright",2,NA,300,1,38,NA,NA,30,0,NA,18.25,1132.7
"Nemesia strumosa","herbaceous","non-climbing","non-aquatic","monomorphic","short","outcrossing",NA,"abiotic","long","bisexual","superior",NA,"actinomorphic","bright",0.3,NA,4,NA,NA,NA,NA,2.5,NA,NA,2.5,0.24
"Nepenthes macfarlanei","woody","climbing","non-aquatic","dimorphic","long","outcrossing","abiotic_biotic","abiotic","long","unisexual",NA,"nectar_none","actinomorphic",NA,3,NA,5,NA,NA,NA,NA,4,NA,NA,1,NA
"Nicotiana tabacum","herbaceous","non-climbing","non-aquatic","monomorphic","long_short",NA,"biotic","autonomous","short","bisexual","superior","nectar","actinomorphic_zygomorphic","bright",3,NA,5,NA,38,NA,NA,2,1,NA,4.25,0.07
"Nolana humifusa","herbaceous","non-climbing","non-aquatic","monomorphic","short","outcrossing","biotic","biotic","long","bisexual","superior","nectar_pollen","actinomorphic","bright",NA,NA,5,NA,NA,NA,NA,16,1,NA,2.6,NA
"Nothofagus dombeyi","woody","non-climbing","non-aquatic","monomorphic","long","outcrossing","abiotic","abiotic","long","unisexual",NA,"none",NA,NA,40,NA,10.5,1,NA,NA,0.55,1,NA,NA,NA,11.9
"Nuphar advena","herbaceous","non-climbing","aquatic","monomorphic","long",NA,"biotic","abiotic","long","bisexual","superior","pollen","actinomorphic","bright",NA,NA,180,NA,NA,NA,1.9,16,1,NA,4,NA
"Nymphaea odorata","herbaceous","non-climbing","aquatic","monomorphic","long",NA,"biotic","abiotic_biotic","long","bisexual","intermediate","nectar","actinomorphic_other","bright",NA,NA,77.3333333333333,112.5,NA,NA,NA,20.3333333333333,1,NA,12.5,5.86
"Nymphoides peltata","herbaceous","non-climbing","aquatic","monomorphic","long","mixed","biotic","abiotic","long","bisexual","superior","nectar_pollen","actinomorphic","bright",1.075,NA,5,NA,36.5,NA,NA,2,1,NA,3.5,0.5
"Nyssa ogeche","woody","non-climbing","non-aquatic","dimorphic","long","outcrossing","biotic","biotic","long","unisexual","inferior",NA,"actinomorphic","bright",20,NA,7.5,NA,NA,NA,2.5,NA,NA,NA,NA,337.77
"Ochroma pyramidale","woody","non-climbing","non-aquatic","monomorphic","long","outcrossing","biotic","abiotic","long","bisexual","superior","nectar","actinomorphic_other","bright_dull",30,3.25,17.5,99999,NA,NA,30,5,1,NA,13.5,7.77
"Octoknema borealis","woody","non-climbing","non-aquatic","dimorphic","long","outcrossing",NA,NA,NA,"unisexual",NA,NA,"actinomorphic",NA,25,1.5,5,1,NA,NA,1.55,3,NA,NA,2.4,342.13
"Octomeles sumatrana","woody","non-climbing","non-aquatic","dimorphic","long","outcrossing",NA,"abiotic","long","unisexual","inferior",NA,"actinomorphic",NA,50,NA,6.5,NA,NA,NA,NA,7,NA,NA,0.5,0.15
"Olea europaea","woody","non-climbing","non-aquatic","monomorphic","long","outcrossing","abiotic","biotic","long","bisexual_unisexual","superior","none","actinomorphic","bright_dull",15,1.3,2,2,17.5,24000,1.6,2,NA,NA,0.325,250.45
"Oryza sativa","herbaceous","non-climbing","aquatic","monomorphic","short","selfing","abiotic","autonomous","short","bisexual","superior","none","zygomorphic","dull",1,NA,6,1,38,NA,NA,1,NA,NA,0.9,25.68
"Ottelia acuminata","herbaceous","non-climbing","aquatic","dimorphic","long","outcrossing","biotic","abiotic","long","unisexual","superior",NA,NA,"bright",NA,NA,10.5,NA,NA,NA,8,3,NA,NA,2.25,NA
"Oxalis corniculata","herbaceous","non-climbing","non-aquatic","monomorphic","long_short","selfing","biotic","autonomous","short","bisexual","superior","nectar_pollen","actinomorphic","bright",0.09,NA,10,7,NA,105.37,1.75,5,1,NA,1.2,0.2
"Paeonia californica","herbaceous","non-climbing","non-aquatic","monomorphic","long","outcrossing","biotic",NA,NA,"bisexual","superior","nectar","actinomorphic","bright",0.55,NA,86,17,NA,61434,3.5,8,0,NA,4,267.9
"Panax quinquefolius","herbaceous","non-climbing","non-aquatic","monomorphic","long","mixed","biotic","biotic","long","bisexual_unisexual","inferior",NA,"actinomorphic","dull",0.35,NA,5,1.5,NA,NA,NA,2,1,NA,0.3,27.75
"Pandanus tectorius","woody","non-climbing","non-aquatic","dimorphic","long","outcrossing","abiotic_biotic","abiotic_biotic","long","unisexual","superior","none",NA,"bright_dull",5,NA,15,1,NA,NA,NA,11.75,NA,NA,NA,NA
"Pennantia corymbosa","woody","non-climbing","non-aquatic","dimorphic","long","outcrossing","biotic","biotic","long","unisexual","superior",NA,"actinomorphic","bright_dull",10,0.5,5,0.666666666666667,NA,NA,0.9,3,1,NA,0.75,16.95
"Perrottetia ovata","woody","non-climbing","non-aquatic","dimorphic","long","outcrossing",NA,NA,NA,"unisexual","superior",NA,NA,NA,9.6,NA,5,4,NA,NA,NA,2,1,NA,NA,NA
"Petrosavia sakuraii","herbaceous","non-climbing","non-aquatic","monomorphic","long","selfing","biotic",NA,NA,"bisexual","intermediate","nectar","actinomorphic","bright",0.2,NA,6,999,NA,55,NA,3,NA,NA,0.5,NA
"Petunia axillaris","herbaceous","non-climbing","non-aquatic","monomorphic","short","mixed","biotic","autonomous","short","bisexual","superior",NA,"actinomorphic","bright",0.6,0.7,4,NA,NA,NA,1.35,2,NA,NA,7.75,NA
"Peumus boldus","woody","non-climbing","non-aquatic","dimorphic","long","outcrossing","biotic","biotic","long","unisexual","superior",NA,"actinomorphic",NA,5,2,38.5,1,NA,NA,NA,5,0,NA,NA,1000
"Phelline comosa","woody","non-climbing","non-aquatic","dimorphic","long","outcrossing",NA,NA,NA,"unisexual","superior",NA,"actinomorphic","bright",NA,NA,4,1,NA,NA,NA,4.5,1,NA,0.65,NA
"Phoenix dactylifera","woody","non-climbing","non-aquatic","dimorphic","long","outcrossing","abiotic_biotic","biotic","long","unisexual","superior","none","actinomorphic","bright_dull",30,NA,6,NA,NA,NA,NA,3,NA,NA,1.6,1076.15
"Phormium tenax","herbaceous","non-climbing","non-aquatic","monomorphic","long","outcrossing","biotic","abiotic","long","bisexual","intermediate_superior","nectar","zygomorphic","bright",5,2.5,6,NA,NA,NA,7,3,NA,NA,3.75,7.63
"Phragmites australis","herbaceous","non-climbing","aquatic","monomorphic","long","outcrossing","abiotic","abiotic","long","bisexual_unisexual","superior","none",NA,"dull",5.3,NA,2.5,1,NA,NA,NA,3,NA,NA,0.175,0.1
"Phryma leptostachya","herbaceous","non-climbing","non-aquatic","monomorphic","long",NA,"biotic",NA,NA,"bisexual","superior",NA,"zygomorphic","bright",0.7,NA,4,1,38,2535.5,NA,2,1,NA,NA,5.92
"Phyllanthus niruri","herbaceous","non-climbing","non-aquatic","monomorphic","short","outcrossing",NA,"abiotic","long","unisexual","superior",NA,"actinomorphic","bright",0.45,0.15,3,NA,NA,NA,NA,3,NA,NA,0.1,NA
"Physena madagascariensis","woody","non-climbing","non-aquatic","dimorphic","long","outcrossing","abiotic",NA,NA,"unisexual","superior","none","actinomorphic","dull",7.5,2.5,10,1,NA,NA,3,2,1,NA,NA,NA
"Picramnia polyantha","woody","non-climbing","non-aquatic","dimorphic","long","outcrossing",NA,"biotic","long","unisexual","superior","nectar","actinomorphic","bright",NA,NA,5.5,2,NA,NA,0.5,2,1,NA,NA,NA
"Pinguicula alpina","herbaceous","non-climbing","non-aquatic","monomorphic","long","outcrossing","biotic","autonomous","short","bisexual",NA,NA,NA,"bright",0.085,NA,NA,75,NA,800,NA,2,NA,NA,1.3,0.02
"Piper amalago","woody","non-climbing","non-aquatic","monomorphic","long","outcrossing","biotic","biotic","long","bisexual",NA,NA,"actinomorphic","bright",3,NA,5,NA,NA,NA,NA,NA,NA,NA,NA,1.36
"Piper arboreum","woody","non-climbing","non-aquatic","monomorphic","long","outcrossing","abiotic_biotic","biotic","long","unisexual",NA,"none","actinomorphic","bright",5,0.5,4,NA,NA,NA,8.55,NA,NA,NA,0.1,1.01
"Pitcairnia albiflos","herbaceous","non-climbing","non-aquatic","monomorphic","long","mixed","biotic",NA,NA,"bisexual","intermediate","nectar","actinomorphic","bright",0.7,NA,6,NA,NA,NA,NA,3,NA,NA,5,NA
"Pittosporum dasycaulon","woody","non-climbing","non-aquatic","monomorphic","long","outcrossing","biotic","autonomous","short","bisexual","superior","pollen","zygomorphic","bright",8,12.5,5,5.5,45,2600,NA,NA,NA,NA,1.14,NA
"Plantago lanceolata","herbaceous","non-climbing","non-aquatic","dimorphic","long","outcrossing","abiotic_biotic","autonomous","short","bisexual_unisexual","superior","none_pollen","actinomorphic","bright_dull",0.13,NA,4,NA,17.5,25119,NA,2,1,NA,0.4,1.35
"Platea latifolia","woody","non-climbing","non-aquatic","dimorphic","long","outcrossing",NA,"biotic","long","unisexual","superior",NA,"actinomorphic","dull",15.5,1.75,5,1,NA,NA,3.5,2,1,NA,0.2,NA
"Plocosperma buxifolium","woody","non-climbing","non-aquatic","dimorphic","long","outcrossing",NA,"biotic","long","unisexual","superior",NA,"zygomorphic","bright",3.5,NA,5,1.5,NA,NA,7,2,1,NA,0.8,20.72
"Plumbago auriculata","woody","non-climbing","non-aquatic","monomorphic","long","outcrossing","biotic","biotic","long","bisexual","superior","nectar","actinomorphic","bright",0.85,NA,5,1,68.5,1295,NA,1,NA,NA,3.3,14.75
"Podophyllum peltatum","herbaceous","non-climbing","non-aquatic","monomorphic","long","outcrossing","biotic","biotic","long","bisexual","superior",NA,"actinomorphic","bright",0.45,NA,15,43.3,38,NA,NA,1,NA,NA,5,NA
"Poeppigia procera","woody","non-climbing","non-aquatic","monomorphic","long","outcrossing","biotic",NA,NA,"bisexual","superior","pollen","actinomorphic",NA,15,NA,10,8,NA,NA,NA,1,NA,NA,NA,NA
"Polycarpon tetraphyllum","herbaceous","non-climbing","non-aquatic","monomorphic","short",NA,"biotic","biotic","long","bisexual","superior",NA,"actinomorphic","bright",0.225,NA,2.75,NA,17.5,NA,NA,NA,NA,NA,0.2,0.07
"Polygala lewtonii","herbaceous","non-climbing","non-aquatic","monomorphic","long","mixed","biotic","biotic","short","bisexual","superior","nectar","zygomorphic","bright",0.2,NA,8,1,NA,NA,NA,2,NA,NA,0.7,NA
"Pontederia crassipes","herbaceous","non-climbing","aquatic","monomorphic","long_short","outcrossing","biotic","abiotic_biotic","long","bisexual","superior",NA,"zygomorphic","bright",0.4,0.55,6,999,NA,NA,1.25,3,1,NA,6,NA
"Populus alba","woody","non-climbing","non-aquatic","dimorphic","long","outcrossing","abiotic","abiotic","long","unisexual","superior","none","actinomorphic","dull",20,NA,9,NA,NA,NA,NA,NA,NA,NA,NA,0.32
"Portulaca oleracea","herbaceous","non-climbing","non-aquatic","monomorphic","short","selfing","biotic","biotic","long","bisexual","intermediate",NA,"actinomorphic","bright",0.3,NA,9.5,60,57.5,NA,NA,4.5,1,NA,0.75,0.14
"Posidonia australis","herbaceous","non-climbing","aquatic","monomorphic","long","mixed","abiotic","abiotic","long","bisexual","superior","none",NA,"dull",0.3,NA,3,1,528,980000,NA,1,NA,NA,NA,NA
"Posoqueria latifolia","woody","non-climbing","non-aquatic","monomorphic","long","outcrossing","biotic","biotic","long","bisexual","inferior","nectar","zygomorphic","bright",14,5.5,5,NA,75.5,NA,5,2,1,NA,NA,26.63
"Potamogeton berchtoldii","herbaceous","non-climbing","aquatic","monomorphic","long_short",NA,"abiotic","abiotic","long","unisexual",NA,"none",NA,"dull",NA,0.165,4,1,NA,NA,0.24,4,0,NA,NA,1.11
"Primula sieboldii","herbaceous","non-climbing","non-aquatic","monomorphic","long","outcrossing","biotic","autonomous","short","bisexual","superior","nectar","actinomorphic","bright",0.185,NA,5,13,NA,NA,NA,5,1,NA,1.5,0.24
"Prionotes cerinthoides","herbaceous","climbing","non-aquatic","monomorphic","long",NA,"biotic",NA,NA,"bisexual","superior","nectar","actinomorphic","bright",1,NA,5,NA,NA,NA,NA,5,1,NA,2.225,NA
"Prunus persica","woody","non-climbing","non-aquatic","monomorphic","long","mixed","biotic","biotic","long","bisexual","superior","nectar","actinomorphic","bright",7,NA,46,2,38,NA,6,1,NA,NA,1.3,2792.31
"Putranjiva roxburghii","woody","non-climbing","non-aquatic","dimorphic","long","outcrossing","abiotic",NA,NA,"unisexual","superior","none","actinomorphic","bright_dull",12,NA,3.16666666666667,2,NA,NA,NA,3,1,NA,0.625,568.18
"Qualea grandiflora","woody","non-climbing","non-aquatic","monomorphic","long","outcrossing","biotic","abiotic","long","bisexual","superior",NA,"zygomorphic","bright",12,NA,1,56,NA,NA,NA,3,1,NA,2,NA
"Quercus rubra","woody","non-climbing","non-aquatic","monomorphic","long","outcrossing","abiotic","biotic","long","unisexual","inferior","none","actinomorphic","dull",30,NA,6,2,NA,NA,NA,3,NA,NA,NA,3143.26
"Quinchamalium chilense","herbaceous","non-climbing","non-aquatic","monomorphic","long",NA,"biotic",NA,NA,"bisexual","inferior","nectar","actinomorphic","bright",0.2125,NA,5,1,22.275,NA,0.2,1,NA,0.9,1.2025,2.63
"Quintinia hyehenensis","woody","non-climbing","non-aquatic","dimorphic","long","outcrossing",NA,NA,NA,"unisexual","inferior",NA,NA,"bright",6.25,0.2,5,NA,NA,NA,0.2,4.5,NA,NA,0.5,NA
"Rafflesia keithii",NA,NA,NA,"dimorphic","long","outcrossing","biotic","biotic","long_short","unisexual","inferior",NA,"actinomorphic","bright_dull",NA,NA,40,NA,NA,NA,NA,NA,NA,NA,80,NA
"Ranunculus acris","herbaceous","non-climbing","non-aquatic","monomorphic","long","outcrossing","biotic","biotic","long","bisexual","superior","nectar_pollen","actinomorphic","bright",0.575,NA,60,1,17.5,NA,0.3,20,0,NA,2.15,1.72
"Ranunculus ficaria","herbaceous","non-climbing","non-aquatic","monomorphic","long","outcrossing","biotic","biotic","short","bisexual","superior","nectar_pollen","actinomorphic","bright",0.215,0.26,25,1,38,6050,0.375,15,NA,NA,3.1875,NA
"Ravenala madagascariensis","woody","non-climbing","non-aquatic","monomorphic","long","mixed","biotic","biotic","long","bisexual","inferior","nectar_pollen","zygomorphic","bright",13.5,NA,6,12.5,NA,NA,NA,3,1,NA,19,243.52
"Reseda lutea","herbaceous","non-climbing","non-aquatic","monomorphic","long_short","outcrossing","biotic","biotic","long","bisexual","superior",NA,"zygomorphic","bright_dull",40,NA,20,NA,NA,NA,NA,3,NA,NA,0.6,0.76
"Rhexia virginica","herbaceous","non-climbing","non-aquatic","monomorphic","long",NA,"biotic",NA,NA,"bisexual",NA,NA,"actinomorphic","bright",0.75,NA,8,999,NA,668,0.6,4,NA,NA,3.5,0.02
"Rhizophora stylosa","woody","non-climbing","non-aquatic","monomorphic","long","mixed","abiotic","abiotic","long","bisexual","inferior","none","actinomorphic","bright_dull",13.5,NA,8,2,NA,NA,4,2,1,NA,NA,32835
"Ribes aureum","woody","non-climbing","non-aquatic","monomorphic","long","outcrossing","biotic",NA,NA,"bisexual","inferior","nectar","actinomorphic","bright",2,1,5,NA,38,NA,NA,2,NA,NA,1.6,1.67
"Roridula dentata","woody","non-climbing","non-aquatic","monomorphic","long","selfing","autonomous_biotic","autonomous","short","bisexual","superior","none","actinomorphic","bright_dull",2,NA,5,1,NA,NA,0.5,3,1,NA,2.5,NA
"Roridula gorgonias","herbaceous_woody","non-climbing","non-aquatic","monomorphic","long","selfing","autonomous_biotic","autonomous","short","bisexual","intermediate","none","actinomorphic","bright_dull",1,NA,5,3,75.5,NA,0.5,3,1,NA,2.5,1.14
"Roupala montana","woody","non-climbing","non-aquatic","monomorphic","long","outcrossing","biotic","abiotic","long","bisexual","superior","nectar","actinomorphic","bright",6,1.15,4,2,NA,NA,2.75,1,NA,NA,0.775,47
"Rourea induta","woody","non-climbing","non-aquatic","monomorphic","long","outcrossing","biotic",NA,NA,"bisexual",NA,NA,NA,NA,4,NA,10,NA,NA,NA,NA,NA,NA,NA,1.1,NA
"Ruellia ciliatiflora","herbaceous_woody","non-climbing","non-aquatic","monomorphic","long","mixed","biotic",NA,NA,"bisexual",NA,NA,"zygomorphic","bright",0.525,NA,4,NA,NA,NA,2.5,NA,NA,NA,5.5,1.99
"Ruta graveolens","woody","non-climbing","non-aquatic","monomorphic","long",NA,"biotic","autonomous","short","bisexual","superior","nectar_pollen","actinomorphic","bright",1,NA,9,4,25.5,304,0.75,4,1,NA,NA,2.03
"Sagina procumbens","herbaceous","non-climbing","non-aquatic","monomorphic","long","selfing","autonomous_biotic","autonomous","short","bisexual","superior","nectar","actinomorphic","dull",0.2,NA,4,28,NA,NA,0.275,4,NA,NA,0.2,0.02
"Sagittaria latifolia","herbaceous","non-climbing","non-aquatic","dimorphic_monomorphic","long","outcrossing","biotic","abiotic","long","unisexual","superior",NA,"actinomorphic","bright",1,NA,30,NA,NA,NA,NA,6,NA,NA,4,0.56
"Salpiglossis sinuata","herbaceous","non-climbing","non-aquatic","monomorphic","short","outcrossing","autonomous_biotic","autonomous","short","bisexual","superior",NA,"zygomorphic","bright",1,NA,4,NA,67.5,NA,0.7,2,1,0.335,5.5,0.1
"Santalum spicatum","woody","non-climbing","non-aquatic","monomorphic","long","outcrossing","biotic","biotic","long","bisexual","inferior","nectar_other","actinomorphic","bright_dull",6,NA,4,1,NA,NA,NA,3,NA,NA,0.6,1556.12
"Sarracenia purpurea","herbaceous","non-climbing","non-aquatic","monomorphic","long","outcrossing","biotic","autonomous","short","bisexual","superior","nectar","actinomorphic","bright_dull",0.25,1.5,65,282,NA,NA,NA,5,1,NA,6,1.76
"Saxifraga cernua","herbaceous","non-climbing","non-aquatic","dimorphic_monomorphic","long","outcrossing","biotic","abiotic_biotic","long","bisexual_unisexual","intermediate","nectar","actinomorphic","bright",0.155,NA,10,232,NA,218,NA,2,0.7,NA,15,NA
"Scaevola montana","woody","non-climbing","non-aquatic","monomorphic",NA,"outcrossing","biotic","biotic","long","bisexual",NA,"nectar",NA,"bright",NA,NA,NA,NA,NA,NA,NA,NA,NA,NA,NA,NA
"Schinus molle","woody","non-climbing","non-aquatic","dimorphic","long","outcrossing","biotic","abiotic_biotic","long","unisexual","superior",NA,"actinomorphic","bright_dull",8.5,0.55,10,1,30.75,NA,0.55,3,1,NA,NA,30.75
"Schisandra chinensis","herbaceous","climbing","non-aquatic","monomorphic","long","mixed","biotic",NA,NA,"unisexual","superior",NA,"actinomorphic","bright",9,30.5,5.5,2.5,38,NA,0.625,27,0,NA,NA,6.88
"Schizanthus grahamii","herbaceous","non-climbing","non-aquatic","monomorphic","short","mixed","biotic",NA,NA,"bisexual","superior",NA,"zygomorphic","bright",0.5,NA,2,NA,NA,NA,1,2,1,NA,2.9,1.23
"Scleranthus annuus","herbaceous","non-climbing","non-aquatic","monomorphic","short","selfing","autonomous_biotic","autonomous","short","bisexual","superior","nectar_none","actinomorphic","bright_dull",0.135,0.1,3.5,1,NA,300,0.41,2,1,NA,0.15,1.21
"Senecio vulgaris","herbaceous","non-climbing","non-aquatic","monomorphic","short",NA,"biotic","abiotic","long","bisexual","inferior",NA,"actinomorphic","bright",NA,NA,5,0.5,NA,NA,NA,2,NA,NA,0.55,0.21
"Sesamum indicum","herbaceous","non-climbing","non-aquatic","monomorphic","short","mixed","biotic","autonomous","short","bisexual","superior","nectar","zygomorphic","bright",1.2,0.225,4,32.5,75.5,NA,0.65,2,1,NA,2.4,2.21
"Sextonia rubra","woody","non-climbing","non-aquatic","monomorphic","long","outcrossing","biotic","autonomous_biotic","long_short","bisexual","superior","other","actinomorphic","bright",40,NA,9,1,NA,NA,NA,1,NA,NA,NA,NA
"Silene vulgaris","herbaceous","non-climbing","non-aquatic","dimorphic","long","mixed","biotic","abiotic","long","bisexual_unisexual","superior","nectar_other","actinomorphic_zygomorphic","bright",0.6,NA,10,NA,38,218,1.3,NA,1,NA,2.1,1.22
"Simmondsia chinensis","woody","non-climbing","non-aquatic","dimorphic","long","outcrossing","abiotic","biotic","long","unisexual","superior","none","actinomorphic","bright_dull",2.5,NA,10,NA,NA,NA,NA,3,1,NA,0.4,546.9
"Sinia rhodoleuca","woody","non-climbing","non-aquatic","monomorphic","long",NA,NA,"abiotic","long","bisexual","superior",NA,NA,"bright",1.15,NA,5,NA,NA,NA,NA,3,NA,NA,0.525,NA
"Sinojackia xylocarpa","woody","non-climbing","non-aquatic","monomorphic","long","outcrossing","biotic",NA,NA,"bisexual","intermediate",NA,"actinomorphic","bright",6,NA,13,7,NA,NA,2,3,1,NA,1.75,NA
"Solanum dulcamara","herbaceous","climbing_non-climbing","non-aquatic","monomorphic","long","mixed","biotic","biotic","long","bisexual","superior","pollen","actinomorphic","bright",1.15,0.875,5,15,17.5,NA,1.25,2,1,NA,1.25,26.44
"Souroubea guianensis","woody","climbing","non-aquatic","monomorphic",NA,"outcrossing","biotic","biotic","long","bisexual",NA,"nectar_other",NA,"bright",NA,1.75,5,NA,NA,NA,NA,NA,NA,NA,1.4,NA
"Spergularia marina","herbaceous","non-climbing","non-aquatic","monomorphic","short","selfing","autonomous","abiotic","long","bisexual","superior","nectar","actinomorphic","bright_dull",0.2,0.46,4.33333333333333,114,NA,34,0.46,NA,NA,NA,0.65,0.05
"Spigelia marilandica","herbaceous","non-climbing","non-aquatic","monomorphic","long",NA,"biotic","autonomous","short","bisexual","superior",NA,"actinomorphic","bright_dull",0.45,NA,5,NA,NA,NA,NA,2,1,NA,3.75,NA
"Spiranthes cernua","herbaceous","non-climbing","non-aquatic","monomorphic","long","mixed","autonomous_biotic","abiotic","long","bisexual","inferior",NA,"zygomorphic","bright_dull",0.3,NA,1,2566.5,38,NA,NA,3,1,NA,1.5,0.004
"Spondias tuberosa","woody","non-climbing","non-aquatic","monomorphic","long","outcrossing","biotic","biotic","long","bisexual",NA,NA,"actinomorphic","bright",6,4,10,1,NA,NA,NA,4.5,NA,NA,NA,1400
"Staphylea trifolia","woody","non-climbing","non-aquatic","monomorphic","long","outcrossing","biotic","abiotic","long","bisexual","superior","nectar_pollen","actinomorphic","bright_dull",3.1225,NA,5,9,NA,NA,NA,2.5,1,NA,0.83,50.64
"Stellaria media","herbaceous","non-climbing","non-aquatic","monomorphic","long_short","selfing","autonomous_biotic","autonomous","short","bisexual","superior","nectar","actinomorphic","bright_dull",0.2,0.4,5.5,NA,38,50,0.4,NA,NA,NA,0.525,0.38
"Sterculia apetala","woody","non-climbing","non-aquatic","monomorphic","long","outcrossing","biotic","biotic","long","unisexual","superior",NA,"actinomorphic","bright_dull",35,4,15,11,NA,NA,6,5,0.2,NA,2,1898.5
"Stylidium graminifolium","herbaceous","non-climbing","non-aquatic","monomorphic","long","outcrossing","biotic","autonomous","short","bisexual","inferior",NA,"zygomorphic","bright",2.025,0.85,2,90,NA,NA,0.85,2,1,NA,1,0.18
"Swietenia macrophylla","woody","non-climbing","non-aquatic","monomorphic","long","outcrossing","biotic","abiotic","long","unisexual","superior",NA,"actinomorphic","bright_dull",30,9,10,14,NA,NA,15,5,1,NA,1,555.13
"Symplocos rhamnifolia","woody","non-climbing","non-aquatic","dimorphic",NA,"outcrossing",NA,NA,NA,"bisexual",NA,NA,"actinomorphic",NA,NA,NA,16,NA,NA,NA,NA,NA,NA,NA,0.5,NA
"Syringa vulgaris","woody","non-climbing","non-aquatic","monomorphic","long",NA,"biotic","biotic","long","bisexual","superior","nectar_pollen","actinomorphic","bright",6,0.5,2,2,38,NA,1.25,2,1,NA,1,5.57
"Tacca chantrieri","herbaceous","non-climbing","non-aquatic","monomorphic","long","selfing","autonomous_biotic","biotic","long","bisexual","inferior",NA,"actinomorphic","bright_dull",0.75,NA,6,285,NA,49.5,NA,3,NA,NA,1.75,5.69
"Tacca leontopetaloides","herbaceous","non-climbing","non-aquatic","monomorphic","long",NA,"biotic",NA,NA,"bisexual","inferior",NA,"actinomorphic","bright_dull",1,NA,6,23,NA,137,NA,3,NA,NA,NA,22.93
"Talinum paniculatum","herbaceous","non-climbing","non-aquatic","monomorphic","long",NA,"biotic","autonomous","short","bisexual","superior",NA,"actinomorphic","bright",0.65,0.4,15.75,19,38,136,0.4,3,NA,NA,0.84,0.58
"Tectona grandis","woody","non-climbing","non-aquatic","monomorphic","long","outcrossing","biotic","abiotic","long","bisexual","superior","nectar","actinomorphic","bright",40,1.5,6,NA,NA,3207.5,1.5,NA,NA,NA,0.55,696.37
"Ternstroemia crassifolia","woody","non-climbing","non-aquatic","monomorphic","long","outcrossing","biotic","biotic","long","bisexual_unisexual",NA,"nectar_pollen","actinomorphic","bright",NA,NA,40,NA,NA,NA,NA,2,NA,NA,1.25,NA
"Tetracentron sinense","woody","non-climbing","non-aquatic","monomorphic","long","mixed","abiotic_biotic","abiotic","long","bisexual","intermediate","nectar_none_pollen","actinomorphic","bright_dull",40,0.325,4,6,NA,720,0.375,4,0.8,NA,0.15,0.15
"Tetratheca aphylla","woody","non-climbing","non-aquatic","monomorphic","long","outcrossing","biotic","autonomous_biotic","short","bisexual","superior","pollen",NA,"bright",1.9,NA,10,1,NA,NA,0.34,3,NA,NA,0.9,NA
"Tetroncium magellanicum","herbaceous","non-climbing","aquatic","dimorphic","long","outcrossing","abiotic","biotic","long","unisexual","superior","none","other","bright",0.2,1,4,1,NA,NA,0.7,4,0.3,NA,0.9,NA
"Thalictrum minus","herbaceous","non-climbing","non-aquatic","monomorphic","long",NA,"abiotic_biotic","autonomous","short","bisexual","superior","none_pollen","actinomorphic","bright_dull",0.825,0.325,12.5,1,38,82439.1,0.325,7.75,0,NA,0.7,2.08
"Theobroma cacao","woody","non-climbing","non-aquatic","monomorphic","long","mixed","biotic","biotic","long","bisexual","superior","nectar","actinomorphic","bright",18,NA,5,NA,17.5,NA,17,5,1,NA,1,1892.8
"Thymelaea hirsuta","woody","non-climbing","non-aquatic","dimorphic_monomorphic","long","outcrossing","abiotic_biotic","biotic","long","unisexual","superior","none","actinomorphic","dull",1.6,NA,8,1,28,NA,NA,1,NA,NA,2.88666666666667,3.07
"Titanotrichum oldhamii","herbaceous","non-climbing","non-aquatic","monomorphic","long","mixed","biotic",NA,NA,"bisexual","superior",NA,"zygomorphic","bright",0.35,NA,4,NA,NA,NA,NA,NA,NA,NA,3.5,NA
"Trachelium caeruleum","herbaceous","non-climbing","non-aquatic","monomorphic","long",NA,"biotic","autonomous","short","bisexual","inferior","nectar_pollen","actinomorphic","bright",1,NA,5,NA,23,NA,NA,NA,NA,NA,0.5,0.01
"Tragopogon dubius","herbaceous","non-climbing","non-aquatic","monomorphic","short","selfing","biotic","abiotic_biotic","long","bisexual","inferior",NA,"zygomorphic","bright",0.7,0.155,5,1,38,NA,2.6,2,1,NA,NA,9.17
"Tribulus terrestris","herbaceous","non-climbing","non-aquatic","monomorphic","short",NA,"biotic","biotic","long","bisexual","superior","nectar_pollen","actinomorphic","bright",0.35,1,10,20,45.5,398,0.5,5,1,NA,0.9,16.53
"Trichilia emetica","woody","non-climbing","non-aquatic","dimorphic","long","outcrossing","biotic","biotic","long","unisexual","superior",NA,"actinomorphic",NA,30,NA,10,2,NA,NA,3,3,1,NA,1.6,701.96
"Trillium erectum","herbaceous","non-climbing","non-aquatic","monomorphic","long","mixed","biotic","biotic","short","bisexual","superior",NA,"actinomorphic","bright_dull",0.3,1.25,6,NA,NA,537,1.3,3,NA,NA,6.5,NA
"Trithuria submersa","herbaceous","non-climbing","aquatic","monomorphic","short","selfing","abiotic","autonomous","short","unisexual","superior","none","actinomorphic","bright",0.075,NA,1,1,NA,24,NA,1,NA,NA,1,NA
"Trochocarpa laurina","woody","non-climbing","non-aquatic","monomorphic","long","outcrossing","biotic","abiotic_biotic","long","bisexual","superior",NA,"actinomorphic","bright",13,0.7,10,1,NA,NA,NA,10,1,NA,0.25,24.63
"Tropaeolum majus","herbaceous","climbing_non-climbing","non-aquatic","monomorphic","long_short",NA,"biotic","abiotic","long","bisexual","superior","nectar_pollen","zygomorphic","bright",2,1.75,8,NA,17.5,63480.5,1.75,NA,NA,NA,4.45,146.7
"Tropaeolum tricolor","herbaceous","non-climbing","non-aquatic","monomorphic","long",NA,"biotic",NA,NA,"bisexual","superior",NA,"zygomorphic","bright",2,NA,8,1,NA,NA,NA,3,1,NA,3,23.5
"Turnera ulmifolia","woody","non-climbing","non-aquatic","monomorphic","long","mixed","biotic","biotic","short","bisexual","superior",NA,"actinomorphic","bright",0.875,NA,5,504.5,75.5,NA,NA,3,1,NA,5,1.12
"Typha latifolia","herbaceous","non-climbing","non-aquatic","monomorphic","long",NA,"abiotic","abiotic","long","unisexual","superior","none",NA,"dull",2.25,NA,2,1,38,NA,1.25,1,NA,NA,0.55,0.13
"Urtica dioica","herbaceous","non-climbing","non-aquatic","dimorphic","long","outcrossing","abiotic","biotic","long","unisexual","superior","none","actinomorphic_other","dull",1.75,0.08,4,1,17.5,NA,0.12,1,NA,NA,0.14,0.16
"Vaccinium uliginosum","woody","non-climbing","non-aquatic","monomorphic","long","mixed","biotic","biotic","long","bisexual","inferior","nectar","actinomorphic","bright_dull",0.6,0.7,9,NA,48.25,316,0.7,3.5,1,NA,0.6,0.28
"Valeriana officinalis","herbaceous","non-climbing","non-aquatic","monomorphic","long","outcrossing","biotic","abiotic","long","bisexual","inferior","nectar_pollen","other","bright",0.75,0.45,3,1,38,NA,0.45,3,NA,NA,0.5,1.24
"Vellozia squamata","woody","non-climbing","non-aquatic","monomorphic","long","outcrossing","biotic",NA,NA,"bisexual",NA,NA,"actinomorphic","bright",NA,NA,6,999,NA,NA,5,NA,NA,NA,15,NA
"Verbascum thapsus","herbaceous","non-climbing","non-aquatic","monomorphic","short","mixed","biotic","biotic","long","bisexual","superior","nectar_pollen","zygomorphic","bright",2,NA,5,NA,NA,NA,0.85,2,1,NA,1.5,0.1
"Veronica anagallis-aquatica","herbaceous","non-climbing","non-aquatic","monomorphic","long","selfing","abiotic_biotic","abiotic","long","bisexual","superior","none","zygomorphic","bright",0.55,NA,2,NA,38,43,0.3,2,NA,0.205,0.625,0.06
"Viburnum rufidulum","woody","non-climbing","non-aquatic","monomorphic","long","outcrossing","biotic","biotic","long","bisexual","inferior","pollen","actinomorphic","bright",6,NA,5,NA,NA,NA,NA,NA,NA,NA,0.63,81.11
"Viola pubescens","herbaceous","non-climbing","non-aquatic","monomorphic","long","mixed","autonomous_biotic","autonomous_biotic","short","bisexual","superior",NA,"zygomorphic","bright",0.275,1,5,9,NA,NA,1.6,3,1,NA,2.6,1.98
"Vitex negundo","woody","non-climbing","non-aquatic","monomorphic","long","outcrossing","biotic",NA,NA,"bisexual",NA,"nectar","zygomorphic","bright",1.5,NA,4,2,NA,1015,NA,2,NA,NA,0.55,22.2
"Vitis labrusca","woody","climbing","non-aquatic","monomorphic","long",NA,"biotic","biotic","long","bisexual","superior",NA,"actinomorphic","dull",16,1.2,5,NA,NA,NA,NA,NA,NA,NA,0.2,54.65
"Viviania marifolia","herbaceous","non-climbing","non-aquatic","monomorphic","long","outcrossing","biotic","abiotic_biotic","long","bisexual","superior","nectar","actinomorphic","bright",4,NA,10,2,30,NA,NA,3,1,NA,0.7,1.56
"Vriesea carinata","herbaceous","non-climbing","non-aquatic","monomorphic","long","mixed","biotic","abiotic","long","bisexual","superior",NA,"actinomorphic_zygomorphic","bright",0.3,NA,6,NA,NA,NA,NA,3,NA,NA,4,0.24
"Warburgia ugandensis","woody","non-climbing","non-aquatic","monomorphic","long","outcrossing","biotic","biotic","long","bisexual","superior",NA,"actinomorphic","bright_dull",23.5,5,10,5.5,NA,NA,NA,5,1,NA,2,5780
"Wurmbea biglandulosa","herbaceous","non-climbing","non-aquatic","dimorphic_monomorphic","long","outcrossing","biotic","autonomous","short","bisexual_unisexual","superior","nectar","actinomorphic","bright",0.1675,NA,6,21.5,NA,NA,NA,3,NA,NA,1.6375,0.87
"Xanthosoma sagittifolium","herbaceous","non-climbing","non-aquatic","monomorphic","long",NA,"biotic","autonomous_biotic","long_short","unisexual","superior","other",NA,"bright",2,NA,5,35,NA,390.5,NA,4.25,1,NA,NA,NA
"Ximenia americana","woody","non-climbing","non-aquatic","monomorphic","long","outcrossing","biotic","abiotic_biotic","long","bisexual","superior",NA,"actinomorphic","bright_dull",5,NA,7.33333333333333,1,NA,NA,NA,4,NA,NA,1.2,866.86
"Zea mays","herbaceous","non-climbing","non-aquatic","monomorphic","short","outcrossing","abiotic","biotic","long","unisexual","superior","none",NA,"dull",3.25,0.45,3,1,75.5,14818,0.725,1,NA,NA,0.745,305.7
"Zelkova serrata","woody","non-climbing","non-aquatic","monomorphic","long","outcrossing","abiotic","abiotic","long","bisexual_unisexual","superior","none",NA,"dull",30,NA,7,1,NA,NA,0.3,2,NA,NA,0.9,19.1
"Zostera marina","herbaceous","non-climbing","aquatic","monomorphic","long","mixed","abiotic","abiotic","long","unisexual",NA,"none",NA,"dull",0.7,NA,1,1,NA,NA,0.3375,2,NA,0.45,0.6,3.55
