"","Woodiness_herbaceous","Woodiness_woody","Climbing_climbing","Climbing_non.climbing","Aquatic_aquatic","Aquatic_non.aquatic","SexualSystem_bisexual","SexualSystem_dioecious","SexualSystem_monoecious","Lifespan_long","Lifespan_short","Mating_mixed","Mating_outcrossing","Mating_selfing","Pollination_abiotic","Pollination_autonomous","Pollination_biotic","DispersalMode_abiotic","DispersalMode_autonomous","DispersalMode_biotic","DispersalDist_long","DispersalDist_short","OvaryPosition_inferior","OvaryPosition_intermediate","OvaryPosition_superior","FloralReward_nectar","FloralReward_none","FloralReward_other","FloralReward_pollen","FlowerSymmetry_actinomorphic","FlowerSymmetry_other","FlowerSymmetry_zygomorphic","Showiness_bright","Showiness_dull","Maximum.vertical.height","Fruit.width","Number.of.fertile.stamens","Number.of.ovules.per.carpel","Pollen.size","Pollen.ovule.ratio","Fruit.length","Number.of.carpels","Fusion.of.ovaries","Length.of.gynoecium","Outcrossing.rate","Flower.size","seedMass"
"Abolboda pulchella",1,0,0,1,0,1,1,0,0,1,0,NA,NA,NA,0,0,1,NA,NA,NA,NA,NA,0,0,1,1,0,0,0,0,0,1,1,0,0.3,0.4,3,10.6,90,47,NA,NA,NA,NA,NA,0.6,NA
"Achatocarpus praecox",0,1,0,1,0,1,0,1,0,1,0,0,1,0,0,0,1,0,0,1,1,0,0,0,1,NA,NA,NA,NA,1,0,0,1,1,6,0.45,16,1,NA,NA,0.55,2,1,0.3,NA,0.65,NA
"Acorus calamus",1,0,0,1,0,1,1,0,0,1,0,0,1,0,0,0,1,1,0,0,1,0,0,0,1,0,0,1,0,0,0,1,1,1,1.75,0.25,6,4.5,21,NA,0.425,3,1,0.14,NA,0.35,3.72
"Actinidia chinensis",0,1,1,0,0,1,0,1,0,1,0,0,1,0,1,0,1,0,0,1,1,0,0,0,1,0,1,0,1,1,0,0,1,0,5,NA,155,15,NA,NA,NA,29,1,NA,NA,5.15,1.6
"Aerva javanica",1,1,0,1,0,1,0,1,0,1,0,0,1,0,0,0,1,1,0,0,1,0,0,0,1,NA,NA,NA,NA,1,0,0,1,0,1,NA,5,1,NA,NA,NA,2.5,1,NA,NA,0.2,0.29
"Aextoxicon punctatum",0,1,0,1,0,1,0,1,0,1,0,0,1,0,0,0,1,0,0,1,1,0,0,0,1,NA,NA,NA,NA,1,0,0,1,0,8,0.55,5.5,2,NA,NA,0.85,1,NA,NA,NA,0.8,325.25
"Agalinis neoscotica",1,0,0,1,0,1,1,0,0,0,1,1,0,0,0,0,1,NA,NA,NA,NA,NA,0,0,1,NA,NA,NA,NA,0,0,1,1,0,0.4,0.55,4,999,NA,128.4,0.55,2,NA,NA,0.53,1.15,NA
"Ailanthus altissima",0,1,0,1,0,1,0,1,0,1,0,0,1,0,0,0,1,1,0,0,1,0,0,0,1,1,0,0,0,1,0,0,1,1,30,1,10,1,31.5,NA,4.05,5,NA,NA,NA,0.8,29.25
"Ainsliaea cordifolia",1,0,0,1,0,1,1,0,0,1,0,0,1,0,0,0,1,1,0,0,1,0,1,0,0,NA,NA,NA,NA,1,0,0,1,0,0.375,NA,5,1,NA,NA,0.4,2,1,NA,0.97,1.5,NA
"Ajuga reptans",1,0,0,1,0,1,1,0,0,1,0,NA,NA,NA,0,0,1,0,0,1,0,1,0,0,1,1,0,0,1,0,0,1,1,0,0.275,NA,4,NA,22.95,661.5,NA,2,1,NA,NA,1.27,1.37
"Akebia quinata",0,1,1,0,0,1,0,0,1,1,0,0,1,0,0,0,1,0,1,0,0,1,0,0,1,0,1,0,1,1,0,0,1,0,9.5,3.725,6,150,17.5,NA,6.875,6,0,NA,0.92,1.1,20.5
"Albizia julibrissin",0,1,0,1,0,1,1,0,0,1,0,0,1,0,0,0,1,1,1,0,1,1,0,0,1,1,0,0,1,1,0,0,1,1,16,2,25,15,100,2826,14.75,1,NA,NA,1,0.8,37.37
"Alepis flavida",0,1,0,1,0,1,1,0,0,1,0,1,0,0,0,0,1,0,0,1,1,0,1,0,0,1,0,0,0,1,0,0,1,0,1,NA,5.5,NA,NA,NA,NA,NA,NA,NA,NA,1.6,NA
"Allanblackia floribunda",0,1,0,1,0,1,0,1,0,1,0,0,1,0,0,0,1,0,0,1,1,0,0,0,1,NA,NA,NA,NA,1,0,0,1,0,30,9.5,185,18,NA,NA,35,5,NA,NA,NA,5,NA
"Allium sativum",1,0,0,1,0,1,1,0,0,1,0,0,0,1,0,1,0,0,1,0,0,1,0,0,1,NA,NA,NA,NA,1,0,1,1,0,0.3,NA,6,2,NA,NA,NA,3,NA,NA,NA,NA,NA
"Allium schoenoprasum",1,0,0,1,0,1,1,0,0,1,0,0,1,0,0,0,1,0,1,0,0,1,0,0,1,1,0,0,0,1,0,0,1,0,0.35,0.315,6,2,NA,NA,0.345,3,NA,NA,0.91,1.04,0.99
"Allocasuarina verticillata",0,1,0,1,0,1,0,1,0,1,0,0,1,0,1,0,0,1,0,0,1,0,NA,NA,NA,0,1,0,0,NA,NA,NA,1,0,7,NA,1,1,30,4364,NA,1.5,1,NA,NA,0.9,4
"Alluaudia procera",0,1,0,1,0,1,0,1,0,1,0,0,1,0,0,0,1,1,0,0,1,0,0,0,1,NA,NA,NA,NA,0,1,0,1,1,15,NA,8,1,NA,NA,0.25,3,1,NA,NA,0.2,2.22
"Alnus alnobetula",0,1,0,1,0,1,0,0,1,1,0,0,1,0,1,0,0,1,0,0,1,0,1,0,0,0,1,0,0,1,0,0,0,1,10,NA,4,1.5,23,NA,NA,2.5,1,NA,0.95,NA,0.51
"Aloe thraskii",0,1,0,1,0,1,1,0,0,1,0,1,0,0,0,0,1,NA,NA,NA,NA,NA,NA,NA,NA,1,0,0,0,0,0,1,1,0,2.75,NA,6,NA,NA,NA,NA,NA,NA,NA,0.78,2.35,NA
"Alphitonia excelsa",0,1,0,1,0,1,1,0,0,1,0,0,1,0,0,0,1,0,0,1,1,0,1,0,0,1,0,0,0,1,0,0,1,1,21,0.9,5,1,22,5550,0.85,3,NA,NA,NA,1,22.06
"Alseuosmia macrophylla",0,1,0,1,0,1,1,0,0,1,0,0,1,0,0,0,1,0,0,1,1,0,1,0,0,1,0,0,0,1,0,0,1,0,2.375,NA,5,51.5,47.5,NA,NA,2,NA,NA,NA,3.75,4.1
"Alstroemeria aurea",1,0,0,1,0,1,1,0,0,1,0,0,1,0,0,0,1,0,1,0,0,1,1,0,0,1,0,0,0,0,0,1,1,0,0.75,NA,6,21.5,NA,4500,2.25,3,NA,NA,0.31,5,18.91
"Alyssum simplex",1,0,0,1,0,1,1,0,0,0,1,0,0,1,0,0,1,1,0,0,1,0,0,0,1,1,0,0,0,1,0,0,1,0,0.15,0.45,6,2,36.55,NA,0.45,2,1,NA,NA,0.25,0.83
"Amborella trichopoda",0,1,0,1,0,1,0,1,0,1,0,0,1,0,1,0,1,0,1,1,1,1,0,0,1,0,1,1,0,1,0,0,1,0,8,0.5,16.5,1,NA,1582,0.7,5,0,NA,NA,0.4,3.67
"Amsonia tabernaemontana",1,0,0,1,0,1,1,0,0,1,0,NA,NA,NA,0,0,1,NA,NA,NA,NA,NA,0,0,1,NA,NA,NA,NA,1,0,0,1,0,0.65,NA,5,NA,NA,NA,NA,2,0,NA,NA,1.9,84.21
"Anarthria polyphylla",1,0,0,1,0,1,0,1,0,1,0,0,1,0,1,0,0,NA,NA,NA,NA,NA,0,0,1,0,1,0,0,1,0,0,0,1,0.1,NA,3,1,NA,NA,0.2,3,1,NA,NA,0.5,NA
"Angelonia pubescens",1,0,0,1,0,1,1,0,0,0,1,0,0,1,0,0,1,0,0,1,1,0,0,0,1,0,0,1,0,0,0,1,1,0,0.7,NA,4,NA,NA,NA,NA,2,1,NA,NA,1.4,NA
"Anigozanthos humilis",1,0,0,1,0,1,1,0,0,1,0,0,1,0,0,0,1,NA,NA,NA,NA,NA,NA,NA,NA,1,0,0,0,0,0,1,1,0,0.55,NA,6,51,NA,NA,NA,3,NA,NA,NA,3.75,0.52
"Annona crassiflora",0,1,0,1,0,1,1,0,0,1,0,0,1,0,0,0,1,0,0,1,1,0,0,0,1,0,0,1,0,1,0,0,1,1,7,15,NA,NA,NA,NA,15,NA,NA,NA,0.974,3.25,5936.27
"Antirrhinum majus",1,0,0,1,0,1,1,0,0,1,0,0,1,0,0,0,1,0,1,0,0,1,0,0,1,0,0,0,1,0,0,1,1,0,0.5,1.1,4,9999,17.5,NA,1.35,2,1,NA,NA,3.6,0.12
"Apium graveolens",1,0,0,1,0,1,1,0,0,0,1,1,0,0,0,0,1,1,0,0,1,0,1,0,0,1,0,0,0,1,0,0,1,0,1,NA,5,1,23,NA,0.15,2,1,NA,0.5475,0.15,0.34
"Aquilegia canadensis",1,0,0,1,0,1,1,0,0,1,0,1,0,0,0,0,1,0,1,0,0,1,0,0,1,1,0,0,1,1,0,0,1,0,0.525,NA,40,75,NA,610,NA,5,0,1.65,0.255,3,1.16
"Arabidopsis thaliana",1,0,0,1,0,1,1,0,0,0,1,0,0,1,0,1,1,1,1,0,1,1,0,0,1,1,0,0,0,1,1,0,1,0,0.175,NA,6,55,17.5,33,NA,2,1,NA,0.015,0.25,0.02
"Aralidium pinnatifidum",0,1,0,1,0,1,0,1,0,1,0,0,1,0,NA,NA,NA,NA,NA,NA,NA,NA,1,0,0,NA,NA,NA,NA,1,0,0,1,0,10,NA,5,0.5,NA,NA,2.65,3,1,NA,NA,0.25,NA
"Arctostaphylos uva-ursi",0,1,0,1,0,1,1,0,0,1,0,NA,NA,NA,0,1,1,0,0,1,1,0,0,0,1,1,0,0,0,1,0,0,1,0,0.105,NA,10,1,54,NA,NA,5,1,NA,NA,0.2,18.49
"Arum maculatum",1,0,0,1,0,1,0,0,1,1,0,1,0,0,0,0,1,0,0,1,1,0,0,0,1,0,1,0,0,NA,NA,NA,0,1,0.33,NA,3.5,2,38,4596,NA,1,NA,NA,1,0.15,101.73
"Asparagus officinalis",1,0,0,1,0,1,0,1,0,1,0,0,1,0,0,0,1,0,0,1,1,0,0,0,1,1,0,0,1,1,0,0,1,1,1.75,NA,6,NA,38,NA,0.8,3,1,NA,NA,0.5,22.1
"Astelia alpina",1,0,0,1,0,1,0,1,0,1,0,0,1,0,NA,NA,NA,0,0,1,1,0,0,0,1,1,0,0,0,1,0,0,0,1,0.3,NA,6,12,18.25,NA,1.2,3,1,NA,NA,0.4,1.15
"Audouinia capitata",0,1,0,1,0,1,1,0,0,1,0,0,1,0,0,0,1,1,0,0,1,0,0,1,0,1,0,0,0,1,0,0,1,0,0.4,NA,5,2,NA,NA,NA,3,NA,NA,NA,1,NA
"Avicennia marina",0,1,0,1,0,1,1,0,0,1,0,1,0,0,0,0,1,1,0,0,1,0,0,0,1,1,0,0,0,1,0,0,1,0,4.1,1.2,4,2,NA,4000,2.5,2,1,0.3,0.650083333333333,0.595,3400
"Azima tetracantha",0,1,0,1,0,1,0,1,0,1,0,0,1,0,NA,NA,NA,0,0,1,1,0,0,0,1,NA,NA,NA,NA,NA,NA,NA,1,1,0.9,NA,4,1,NA,NA,0.75,2,1,NA,NA,3.5,34.8
"Bagassa guianensis",0,1,0,1,0,1,0,1,0,1,0,0,1,0,1,0,1,0,0,1,1,0,NA,NA,NA,0,1,0,0,NA,NA,NA,NA,NA,37.5,3,2,NA,NA,NA,NA,NA,NA,NA,NA,0.1,NA
"Balanophora laxiflora",1,0,0,1,0,1,0,1,0,1,0,0,1,0,NA,NA,NA,NA,NA,NA,NA,NA,1,0,0,NA,NA,NA,NA,0,0,1,NA,NA,NA,NA,5,NA,NA,NA,NA,NA,NA,NA,NA,1.5,NA
"Balanops pancheri",0,1,0,1,0,1,0,1,0,1,0,0,1,0,1,0,0,0,0,1,1,0,NA,NA,NA,0,1,0,0,NA,NA,NA,NA,NA,4,NA,5,2,NA,NA,1.7,2,1,NA,NA,NA,NA
"Bdallophytum americanum",1,0,0,1,0,1,0,1,0,NA,NA,0,1,0,NA,NA,NA,0,0,1,1,1,1,0,0,1,0,0,0,1,0,0,1,0,0.165,1.35,9,NA,NA,NA,NA,9.5,NA,NA,NA,0.855,NA
"Begonia heracleifolia",1,0,0,1,0,1,0,0,1,1,1,1,0,0,NA,NA,NA,0,1,0,0,1,1,0,0,NA,NA,NA,NA,0,0,1,1,0,NA,NA,22.5,NA,NA,NA,1,3,NA,NA,0.399,1.2,0.0072
"Bergeranthus multiceps",1,0,0,1,0,1,1,0,0,1,0,0,1,0,0,0,1,NA,NA,NA,NA,NA,NA,NA,NA,1,0,0,1,1,0,0,1,0,0.08,0.5,182.5,NA,NA,NA,0.8,NA,NA,NA,NA,2,NA
"Berteroa incana",1,0,0,1,0,1,1,0,0,1,1,0,1,0,0,0,1,1,0,0,1,0,0,0,1,1,0,0,0,1,0,0,1,0,0.7,0.16,6,NA,17.5,NA,0.6,2,1,NA,NA,0.3,0.49
"Bertholletia excelsa",0,1,0,1,0,1,1,0,0,1,0,0,1,0,0,0,1,0,0,1,1,0,1,0,0,1,0,0,1,0,0,1,1,0,50,NA,114,9,NA,26755,NA,4,1,NA,NA,2.5,6500
"Beta vulgaris",1,0,0,1,0,1,1,0,0,1,1,0,1,0,1,0,0,1,1,0,1,1,0,1,0,0,1,0,0,1,0,0,0,1,2,NA,5,1,18,29545.8333333333,NA,2.5,1,NA,0.679,0.5,16.5
"Bixa orellana",0,1,0,1,0,1,1,0,0,1,0,1,1,0,0,0,1,0,0,1,0,1,0,0,1,0,0,0,1,1,0,0,1,0,10,4.275,425,46.6666666666667,NA,138636,6.265,2,1,NA,0.678,4.5,25.08
"Borago officinalis",1,0,0,1,0,1,1,0,0,0,1,0,0,1,0,0,1,0,0,1,0,1,0,0,1,1,0,0,0,1,0,0,1,0,0.5,NA,5,2,38,15875,NA,2,1,NA,0.04,2.5,16.1
"Brasenia schreberi",1,0,0,1,1,1,1,0,0,1,0,1,0,0,1,0,0,1,0,0,1,0,0,0,1,0,1,0,0,1,0,0,1,1,1.5,NA,26.5,1.5,47.6,9619,NA,11.6,0,NA,0.628636363636364,2,6.78
"Bretschneidera sinensis",0,1,0,1,0,1,1,0,0,1,0,0,1,0,0,0,1,0,1,0,0,1,0,0,1,1,0,0,0,0,0,1,1,0,20,NA,8,2,50.5,14516.5,NA,3,1,NA,0.67,3.5,NA
"Bruguiera gymnorhiza",0,1,0,1,0,1,1,0,0,1,0,1,0,0,0,0,1,1,0,0,1,0,1,0,0,1,0,0,0,1,0,0,1,1,35,2,22,3.33333333333333,29.8,3e+05,20,3,1,2,0.9115,3.25,22380
"Buddleja davidii",0,1,0,1,0,1,1,0,0,1,0,0,1,0,0,0,1,1,0,0,1,0,0,0,1,1,0,0,0,1,0,0,1,0,5,NA,4,NA,NA,106.59,NA,NA,NA,NA,0.93,0.65,0.1
"Bursera simaruba",0,1,0,1,0,1,0,1,1,1,0,0,1,0,0,0,1,0,0,1,1,0,NA,NA,NA,1,0,0,0,1,0,0,0,1,15,NA,10,2,NA,NA,NA,3,NA,NA,NA,0.6,117.35
"Butomus umbellatus",1,0,0,1,1,0,1,0,0,1,0,0,1,0,0,0,1,1,1,1,1,1,0,0,1,1,0,0,0,1,0,0,1,0,0.8,NA,9,50,38,NA,NA,6,NA,NA,NA,2.25,0.18
"Buxus balearica",0,1,0,1,0,1,0,0,1,1,0,NA,NA,NA,1,0,1,0,1,1,0,1,NA,NA,NA,1,1,0,0,NA,NA,NA,NA,NA,6,NA,4,2,NA,NA,NA,3,NA,0.6,NA,0.6,7.45
"Byrsonima crassifolia",0,1,0,1,0,1,1,0,0,1,0,0,0,1,0,0,1,0,0,1,1,0,0,0,1,0,0,1,0,0,0,1,1,0,12.5,1.83,10,1,13,NA,NA,3,1,NA,0.0566666666666667,1.2,2.94
"Cabomba caroliniana",1,0,0,1,1,0,1,0,0,1,0,0,1,0,0,0,1,0,0,1,1,0,0,0,1,1,0,0,1,1,0,0,1,0,10,NA,6,3,NA,62,NA,3,0,NA,NA,2.5,1.14
"Calceolaria purpurea",1,0,0,1,0,1,1,0,0,1,0,0,1,0,0,0,1,NA,NA,NA,NA,NA,NA,NA,NA,0,0,1,0,0,0,1,1,0,0.6,NA,2,NA,NA,NA,NA,NA,NA,NA,NA,1.27,0.01
"Camellia sinensis",0,1,0,1,0,1,1,0,0,1,0,0,1,0,0,0,1,0,0,1,1,0,0,0,1,NA,NA,NA,NA,1,0,0,1,0,5,NA,100,4,38,NA,NA,3,1,NA,NA,2.75,1405.19
"Canacomyrica monticola",0,1,0,1,0,1,0,1,0,1,0,0,1,0,1,0,0,0,0,1,1,0,1,0,0,0,1,0,0,NA,NA,NA,NA,NA,7,1,6,1,NA,NA,NA,1,NA,NA,NA,NA,NA
"Canna indica",1,0,0,1,0,1,1,0,0,1,0,0,0,1,0,0,1,0,1,0,0,1,1,0,0,1,0,0,0,0,1,0,1,0,2.5,0.6,0.5,NA,49.5,NA,NA,3,1,NA,NA,6,155.15
"Cannabis sativa",1,0,0,1,0,1,0,1,1,0,1,0,1,0,1,0,0,0,1,1,1,1,0,0,1,0,1,0,0,1,0,0,1,1,1.5,NA,5,0.5,30,NA,NA,2,1,NA,NA,0.5,18.25
"Capparis zeylanica",0,1,0,1,0,1,1,0,0,1,0,NA,NA,NA,NA,NA,NA,0,0,1,1,0,NA,NA,NA,NA,NA,NA,NA,1,0,0,1,0,3.5,NA,37.5,999,NA,NA,3.25,4,NA,NA,NA,9,NA
"Cardiocrinum cordatum",1,0,0,1,0,1,1,0,0,1,0,1,0,0,0,0,1,1,0,0,1,0,NA,NA,NA,1,0,0,0,0,0,1,1,1,1.35,NA,6,312.5,NA,NA,NA,3,NA,NA,0.434166666666667,15,3.55
"Carex laxiflora",1,0,0,1,0,1,0,0,1,1,0,0,0,1,1,0,0,NA,NA,NA,NA,NA,0,0,1,0,1,0,0,NA,NA,NA,0,1,0.45,NA,2,1,NA,NA,NA,3,NA,NA,0.09,0.3225,NA
"Carica papaya",0,1,0,1,0,1,0,1,0,1,0,0,1,1,0,1,1,0,0,1,1,0,0,0,1,1,1,0,1,1,0,0,1,0,6,NA,10,999,34,NA,26.5,5,1,NA,NA,4,22.62
"Caryocar brasiliense",0,1,0,1,0,1,1,0,0,1,0,0,1,0,0,0,1,0,0,1,1,0,0,1,0,1,0,0,0,1,0,0,1,0,10,NA,300,NA,NA,NA,NA,3.5,NA,NA,1,6,NA
"Catalpa speciosa",0,1,0,1,0,1,1,0,0,1,0,0,1,0,0,0,1,1,0,0,1,0,0,0,1,1,0,0,0,0,0,1,1,0,30,1.25,2,999,NA,NA,35,2,1,NA,NA,5.5,18.83
"Catharanthus roseus",0,1,0,1,0,1,0,0,1,1,0,1,0,0,0,0,1,0,1,1,0,1,NA,NA,NA,1,0,0,0,1,0,0,1,0,0.875,NA,5,NA,75.5,NA,NA,2,NA,NA,0.63,4.49,1.43
"Caulophyllum thalictroides",1,0,0,1,0,1,1,0,0,1,0,1,0,0,0,0,1,0,0,1,1,0,0,0,1,NA,NA,NA,NA,1,0,0,1,0,0.55,NA,6,2.25,NA,5286,NA,1,NA,NA,NA,0.9,198.63
"Centroplacus glaucinus",0,1,0,1,0,1,0,1,0,1,0,0,1,0,NA,NA,NA,NA,NA,NA,NA,NA,NA,NA,NA,NA,NA,NA,NA,1,0,0,1,0,20,NA,5,2,NA,NA,0.7,3,1,NA,NA,0.2,NA
"Ceratophyllum demersum",1,0,0,1,1,0,0,0,1,1,0,1,0,0,1,0,0,0,0,1,1,0,NA,NA,NA,0,1,0,1,NA,NA,NA,0,1,3,NA,1,1,21,NA,NA,1,NA,NA,NA,0.125,NA
"Cercidiphyllum japonicum",0,1,0,1,0,1,0,1,0,1,0,0,1,0,1,0,0,1,0,0,1,0,0,0,1,0,1,0,0,NA,NA,NA,0,1,30,NA,10,20.5,NA,NA,NA,1,0,NA,NA,0.9,0.55
"Chimaphila umbellata",0,1,0,1,0,1,1,0,0,1,0,0,1,0,0,0,1,0,1,0,0,1,0,0,1,1,0,0,1,1,0,0,1,0,0.275,NA,10,1000,NA,32,NA,5,1,NA,0.955,1.4,0.002
"Chimonanthus praecox",0,1,0,1,0,1,1,0,0,1,0,0,1,0,0,0,1,0,1,0,0,1,0,0,1,1,0,0,1,1,0,0,1,0,8,NA,7,2,38,2847,NA,9,0,NA,0.54,2.75,109.6
"Chloranthus spicatus",0,1,0,1,0,1,1,0,0,1,0,0,1,0,0,0,1,0,0,1,1,0,NA,NA,NA,0,0,1,0,NA,NA,NA,0,1,0.6,NA,2.33333333333333,1,NA,NA,NA,1,NA,NA,NA,0.5,2.18
"Chorispora tenella",1,0,0,1,0,1,1,0,0,0,1,0,0,1,0,0,1,1,0,0,1,0,0,0,1,NA,NA,NA,NA,1,0,0,1,0,0.305,0.175,6,15.6,17.5,NA,2.4,2,1,NA,NA,8.15,1.2
"Cinnamomum camphora",0,1,0,1,0,1,1,0,0,1,0,0,1,0,0,0,1,0,0,1,1,0,0,0,1,NA,NA,NA,NA,1,0,0,1,1,22.5,NA,9,1,17.5,NA,NA,1,NA,NA,1,0.3,108.24
"Cirsium pitcheri",1,0,0,1,0,1,NA,NA,NA,1,1,1,0,0,0,0,1,1,0,0,1,0,1,0,0,NA,NA,NA,NA,0,0,1,1,0,0.55,NA,5,0.5,NA,NA,NA,2,NA,NA,0.658333333333333,2.5,NA
"Clarkia xantiana",1,0,0,1,0,1,1,0,0,0,1,1,0,0,0,0,1,0,1,0,0,1,1,0,0,NA,NA,NA,NA,0,0,1,1,0,0.45,NA,8,500,NA,84.5,2.25,4,1,NA,0.7885,3.5,0.21
"Claytonia virginica",1,0,0,1,0,1,1,0,0,1,0,NA,NA,NA,0,0,1,0,1,1,0,1,0,0,1,1,0,0,0,1,0,0,1,0,0.225,NA,5,2,NA,NA,NA,3,1,NA,NA,0.85,1.22
"Cleistesiopsis bifaria",1,0,0,1,0,1,1,0,0,1,0,0,1,0,0,0,1,NA,NA,NA,NA,NA,1,0,0,0,0,0,1,0,0,1,1,1,0.315,NA,2,1853.5,NA,4,NA,3,NA,NA,NA,7.5,NA
"Clethra alnifolia",0,1,0,1,0,1,1,0,0,1,0,NA,NA,NA,0,0,1,1,0,0,1,0,0,0,1,NA,NA,NA,NA,1,0,0,1,0,2,NA,10,40,NA,NA,NA,3,1,NA,NA,0.55,0.15
"Clutia pulchella",0,1,0,1,0,1,0,1,0,1,0,0,1,0,NA,NA,NA,0,1,1,0,1,NA,NA,NA,NA,NA,NA,NA,1,0,0,1,0,0.84,NA,5,1,NA,3959,NA,3,1,NA,NA,4,3.08
"Cobaea scandens",0,1,1,0,0,1,1,0,0,1,0,0,1,0,0,0,1,1,0,0,1,0,0,0,1,1,0,0,0,1,0,0,1,0,25,NA,5,26,100,415.5,NA,3,1,NA,NA,5.75,72.3
"Cochlospermum vitifolium",0,1,0,1,0,1,1,0,0,1,0,0,1,0,0,0,1,1,0,0,1,0,0,0,1,0,0,0,1,1,0,0,1,0,12,5.5,175,120,17.5,NA,8,5,1,NA,NA,11,27.94
"Coffea arabica",0,1,0,1,0,1,1,0,0,1,0,1,0,0,0,0,1,0,0,1,1,0,1,0,0,1,0,0,1,1,0,0,1,0,5,NA,5,1,38,NA,NA,2,NA,NA,0.691666666666667,3,188.32
"Combretum leprosum",0,1,1,1,0,1,1,0,0,1,0,0,1,0,0,0,1,1,0,0,1,0,1,0,0,1,0,1,0,1,0,0,1,0,12,NA,8,4,NA,NA,NA,2,NA,NA,NA,0.95,NA
"Commelina communis",1,0,0,1,0,1,1,0,0,0,1,NA,NA,NA,0,0,1,0,1,0,0,1,0,0,1,0,0,0,1,0,0,1,1,0,1,NA,3,2,NA,NA,NA,2,NA,NA,NA,1.25,NA
"Cordyline australis",0,1,0,1,0,1,1,0,0,1,0,0,1,0,0,0,1,0,0,1,1,0,0,0,1,NA,NA,NA,NA,1,0,0,1,0,12,NA,6,NA,NA,NA,NA,3,1,NA,NA,0.55,3.91
"Coriaria myrtifolia",0,1,0,1,0,1,1,0,0,1,0,NA,NA,NA,1,0,0,0,0,1,1,0,0,0,1,0,1,0,0,1,0,0,0,1,3,0.3,10,1,17.5,NA,0.5,5,NA,NA,NA,0.7,9.9
"Coriaria ruscifolia",0,1,0,1,0,1,1,0,0,1,0,NA,NA,NA,1,0,0,1,0,0,1,0,0,0,1,0,1,0,0,1,0,0,1,1,2,0.11,10,1,38,NA,0.16,7.5,NA,NA,NA,0.25,0.53
"Cornus florida",0,1,0,1,0,1,1,0,0,1,0,0,1,0,0,0,1,0,0,1,1,0,1,0,0,NA,NA,NA,NA,1,0,0,1,1,20,0.75,4,NA,NA,NA,1.55,NA,NA,NA,NA,1.5,101.87
"Corokia cotoneaster",0,1,0,1,0,1,1,0,0,1,0,0,1,0,0,0,1,0,0,1,1,0,1,0,0,1,0,1,0,1,0,0,1,0,3,NA,5,1,NA,NA,NA,2,NA,NA,NA,0.65,26.33
"Corrigiola litoralis",1,0,0,1,0,1,1,0,0,0,1,0,0,1,0,0,1,1,1,0,1,1,0,1,0,NA,NA,NA,NA,1,0,0,1,0,0.15,NA,5,NA,NA,NA,NA,3,0.5,NA,0.109230769230769,0.2,0.45
"Costus woodsonii",1,0,0,1,0,1,1,0,0,1,0,NA,NA,NA,0,0,1,0,0,1,1,0,1,0,0,1,0,0,1,0,0,1,1,0,12,NA,1,9,130,744,NA,3,NA,NA,NA,3,NA
"Cucurbita pepo",1,0,1,0,0,1,0,0,1,0,1,NA,NA,NA,0,0,1,1,0,0,1,0,1,0,0,1,0,0,0,1,0,0,1,0,0.6,NA,2.5,2560.75,100,317,NA,3,1,NA,NA,1,144.75
"Cupaniopsis anacardioides",0,1,0,1,0,1,1,0,1,1,0,NA,NA,NA,0,0,1,0,0,1,1,0,0,0,1,1,0,0,1,0,1,0,1,1,4,NA,8,1,15,39811,NA,3,1,NA,NA,0.8,178.63
"Curculigo latifolia",1,1,0,1,0,1,1,0,0,1,0,0,1,0,0,0,1,NA,NA,NA,NA,NA,1,0,0,NA,NA,NA,NA,1,0,0,1,0,0.6,NA,6,NA,NA,NA,NA,NA,NA,NA,NA,1.3,100
"Cuscuta cuspidata",1,0,1,0,0,1,1,0,0,0,1,1,0,0,1,0,0,NA,NA,NA,NA,NA,0,0,1,0,1,0,0,1,0,0,1,0,0.5,0.33,5,2,NA,1164,0.22,2,1,NA,NA,0.175,NA
"Cuttsia viburnea",0,1,0,1,0,1,1,0,0,1,0,0,1,0,0,0,1,1,1,0,1,1,0,0,1,NA,NA,NA,NA,1,0,0,1,0,15,NA,5,500.5,20.25,NA,0.35,5,NA,NA,NA,1,0.03
"Cyclanthus bipartitus",0,1,0,1,0,1,0,0,1,1,0,0,1,0,0,0,1,0,0,1,1,0,NA,NA,NA,0,0,0,1,NA,NA,NA,1,0,2,NA,6,NA,NA,NA,NA,NA,NA,NA,NA,NA,NA
"Cymodocea nodosa",1,0,0,1,1,0,0,1,1,1,0,0,1,0,1,0,0,0,1,1,1,1,NA,NA,NA,0,1,0,0,NA,NA,NA,NA,NA,0.6,0.9,2,1,NA,NA,1.3,2,0,NA,NA,NA,NA
"Cypripedium calceolus",1,0,0,1,0,1,1,0,0,1,0,0,1,0,0,0,1,1,0,0,1,0,1,0,0,0,0,0,1,0,0,1,1,1,0.45,NA,2,1500,17.5,NA,NA,3,1,NA,0.88,7.75,0.003
"Cyrilla racemiflora",0,1,0,1,0,1,1,0,0,1,0,NA,NA,NA,0,0,1,1,0,0,1,0,0,0,1,1,0,0,0,1,0,0,1,0,10,0.3,5,2,NA,NA,NA,2,1,NA,NA,0.5,NA
"Dalechampia spathulata",0,1,0,1,0,1,0,0,1,1,0,NA,NA,NA,0,0,1,0,1,0,0,1,NA,NA,NA,0,0,1,0,0,0,1,1,0,2.5,NA,20,NA,45.5,NA,NA,3,NA,NA,NA,NA,NA
"Dalzellia ceylanica",1,0,0,1,1,1,1,0,0,NA,NA,0,0,1,0,1,0,NA,NA,NA,NA,NA,0,0,1,0,0,0,1,1,0,0,1,1,0.01,NA,3,999,NA,14.105,0.15,3,1,NA,NA,0.2,NA
"Daphniphyllum macropodum",0,1,0,1,0,1,0,1,0,1,0,0,1,0,1,0,0,0,0,1,1,0,0,0,1,0,1,0,0,1,0,0,0,1,20,0.55,9,2,NA,NA,1,2,1,NA,NA,NA,42.24
"Datisca glomerata",1,0,0,1,0,1,1,0,0,1,0,1,0,0,1,0,0,1,0,0,1,0,1,0,0,0,1,0,0,NA,NA,NA,0,1,1.5,NA,7.75,NA,NA,NA,NA,NA,NA,NA,0.785,0.65,0.07
"Davidsonia jerseyana",0,1,0,1,0,1,1,0,0,1,0,0,0,1,NA,NA,NA,0,0,1,1,0,0,0,1,1,0,0,0,1,0,0,1,0,10,4.5,9,6,NA,NA,4,2,NA,NA,NA,0.5,206.29
"Davilla kunthii",1,0,1,0,0,1,1,0,0,1,0,0,1,0,0,0,1,0,0,1,1,0,1,0,1,0,0,0,1,1,0,0,1,0,NA,NA,70,2,NA,NA,NA,1,NA,NA,NA,1.8,NA
"Denhamia celastroides",0,1,0,1,0,1,1,0,0,1,0,0,1,0,NA,NA,NA,NA,NA,NA,NA,NA,0,0,1,NA,NA,NA,NA,1,0,0,NA,NA,7,NA,5,4,NA,NA,1.35,3,1,NA,NA,2.5,NA
"Diapensia lapponica",0,1,0,1,0,1,1,0,0,1,0,1,0,0,0,0,1,0,1,0,0,1,0,0,1,1,0,0,0,1,0,0,1,0,0.02,NA,5,80,NA,1997.5,0.3,3,1,NA,0.356666666666667,1.1,NA
"Diospyros australis",0,1,0,1,0,1,0,1,0,1,0,0,1,0,NA,NA,NA,NA,NA,NA,NA,NA,0,0,1,NA,NA,NA,NA,1,0,0,1,0,20,0.95,14,2,NA,NA,1.25,4,NA,NA,NA,0.16,130.16
"Dipterocarpus tempehes",0,1,0,1,0,1,1,0,0,1,0,0,1,0,0,0,1,NA,NA,NA,NA,NA,NA,NA,NA,NA,NA,NA,NA,1,0,0,1,0,45,3,30,NA,NA,NA,NA,NA,NA,NA,NA,5.4,NA
"Discaria americana",0,1,0,1,0,1,1,0,0,1,0,0,1,0,0,0,1,0,1,0,0,1,0,1,0,1,0,1,1,1,0,0,1,0,1,0.5,4.5,1,NA,7943,0.5,3.5,NA,NA,NA,0.6,NA
"Drosophyllum lusitanicum",0,1,0,1,0,1,1,0,0,1,0,1,0,0,0,0,1,0,1,0,0,1,0,0,1,NA,NA,NA,NA,1,0,0,1,0,0.9,NA,10,21.1,NA,687,NA,5,1,NA,NA,2.7,3.72
"Dryas octopetala",0,1,0,1,0,1,1,0,0,1,0,1,0,0,0,0,1,1,0,0,1,0,0,0,1,1,0,0,1,1,0,0,1,0,0.5,NA,164,1,38,631,NA,NA,0,NA,0.358333333333333,3,0.71
"Durio zibethinus",0,1,0,1,0,1,1,0,0,1,0,0,1,0,0,0,1,0,0,1,1,0,0,0,1,1,0,0,0,1,0,0,1,0,25,NA,60,6,104,NA,NA,5,1,NA,NA,5.5,18094.33
"Eichhornia crassipes",1,0,0,1,1,0,1,0,0,1,1,0,1,0,0,0,1,1,0,1,1,0,0,0,1,NA,NA,NA,NA,0,0,1,1,0,0.4,0.55,6,999,NA,NA,1.25,3,1,NA,NA,6,NA
"Eriocaulon parkeri",1,0,0,1,0,1,0,0,1,1,1,NA,NA,NA,0,0,1,NA,NA,NA,NA,NA,0,0,1,NA,NA,NA,NA,NA,NA,NA,1,0,0.15,NA,4,NA,NA,NA,NA,2,NA,NA,NA,0.2,NA
"Eriogonum arborescens",0,1,0,1,0,1,1,0,0,1,0,1,0,0,0,0,1,1,0,0,1,0,NA,NA,NA,NA,NA,NA,NA,NA,NA,NA,1,0,2,NA,9,1,NA,NA,0.3,3,NA,NA,0.53,0.275,0.63
"Eryngium alpinum",1,0,0,1,0,1,1,0,0,1,0,0,1,0,0,0,1,0,0,1,1,0,1,0,0,NA,NA,NA,NA,1,0,0,1,0,0.45,0.5,5,NA,NA,12050,NA,2,NA,NA,0.87,0.2,5.02
"Erythroxylum laurifolium",0,1,0,1,0,1,1,0,0,1,0,0,1,0,NA,NA,NA,0,0,1,1,0,0,0,1,1,0,1,0,NA,NA,NA,1,0,4.5,NA,10,NA,34.6,NA,1.5,NA,NA,NA,NA,NA,NA
"Eschscholzia californica",1,0,0,1,0,1,1,0,0,1,1,0,1,0,0,0,1,0,1,0,0,1,0,0,1,0,0,0,1,0,1,0,1,0,0.325,NA,19.5,NA,38,NA,6,2,1,NA,NA,4,1.5
"Eucalyptus cladocalyx",0,1,0,1,0,1,1,0,0,1,0,1,0,0,0,0,1,1,0,0,1,0,1,0,0,NA,NA,NA,NA,NA,NA,NA,1,0,35,0.75,192,17,NA,3900,1.1,3.5,NA,NA,0.57,1.5,4.78
"Eupomatia bennettii",0,1,0,1,0,1,1,0,0,1,0,0,1,0,0,0,1,NA,NA,NA,NA,NA,1,0,0,NA,NA,NA,NA,NA,NA,NA,1,0,1.5,2.5,8.5,NA,NA,NA,NA,NA,1,NA,NA,3.5,NA
"Eupomatia laurina",0,1,0,1,0,1,1,0,0,1,0,0,1,0,0,0,1,0,0,1,1,0,NA,NA,NA,0,0,1,0,NA,NA,NA,1,0,7,1.75,60,3,NA,NA,NA,41,1,NA,NA,2.66666666666667,15.73
"Fagus grandifolia",0,1,0,1,0,1,0,0,1,1,0,0,1,0,1,0,0,0,0,1,1,0,1,0,0,0,1,0,1,1,0,0,0,1,25,NA,11,2,NA,NA,NA,3,NA,NA,1,NA,265.74
"Ficaria verna",1,0,0,1,0,1,1,0,0,1,0,0,1,0,0,0,1,0,0,1,0,1,0,0,1,1,0,0,1,1,0,0,1,0,0.215,0.26,25,1,38,6050,0.375,15,NA,NA,NA,3.1875,NA
"Filipendula vulgaris",1,0,0,1,0,1,1,0,0,1,0,0,1,0,1,0,1,0,0,1,1,0,0,0,1,0,1,0,1,1,0,0,1,0,0.76,NA,25,2,17.5,NA,NA,9,0,NA,0.915,1.2,0.99
"Floerkea proserpinacoides",1,0,0,1,0,1,1,0,0,0,1,0,0,1,0,1,0,0,1,0,0,1,0,0,1,NA,NA,NA,NA,1,0,0,1,1,0.175,NA,6,1,NA,NA,NA,2.5,NA,NA,NA,2.75,3.64
"Fumana ericoides",0,1,0,1,0,1,1,0,0,1,0,0,0,1,0,0,1,0,1,0,0,1,1,0,0,NA,NA,NA,NA,1,0,0,1,0,0.3,NA,29,10.25,NA,567,0.7,2,NA,NA,NA,1.75,2.44
"Galium aparine",1,0,0,1,0,1,1,0,0,0,1,0,0,1,0,0,1,0,0,1,1,0,1,0,0,NA,NA,NA,NA,1,0,0,1,0,0.935,NA,4,1,38,316,NA,2,1,0.85,NA,1.75,9.05
"Gelsemium sempervirens",1,0,1,0,0,1,1,0,0,1,0,0,1,0,0,0,1,1,0,0,1,0,0,0,1,0,0,1,0,1,0,0,1,0,4.75,NA,5,4,NA,NA,NA,2,1,NA,NA,2.75,NA
"Gentiana saponaria",1,0,0,1,0,1,1,0,0,1,0,NA,NA,NA,0,0,1,1,0,0,1,0,0,0,1,1,0,0,0,1,0,0,1,0,0.48,NA,5,NA,NA,NA,NA,2,1,NA,NA,3.75,NA
"Geranium sanguineum",1,0,0,1,0,1,1,0,0,1,0,1,0,0,0,0,1,0,1,0,0,1,0,0,1,1,0,0,0,1,0,0,1,0,0.3,NA,10,2,100,539,NA,5,1,NA,NA,3.1,8.87
"Gerbera jamesonii",1,0,0,1,0,1,1,0,0,1,0,0,1,0,0,0,1,1,0,0,1,0,1,0,0,NA,NA,NA,NA,0,0,1,1,0,0.375,NA,5,1,NA,12786,0.95,2,NA,NA,NA,4.1,2.06
"Gesneria cuneifolia",0,1,0,1,0,1,1,0,0,1,0,1,0,0,0,0,1,0,0,1,0,1,NA,NA,NA,1,0,0,0,0,0,1,1,0,0.15,0.4,NA,NA,NA,NA,0.55,2,NA,NA,NA,2.5,0.02
"Gomortega keule",0,1,0,1,0,1,1,0,0,1,0,1,0,0,0,0,1,0,0,1,1,0,1,0,0,NA,NA,NA,NA,1,0,0,1,1,20,2.8,8,1,28,NA,5.25,2,1,NA,0.6675,0.6,NA
"Gonocaryum litorale",0,1,0,1,0,1,0,1,0,1,0,0,1,0,NA,NA,NA,0,0,1,1,0,0,0,1,NA,NA,NA,NA,1,0,0,1,1,17.5,2.5,5,2,NA,NA,4.5,2,1,NA,NA,0.55,NA
"Gossypium hirsutum",0,1,0,1,0,1,1,0,0,1,1,0,0,1,0,0,1,1,0,0,1,0,0,0,1,1,0,0,0,1,0,0,1,0,1.5,NA,80,10,94.6,608,NA,3.5,1,NA,0.204545454545455,7,93.47
"Grewia occidentalis",0,1,0,1,0,1,1,0,0,NA,NA,0,1,0,0,0,1,0,0,1,1,0,0,0,1,1,0,0,0,1,0,0,1,0,3,NA,76.5,1,NA,8303.5,NA,4,1,NA,NA,3,64.31
"Griselinia racemosa",0,1,0,1,0,1,0,1,0,NA,NA,0,1,0,NA,NA,NA,0,0,1,1,0,1,0,0,NA,NA,NA,NA,1,0,0,NA,NA,2,0.425,5,NA,NA,NA,0.7,3,1,NA,NA,NA,12.21
"Gyrocarpus americanus",0,1,0,1,0,1,1,0,0,1,0,NA,NA,NA,1,0,0,1,0,0,1,0,1,0,0,0,1,0,0,1,0,0,1,1,25,NA,4,1,NA,16124.5,NA,1,NA,NA,NA,0.15,360.51
"Hamamelis virginiana",0,1,0,1,0,1,1,0,0,1,0,0,1,0,0,0,1,0,1,0,0,1,0,1,0,1,0,0,1,1,0,0,1,0,5,NA,4,1,17.5,11798.25,1.2,2,1,NA,NA,2,108.32
"Hanguana malayana",1,0,0,1,0,1,0,1,0,1,0,0,1,0,NA,NA,NA,0,0,1,1,0,0,0,1,NA,NA,NA,NA,1,0,0,NA,NA,3,0.65,6,1,NA,NA,NA,3,1,NA,NA,NA,17
"Haumania danckelmaniana",0,1,1,0,0,1,1,0,0,1,0,0,1,0,0,0,1,NA,NA,NA,NA,NA,1,0,0,NA,NA,NA,NA,0,0,1,1,0,6,2,1,NA,NA,138,3,3,NA,NA,NA,1.25,NA
"Hedychium gardnerianum",1,0,0,1,0,1,1,0,0,1,0,0,0,1,0,0,1,0,0,1,1,0,1,0,0,NA,NA,NA,NA,0,0,1,1,0,2.4,NA,1,NA,NA,NA,NA,3,NA,NA,NA,8,NA
"Helianthus annuus",1,0,0,1,0,1,1,0,0,0,1,0,1,0,0,0,1,0,1,0,0,1,1,0,0,1,0,0,1,1,0,1,1,0,2,NA,5,1,38,NA,NA,2,1,NA,0.748181818181818,2.2,38.81
"Heliconia irrasa",1,0,0,1,0,1,1,0,0,1,0,NA,NA,NA,0,0,1,0,0,1,1,0,1,0,0,1,0,0,0,NA,NA,NA,1,0,1.5,NA,5,1,NA,NA,NA,3,NA,NA,NA,5.75,NA
"Herniaria glabra",1,0,0,1,0,1,1,0,0,1,1,0,0,1,0,0,1,1,1,0,1,1,0,0,1,1,0,0,0,1,0,0,0,1,0.2,NA,5,NA,17.5,NA,NA,NA,NA,NA,NA,0.15,0.11
"Hevea brasiliensis",0,1,0,1,0,1,0,0,1,1,0,0,1,0,0,0,1,0,0,1,1,0,0,1,0,NA,NA,NA,NA,1,0,0,NA,NA,20,NA,10,1,NA,NA,NA,3,1,NA,0.64,0.5025,3809.45
"Hirtella physophora",0,1,0,1,0,1,1,0,0,1,0,0,1,0,0,0,1,NA,NA,NA,NA,NA,NA,NA,NA,1,0,0,1,0,0,1,1,0,NA,1,6,NA,NA,5895,NA,NA,NA,NA,NA,2,NA
"Hordeum bulbosum",1,0,0,1,0,1,1,0,0,1,0,0,1,0,1,0,0,0,0,1,1,0,0,0,1,0,1,0,0,0,0,1,0,1,0.95,NA,3,1,38,NA,NA,2,NA,NA,NA,1.75,11.36
"Hydnocarpus heterophylla",0,1,0,1,0,1,0,1,0,1,0,0,1,0,0,0,1,0,0,1,1,0,0,0,1,NA,NA,NA,NA,NA,NA,NA,NA,NA,20,NA,26,999,29.05,NA,NA,4,1,NA,NA,1.6,NA
"Hydrastis canadensis",1,0,0,1,0,1,1,0,0,1,0,1,0,0,0,0,1,0,0,1,1,0,0,0,1,NA,NA,NA,NA,1,0,0,1,0,0.325,0.325,53.75,2,23.25,NA,0.65,10.75,0,NA,NA,1.3,NA
"Hydrocotyle vulgaris",1,0,0,1,0,1,1,0,0,1,0,NA,NA,NA,0,1,1,1,0,0,1,0,1,0,0,NA,NA,NA,NA,1,0,0,1,0,0.125,NA,5,NA,NA,NA,NA,2,1,NA,NA,0.15,0.5
"Hydrophyllum capitatum",1,0,0,1,0,1,1,0,0,1,0,0,1,0,0,0,1,NA,NA,NA,NA,NA,0,0,1,1,0,0,1,1,0,0,1,0,0.275,NA,5,NA,NA,NA,0.4,NA,NA,NA,NA,0.7,6.55
"Hypericum perforatum",1,0,0,1,0,1,1,0,0,1,0,0,0,1,0,0,1,1,0,0,1,0,0,0,1,0,0,0,1,1,0,0,1,0,0.6,0.4,50,30,17.5,NA,0.475,3,1,NA,NA,1.875,0.15
"Hypolytrum pulchrum",1,0,0,1,0,1,0,0,1,1,0,0,1,0,NA,NA,NA,NA,NA,NA,NA,NA,NA,NA,NA,NA,NA,NA,NA,NA,NA,NA,NA,NA,0.45,NA,1,1,NA,NA,NA,NA,NA,NA,NA,NA,NA
"Ilex opaca",0,1,0,1,0,1,0,1,0,1,0,0,1,0,0,0,1,0,0,1,1,0,0,0,1,NA,NA,NA,NA,1,0,0,1,1,12.5,NA,4,NA,NA,NA,NA,4,1,NA,NA,0.75,17.2
"Impatiens capensis",1,0,0,1,0,1,1,0,0,0,1,1,0,0,0,0,1,0,1,0,0,1,0,0,1,1,0,0,0,0,0,1,1,0,1.05,NA,5,1,NA,NA,NA,5,1,NA,NA,3.3,7.03
"Ipomoea alba",1,0,1,0,0,1,1,0,0,1,1,0,0,1,0,0,1,NA,NA,NA,NA,NA,0,0,1,1,0,0,0,1,0,0,1,0,10,NA,5,5,NA,NA,3,2,NA,NA,NA,9,99.98
"Iris versicolor",1,0,0,1,0,1,1,0,0,1,0,1,0,0,0,1,1,1,0,0,1,0,1,0,0,NA,NA,NA,NA,1,0,0,1,0,0.675,NA,3,40.5,NA,NA,NA,3,NA,NA,NA,12.25,15.02
"Irvingbaileya australis",0,1,0,1,0,1,0,1,0,1,0,0,1,0,0,0,1,0,0,1,1,0,0,0,1,NA,NA,NA,NA,1,0,0,1,0,NA,2,5,1,17.25,NA,2.3,2,1,NA,NA,0.41,220
"Juglans mandshurica",0,1,0,1,0,1,0,0,1,1,0,0,1,0,1,0,0,0,0,1,1,0,1,0,0,0,1,0,0,NA,NA,NA,0,1,15,NA,26,1,NA,NA,NA,2,NA,NA,0.99,NA,9259
"Jumellea fragrans",1,0,0,1,0,1,1,0,0,1,0,1,0,0,0,0,1,NA,NA,NA,NA,NA,1,0,0,1,0,0,0,0,0,1,1,0,0.3,NA,2,1500,NA,NA,NA,3,NA,NA,0.765,4,NA
"Juncus effusus",1,0,0,1,0,1,1,0,0,0,1,1,0,0,1,0,0,0,0,1,1,0,0,0,1,0,1,0,0,1,0,0,0,1,0.8825,NA,3,NA,38,48,0.19,3,NA,NA,0.016,NA,0.02
"Kalanchoe daigremontiana",1,0,0,1,0,1,1,0,0,1,1,0,0,1,0,0,1,1,0,0,1,0,0,1,1,1,0,0,0,1,0,0,1,0,1.5,0.35,8,130,NA,192,0.85,4,0.2,NA,NA,3,0.02
"Kalmia latifolia",0,1,0,1,0,1,1,0,0,1,0,0,1,0,0,0,1,1,0,0,1,0,0,0,1,1,0,0,0,1,0,0,1,0,5,NA,10,NA,38,NA,NA,NA,1,NA,0.9,2.8,0.02
"Kielmeyera regalis",0,1,0,1,0,1,1,0,0,1,0,0,1,0,0,0,1,1,0,0,1,0,NA,NA,NA,0,0,0,1,1,0,0,1,0,NA,NA,NA,NA,NA,NA,NA,NA,NA,NA,NA,9,NA
"Kirengeshoma palmata",1,0,0,1,0,1,1,0,0,1,0,0,1,0,0,0,1,1,0,0,1,0,NA,NA,NA,NA,NA,NA,NA,NA,NA,NA,1,0,1.05,1.15,15,NA,NA,NA,NA,NA,NA,NA,NA,3.81,1.74
"Kirkia wilmsii",0,1,0,1,0,1,0,1,0,1,0,0,1,0,0,0,1,1,0,0,1,0,0,0,1,NA,NA,NA,NA,1,0,0,NA,NA,12,NA,4.5,NA,NA,NA,NA,4.5,1,NA,NA,1,13.99
"Lactoris fernandeziana",0,1,0,1,0,1,1,0,0,1,0,1,0,0,1,0,0,1,1,0,1,1,0,0,1,0,1,0,0,1,0,0,0,1,1.5,NA,6,6,NA,1815.33333333333,NA,3,0,NA,NA,0.4,NA
"Lantana camara",0,1,0,1,0,1,1,0,0,1,0,0,0,1,0,0,1,0,0,1,1,0,0,0,1,NA,NA,NA,NA,0,0,1,1,0,1.05,NA,4,NA,NA,NA,NA,1.5,NA,NA,NA,0.65,11.14
"Lapageria rosea",0,1,1,0,0,1,1,0,0,1,0,NA,NA,NA,0,0,1,0,0,1,1,0,1,0,1,1,0,0,0,1,0,0,1,0,8,NA,6,132,NA,1157,4.5,3,1,NA,NA,7.5,NA
"Larrea tridentata",0,1,0,1,0,1,1,0,0,1,0,1,0,0,0,0,1,0,0,1,1,0,NA,NA,NA,1,0,0,1,1,0,0,1,0,1.6,NA,10,NA,NA,NA,NA,5,NA,NA,0.72,2.5,6.44
"Lemna minor",1,0,0,1,1,0,1,0,0,0,1,NA,NA,NA,0,0,1,1,0,0,1,0,0,0,1,NA,NA,NA,NA,NA,NA,NA,0,1,0.06,NA,2,1,NA,NA,NA,1,NA,NA,NA,0.08,NA
"Lepidobotrys staudtii",0,1,0,1,0,1,0,1,0,1,0,0,1,0,NA,NA,NA,0,1,0,0,1,0,0,1,NA,NA,NA,NA,1,0,0,NA,NA,8,1.65,10,2,NA,NA,2.3,3,NA,NA,NA,0.63,NA
"Limnanthes douglasii",1,0,0,1,0,1,1,0,0,0,1,0,1,0,0,0,1,NA,NA,NA,NA,NA,0,0,1,NA,NA,NA,NA,1,0,0,1,0,0.515,NA,10,NA,38,NA,NA,5,NA,NA,0.85,2.8,7.12
"Linum perenne",1,0,0,1,0,1,1,0,0,1,0,0,1,0,0,0,1,NA,NA,NA,NA,NA,0,0,1,NA,NA,NA,NA,1,0,0,1,0,0.6,NA,5,2,NA,NA,NA,5,1,NA,NA,3.5,1.4
"Liparis loeselii",1,0,0,1,0,1,1,0,0,1,0,0,0,1,1,1,0,1,0,0,1,0,1,0,0,0,1,0,0,0,0,1,0,1,0.13,NA,1,2225,NA,NA,NA,3,NA,NA,NA,1.05,0.001
"Liriodendron chinense",0,1,0,1,0,1,1,0,0,1,0,1,0,0,0,0,1,1,1,0,1,1,0,0,1,1,0,0,0,1,0,0,0,1,40,NA,60,2,NA,NA,8,115,0,NA,0.630833333333333,3.5,NA
"Loasa heterophylla",1,0,0,1,0,1,1,0,0,1,0,0,1,0,NA,NA,NA,NA,NA,NA,NA,NA,1,0,0,1,0,0,0,1,0,0,1,0,NA,NA,6.5,NA,NA,NA,NA,NA,NA,NA,NA,2.3,NA
"Lobelia angulata",1,0,0,1,0,1,1,1,0,1,0,0,1,0,0,0,1,NA,NA,NA,NA,NA,1,0,0,1,0,0,0,0,0,1,1,0,0.21,NA,5,NA,NA,NA,NA,2,NA,NA,NA,1.35,0.08
"Ludwigia adscendens",1,0,0,1,1,0,1,0,0,1,0,NA,NA,NA,0,0,1,1,0,0,1,0,1,0,0,NA,NA,NA,NA,1,0,0,1,0,0.15,0.18,10,7.5,NA,NA,1.6,5,NA,1.13,NA,3,NA
"Lythrum salicaria",1,0,0,1,0,1,1,0,0,1,0,0,1,0,0,0,1,1,0,0,1,0,0,0,1,1,0,0,1,1,0,0,1,0,1.6,0.2,12,NA,29.6666666666667,NA,0.3,2,1,0.2,NA,1.8,0.07
"Malesherbia linearifolia",1,0,0,1,0,1,1,0,0,1,0,NA,NA,NA,0,0,1,NA,NA,NA,NA,NA,0,0,1,NA,NA,NA,NA,1,0,0,1,0,1,NA,5,21.5,NA,NA,1.275,3,1,NA,NA,2.5,1.29
"Malpighia emarginata",0,1,0,1,0,1,1,0,0,1,0,0,1,0,0,0,1,0,0,1,1,0,0,0,1,0,0,1,0,0,0,1,1,0,7,NA,10,1,NA,NA,NA,3,1,NA,0.99,2.25,23.15
"Manihot esculenta",1,0,0,1,0,1,0,0,1,1,0,0,1,0,0,0,1,0,0,1,0,1,0,0,1,NA,NA,NA,NA,1,0,0,1,0,5,NA,10,1,NA,NA,NA,3,1,NA,0.96,0.2,114
"Manilkara zapota",0,1,0,1,0,1,1,0,0,1,0,0,1,0,0,0,1,0,0,1,1,0,0,0,1,NA,NA,NA,NA,1,0,0,1,0,40,NA,5.5,1,NA,NA,6,8.75,1,NA,0.815,1.8,126.74
"Marathrum rubrum",1,0,0,1,1,0,1,0,0,0,1,0,0,1,1,0,0,1,0,0,1,0,0,0,1,0,1,0,0,1,0,0,1,1,0.15,0.195,8,940,14.5,616,0.525,2,1,NA,0.07,0.5,NA
"Mayaca fluviatilis",1,0,0,1,1,1,1,0,0,1,0,0,0,1,0,1,0,1,0,0,1,0,0,0,1,NA,NA,NA,NA,1,0,0,1,0,0.6,NA,3,2,NA,NA,0.4,3,1,NA,NA,1,NA
"Mazus pumilus",1,0,0,1,0,1,1,0,0,0,1,0,0,1,0,0,1,1,0,0,1,0,0,0,1,0,0,0,1,0,0,1,1,0,0.1,0.35,4,183,NA,22.07,NA,2,1,NA,NA,0.7,0.01
"Medicago sativa",1,0,0,1,0,1,1,0,0,1,0,0,1,0,0,0,1,0,1,0,0,1,0,0,1,1,0,0,1,0,0,1,1,0,0.65,NA,10,15,30.5,399,NA,NA,NA,NA,0.86,1.75,2.24
"Melocactus curvispinus",1,0,0,1,0,1,1,0,0,1,0,NA,NA,NA,0,0,1,0,0,1,1,0,1,0,0,1,0,0,0,1,0,0,1,0,0.125,NA,154.5,21.5,NA,415,NA,16,NA,NA,NA,2.4,0.36
"Menispermum canadense",1,1,1,0,0,1,0,1,0,1,0,0,1,0,0,0,1,0,0,1,1,0,0,0,1,NA,NA,NA,NA,1,0,0,NA,NA,5,1.05,16.5,2,NA,NA,NA,3,NA,NA,NA,0.225,68.67
"Menyanthes trifoliata",1,0,0,1,1,0,1,0,0,1,0,0,1,0,0,0,1,1,0,0,1,0,0,0,1,1,0,0,0,1,0,0,1,0,0.35,NA,5,10,88,NA,1,2,1,NA,NA,1.5,2.45
"Miconia affinis",0,1,0,1,0,1,1,0,0,1,0,0,1,0,0,0,1,0,0,1,1,0,0,1,0,NA,NA,NA,NA,1,0,0,1,0,5,NA,10,NA,NA,NA,3.5,NA,NA,NA,0.995,0.5,0.3
"Mirabilis jalapa",1,0,0,1,0,1,1,0,0,1,1,0,0,1,0,0,1,0,1,0,0,1,0,0,1,1,0,0,0,1,0,0,1,1,1,0.65,5,1,100,333.5,0.7,1,NA,NA,NA,4,79.23
"Misodendrum linearifolium",0,1,0,1,0,1,0,1,0,NA,NA,0,1,0,NA,NA,NA,1,0,0,1,0,1,0,0,NA,NA,NA,NA,1,0,0,0,1,0.25,NA,3,1,NA,NA,NA,3,1,NA,NA,0.125,NA
"Mollugo verticillata",1,0,0,1,0,1,1,0,0,0,1,NA,NA,NA,0,0,1,0,1,0,0,1,0,0,1,1,0,0,1,1,0,0,1,0,0.24,NA,3.5,10,38,39.5,NA,4,1,NA,NA,0.2,0.09
"Monotropa hypopitys",1,0,0,1,0,1,1,0,0,1,0,1,0,0,0,0,1,0,1,0,0,1,0,0,1,1,0,0,0,1,0,0,1,0,0.185,0.6,9,20,17.5,NA,0.8,5,1,NA,NA,0.95,0.001
"Montinia caryophyllacea",0,1,0,1,0,1,0,1,0,NA,NA,0,1,0,NA,NA,NA,0,1,0,0,1,1,0,0,NA,NA,NA,NA,1,0,0,NA,NA,1.5,NA,4,6,NA,NA,NA,2,1,NA,NA,0.5,5.72
"Moringa oleifera",0,1,0,1,0,1,1,0,0,1,0,1,0,0,0,0,1,0,1,0,0,1,0,0,1,NA,NA,NA,NA,0,0,1,1,0,12,2,5,NA,NA,523,35,3,1,NA,0.77,2,237.33
"Myriophyllum sibiricum",1,0,0,1,1,0,1,0,1,1,0,NA,NA,NA,0,0,1,NA,NA,NA,NA,NA,1,0,0,NA,NA,NA,NA,1,0,0,1,0,6,0.14,8,1,NA,NA,0.21,4,NA,NA,NA,0.24,NA
"Myristica fragrans",0,1,0,1,0,1,0,1,1,1,0,0,1,0,0,0,1,0,0,1,1,0,0,0,1,0,0,0,1,1,0,0,1,0,8,NA,9.5,1,NA,797664,NA,1,NA,NA,0.9025,1,7792.8
"Myrothamnus moschata",0,1,0,1,0,1,0,1,0,NA,NA,0,1,0,NA,NA,NA,NA,NA,NA,NA,NA,0,0,1,NA,NA,NA,NA,NA,NA,NA,NA,NA,NA,NA,4,NA,NA,NA,NA,3.5,0.9,NA,NA,NA,NA
"Myrtus communis",0,1,0,1,0,1,1,0,0,1,0,1,0,0,0,0,1,0,0,1,1,0,NA,NA,NA,NA,NA,NA,NA,1,0,0,1,0,4,NA,145,NA,17.5,NA,NA,NA,1,NA,0.576071428571429,2.5,7.92
"Narthecium ossifragum",1,0,0,1,0,1,1,0,0,1,0,NA,NA,NA,0,0,1,0,1,0,0,1,0,0,1,NA,NA,NA,NA,1,0,0,1,0,0.275,NA,6,NA,NA,NA,NA,NA,NA,NA,NA,2.8,0.1
"Nelumbo lutea",1,0,0,1,1,0,1,0,0,1,0,1,0,0,0,0,1,1,0,0,1,0,0,0,1,0,0,1,1,1,0,0,1,0,2,NA,400,1,NA,NA,1.3,24.75,0,NA,0.507894736842105,10,NA
"Nelumbo nucifera",1,0,0,1,1,0,1,0,0,1,0,0,1,0,0,0,1,1,0,0,1,0,0,0,1,0,0,1,1,1,0,0,1,0,2,NA,300,1,38,NA,NA,30,0,NA,0.982,18.25,1132.7
"Nemesia strumosa",1,0,0,1,0,1,1,0,0,0,1,0,1,0,NA,NA,NA,1,0,0,1,0,0,0,1,NA,NA,NA,NA,1,0,0,1,0,0.3,NA,4,NA,NA,NA,NA,2.5,NA,NA,NA,2.5,0.24
"Nepenthes macfarlanei",0,1,1,0,0,1,0,1,0,1,0,0,1,0,1,0,1,1,0,0,1,0,NA,NA,NA,1,1,0,0,1,0,0,NA,NA,3,NA,5,NA,NA,NA,NA,4,NA,NA,NA,1,NA
"Nicotiana tabacum",1,0,0,1,0,1,1,0,0,1,1,NA,NA,NA,0,0,1,0,1,0,0,1,0,0,1,1,0,0,0,1,0,1,1,0,3,NA,5,NA,38,NA,NA,2,1,NA,NA,4.25,0.07
"Nolana humifusa",1,0,0,1,0,1,1,0,0,0,1,0,1,0,0,0,1,0,0,1,1,0,0,0,1,1,0,0,1,1,0,0,1,0,NA,NA,5,NA,NA,NA,NA,16,1,NA,NA,2.6,NA
"Nothapodytes nimmoniana",0,1,0,1,0,1,1,0,0,1,0,1,0,0,0,0,1,0,0,1,1,0,NA,NA,NA,1,0,0,1,NA,NA,NA,1,0,15,0.9,3,2,NA,364.5,1.5,1,NA,NA,0.37,0.8,NA
"Nothofagus dombeyi",0,1,0,1,0,1,0,0,1,1,0,0,1,0,1,0,0,1,0,0,1,0,NA,NA,NA,0,1,0,0,NA,NA,NA,NA,NA,40,NA,10.5,1,NA,NA,0.55,1,NA,NA,0.959,NA,11.9
"Nuphar advena",1,0,0,1,1,0,1,0,0,1,0,NA,NA,NA,0,0,1,1,0,0,1,0,0,0,1,0,0,0,1,1,0,0,1,0,NA,NA,180,NA,NA,NA,1.9,16,1,NA,NA,4,NA
"Nymphaea odorata",1,0,0,1,1,0,1,0,0,1,0,NA,NA,NA,0,0,1,1,0,1,1,0,0,1,0,1,0,0,0,1,1,0,1,0,NA,NA,77.3333333333333,112.5,NA,NA,NA,20.3333333333333,1,NA,NA,12.5,5.86
"Nymphoides peltata",1,0,0,1,1,0,1,0,0,1,0,0,1,0,0,0,1,1,0,0,1,0,0,0,1,1,0,0,1,1,0,0,1,0,1.075,NA,5,NA,36.5,NA,NA,2,1,NA,0.707826086956522,3.5,0.5
"Nyssa ogeche",0,1,0,1,0,1,0,1,0,1,0,0,1,0,0,0,1,0,0,1,1,0,1,0,0,NA,NA,NA,NA,1,0,0,1,0,20,NA,7.5,NA,NA,NA,2.5,NA,NA,NA,NA,NA,337.77
"Ochroma pyramidale",0,1,0,1,0,1,1,0,0,1,0,0,1,0,0,0,1,1,0,0,1,0,0,0,1,1,0,0,0,1,1,0,1,1,30,3.25,17.5,99999,NA,NA,30,5,1,NA,NA,13.5,7.77
"Octoknema borealis",0,1,0,1,0,1,0,1,0,1,0,0,1,0,NA,NA,NA,NA,NA,NA,NA,NA,NA,NA,NA,NA,NA,NA,NA,1,0,0,NA,NA,25,1.5,5,1,NA,NA,1.55,3,NA,NA,NA,2.4,342.13
"Octomeles sumatrana",0,1,0,1,0,1,0,1,0,1,0,0,1,0,NA,NA,NA,1,0,0,1,0,1,0,0,NA,NA,NA,NA,1,0,0,NA,NA,50,NA,6.5,NA,NA,NA,NA,7,NA,NA,NA,0.5,0.15
"Olea europaea",0,1,0,1,0,1,1,0,0,1,0,0,1,0,1,0,0,0,0,1,1,0,0,0,1,0,1,0,0,1,0,0,1,1,15,1.3,2,2,17.5,24000,1.6,2,NA,NA,0.99,0.325,250.45
"Oryza sativa",1,0,0,1,1,0,1,0,0,0,1,0,0,1,1,0,0,0,1,0,0,1,0,0,1,0,1,0,0,0,0,1,0,1,1,NA,6,1,38,NA,NA,1,NA,NA,0.0175454545454545,0.9,25.68
"Ottelia acuminata",1,0,0,1,1,0,0,1,0,1,0,0,1,0,0,0,1,1,0,0,1,0,0,0,1,NA,NA,NA,NA,NA,NA,NA,1,0,NA,NA,10.5,NA,NA,NA,8,3,NA,NA,NA,2.25,NA
"Oxalis corniculata",1,0,0,1,0,1,1,0,0,1,1,0,0,1,0,0,1,0,1,0,0,1,0,0,1,1,0,0,1,1,0,0,1,0,0.09,NA,10,7,NA,105.37,1.75,5,1,NA,NA,1.2,0.2
"Paeonia californica",1,0,0,1,0,1,1,0,0,1,0,0,1,0,0,0,1,NA,NA,NA,NA,NA,0,0,1,1,0,0,0,1,0,0,1,0,0.55,NA,86,17,NA,61434,3.5,8,0,NA,NA,4,267.9
"Panax quinquefolius",1,0,0,1,0,1,1,0,0,1,0,1,0,0,0,0,1,0,0,1,1,0,1,0,0,NA,NA,NA,NA,1,0,0,0,1,0.35,NA,5,1.5,NA,NA,NA,2,1,NA,0.40952380952381,0.3,27.75
"Pandanus tectorius",0,1,0,1,0,1,0,1,0,1,0,0,1,0,1,0,1,1,0,1,1,0,0,0,1,0,1,0,0,NA,NA,NA,1,1,5,NA,15,1,NA,NA,NA,11.75,NA,NA,0.98,NA,NA
"Pennantia corymbosa",0,1,0,1,0,1,0,1,0,1,0,0,1,0,0,0,1,0,0,1,1,0,0,0,1,NA,NA,NA,NA,1,0,0,1,1,10,0.5,5,0.666666666666667,NA,NA,0.9,3,1,NA,NA,0.75,16.95
"Peritoma arborea",0,1,0,1,0,1,1,0,0,1,1,0,1,0,0,0,1,NA,NA,NA,NA,NA,0,0,1,NA,NA,NA,NA,0,0,1,1,0,1.25,0.9,6,9.5,NA,NA,2.5,1,NA,NA,0.865,1.52,NA
"Perrottetia ovata",0,1,0,1,0,1,0,1,0,1,0,0,1,0,NA,NA,NA,NA,NA,NA,NA,NA,0,0,1,NA,NA,NA,NA,NA,NA,NA,NA,NA,9.6,NA,5,4,NA,NA,NA,2,1,NA,NA,NA,NA
"Petrosavia sakuraii",1,0,0,1,0,1,1,0,0,1,0,0,0,1,0,0,1,NA,NA,NA,NA,NA,0,1,0,1,0,0,0,1,0,0,1,0,0.2,NA,6,999,NA,55,NA,3,NA,NA,NA,0.5,NA
"Petunia axillaris",1,0,0,1,0,1,1,0,0,0,1,0,1,0,0,0,1,0,1,0,0,1,0,0,1,NA,NA,NA,NA,1,0,0,1,0,0.6,0.7,4,NA,NA,NA,1.35,2,NA,NA,0.62,7.75,NA
"Peumus boldus",0,1,0,1,0,1,0,1,0,1,0,0,1,0,0,0,1,0,0,1,1,0,0,0,1,NA,NA,NA,NA,1,0,0,NA,NA,5,2,38.5,1,NA,NA,NA,5,0,NA,NA,NA,1000
"Phelline comosa",0,1,0,1,0,1,0,1,0,1,0,0,1,0,NA,NA,NA,NA,NA,NA,NA,NA,0,0,1,NA,NA,NA,NA,1,0,0,1,0,NA,NA,4,1,NA,NA,NA,4.5,1,NA,NA,0.65,NA
"Phoenix dactylifera",0,1,0,1,0,1,0,1,0,1,0,0,1,0,1,0,1,0,0,1,1,0,0,0,1,0,1,0,0,1,0,0,1,1,30,NA,6,NA,NA,NA,NA,3,NA,NA,NA,1.6,1076.15
"Phormium tenax",1,0,0,1,0,1,1,0,0,1,0,0,1,0,0,0,1,1,0,0,1,0,0,1,1,1,0,0,0,0,0,1,1,0,5,2.5,6,NA,NA,NA,7,3,NA,NA,NA,3.75,7.63
"Phragmites australis",1,0,0,1,1,0,1,0,0,1,0,0,1,0,1,0,0,1,0,0,1,0,0,0,1,0,1,0,0,NA,NA,NA,0,1,5.3,NA,2.5,1,NA,NA,NA,3,NA,NA,NA,0.175,0.1
"Phryma leptostachya",1,0,0,1,0,1,1,0,0,1,0,NA,NA,NA,0,0,1,NA,NA,NA,NA,NA,0,0,1,NA,NA,NA,NA,0,0,1,1,0,0.7,NA,4,1,38,2535.5,NA,2,1,NA,NA,NA,5.92
"Phyllanthus niruri",1,0,0,1,0,1,0,0,1,0,1,0,1,0,NA,NA,NA,1,0,0,1,0,0,0,1,NA,NA,NA,NA,1,0,0,1,0,0.45,0.15,3,NA,NA,NA,NA,3,NA,NA,NA,0.1,NA
"Physena madagascariensis",0,1,0,1,0,1,0,1,0,1,0,0,1,0,1,0,0,NA,NA,NA,NA,NA,0,0,1,0,1,0,0,1,0,0,0,1,7.5,2.5,10,1,NA,NA,3,2,1,NA,NA,NA,NA
"Picramnia polyantha",0,1,0,1,0,1,0,1,0,1,0,0,1,0,NA,NA,NA,0,0,1,1,0,0,0,1,1,0,0,0,1,0,0,1,0,NA,NA,5.5,2,NA,NA,0.5,2,1,NA,NA,NA,NA
"Pinguicula alpina",1,0,0,1,0,1,1,0,0,1,0,0,1,0,0,0,1,0,1,0,0,1,NA,NA,NA,NA,NA,NA,NA,NA,NA,NA,1,0,0.085,NA,NA,75,NA,800,NA,2,NA,NA,NA,1.3,0.02
"Piper amalago",0,1,0,1,0,1,1,0,0,1,0,0,1,0,0,0,1,0,0,1,1,0,NA,NA,NA,NA,NA,NA,NA,1,0,0,1,0,3,NA,5,NA,NA,NA,NA,NA,NA,NA,NA,NA,1.36
"Piper arboreum",0,1,0,1,0,1,0,0,1,1,0,0,1,0,1,0,1,0,0,1,1,0,NA,NA,NA,0,1,0,0,1,0,0,1,0,5,0.5,4,NA,NA,NA,8.55,NA,NA,NA,NA,0.1,1.01
"Pitcairnia albiflos",1,0,0,1,0,1,1,0,0,1,0,0,1,1,0,0,1,NA,NA,NA,NA,NA,0,1,0,1,0,0,0,1,0,0,1,0,0.7,NA,6,NA,NA,NA,NA,3,NA,NA,0.81,5,NA
"Pittosporum dasycaulon",0,1,0,1,0,1,1,0,0,1,0,0,1,0,0,0,1,0,1,0,0,1,0,0,1,0,0,0,1,0,0,1,1,0,8,12.5,5,5.5,45,2600,NA,NA,NA,NA,NA,1.14,NA
"Plantago lanceolata",1,0,0,1,0,1,1,0,0,1,0,0,1,0,1,0,1,0,1,0,0,1,0,0,1,0,1,0,1,1,0,0,1,1,0.13,NA,4,NA,17.5,25119,NA,2,1,NA,0.99,0.4,1.35
"Platea latifolia",0,1,0,1,0,1,0,1,0,1,0,0,1,0,NA,NA,NA,0,0,1,1,0,0,0,1,NA,NA,NA,NA,1,0,0,0,1,15.5,1.75,5,1,NA,NA,3.5,2,1,NA,NA,0.2,NA
"Plocosperma buxifolium",0,1,0,1,0,1,0,1,0,1,0,0,1,0,NA,NA,NA,0,0,1,1,0,0,0,1,NA,NA,NA,NA,0,0,1,1,0,3.5,NA,5,1.5,NA,NA,7,2,1,NA,NA,0.8,20.72
"Plumbago auriculata",0,1,0,1,0,1,1,0,0,1,0,0,1,0,0,0,1,0,0,1,1,0,0,0,1,1,0,0,0,1,0,0,1,0,0.85,NA,5,1,68.5,1295,NA,1,NA,NA,NA,3.3,14.75
"Podophyllum peltatum",1,0,0,1,0,1,1,0,0,1,0,0,1,0,0,0,1,0,0,1,1,0,0,0,1,NA,NA,NA,NA,1,0,0,1,0,0.45,NA,15,43.3,38,NA,NA,1,NA,NA,NA,5,NA
"Poeppigia procera",0,1,0,1,0,1,1,0,0,1,0,0,1,0,0,0,1,NA,NA,NA,NA,NA,0,0,1,0,0,0,1,1,0,0,NA,NA,15,NA,10,8,NA,NA,NA,1,NA,NA,NA,NA,NA
"Polycarpon tetraphyllum",1,0,0,1,0,1,1,0,0,0,1,NA,NA,NA,0,0,1,0,0,1,1,0,0,0,1,NA,NA,NA,NA,1,0,0,1,0,0.225,NA,2.75,NA,17.5,NA,NA,NA,NA,NA,NA,0.2,0.07
"Polygala lewtonii",1,0,0,1,0,1,1,0,0,1,0,1,0,0,0,0,1,0,0,1,0,1,0,0,1,1,0,0,0,0,0,1,1,0,0.2,NA,8,1,NA,NA,NA,2,NA,NA,NA,0.7,NA
"Populus alba",0,1,0,1,0,1,0,1,0,1,0,0,1,0,1,0,0,1,0,0,1,0,0,0,1,0,1,0,0,1,0,0,0,1,20,NA,9,NA,NA,NA,NA,NA,NA,NA,NA,NA,0.32
"Portulaca oleracea",1,0,0,1,0,1,1,0,0,0,1,0,0,1,0,0,1,0,0,1,1,0,0,1,0,NA,NA,NA,NA,1,0,0,1,0,0.3,NA,9.5,60,57.5,NA,NA,4.5,1,NA,NA,0.75,0.14
"Posidonia australis",1,0,0,1,1,0,1,0,0,1,0,1,0,0,1,0,0,1,0,0,1,0,0,0,1,0,1,0,0,NA,NA,NA,0,1,0.3,NA,3,1,528,980000,NA,1,NA,NA,0.535,NA,NA
"Posoqueria latifolia",0,1,0,1,0,1,1,0,0,1,0,0,1,0,0,0,1,0,0,1,1,0,1,0,0,1,0,0,0,0,0,1,1,0,14,5.5,5,NA,75.5,NA,5,2,1,NA,NA,NA,26.63
"Potamogeton berchtoldii",1,0,0,1,1,0,0,0,1,1,1,NA,NA,NA,1,0,0,1,0,0,1,0,NA,NA,NA,0,1,0,0,NA,NA,NA,0,1,NA,0.165,4,1,NA,NA,0.24,4,0,NA,NA,NA,1.11
"Primula sieboldii",1,0,0,1,0,1,1,0,0,1,0,0,1,0,0,0,1,0,1,0,0,1,0,0,1,1,0,0,0,1,0,0,1,0,0.185,NA,5,13,NA,NA,NA,5,1,NA,NA,1.5,0.24
"Prionotes cerinthoides",1,0,1,0,0,1,1,0,0,1,0,NA,NA,NA,0,0,1,NA,NA,NA,NA,NA,0,0,1,1,0,0,0,1,0,0,1,0,1,NA,5,NA,NA,NA,NA,5,1,NA,NA,2.225,NA
"Prunus persica",0,1,0,1,0,1,1,0,0,1,0,0,1,0,0,0,1,0,0,1,1,0,0,0,1,1,0,0,0,1,0,0,1,0,7,NA,46,2,38,NA,6,1,NA,NA,0.41,1.3,2792.31
"Putranjiva roxburghii",0,1,0,1,0,1,0,1,0,1,0,0,1,0,1,0,0,NA,NA,NA,NA,NA,0,0,1,0,1,0,0,1,0,0,1,1,12,NA,3.16666666666667,2,NA,NA,NA,3,1,NA,NA,0.625,568.18
"Qualea grandiflora",0,1,0,1,0,1,1,0,0,1,0,0,1,0,0,0,1,1,0,0,1,0,0,0,1,NA,NA,NA,NA,0,0,1,1,0,12,NA,1,56,NA,NA,NA,3,1,NA,0.99,2,NA
"Quercus rubra",0,1,0,1,0,1,0,0,1,1,0,0,1,0,1,0,0,0,0,1,1,0,1,0,0,0,1,0,0,1,0,0,0,1,30,NA,6,2,NA,NA,NA,3,NA,NA,1,NA,3143.26
"Quinchamalium chilense",1,0,0,1,0,1,1,0,0,1,0,NA,NA,NA,0,0,1,NA,NA,NA,NA,NA,1,0,0,1,0,0,0,1,0,0,1,0,0.2125,NA,5,1,22.275,NA,0.2,1,NA,0.9,NA,1.2025,2.63
"Quintinia hyehenensis",0,1,0,1,0,1,0,1,0,1,0,0,1,0,NA,NA,NA,NA,NA,NA,NA,NA,1,0,0,NA,NA,NA,NA,NA,NA,NA,1,0,6.25,0.2,5,NA,NA,NA,0.2,4.5,NA,NA,NA,0.5,NA
"Rafflesia keithii",NA,NA,NA,NA,NA,NA,0,1,0,1,0,0,1,0,0,0,1,0,0,1,1,1,1,0,0,NA,NA,NA,NA,1,0,0,1,1,NA,NA,40,NA,NA,NA,NA,NA,NA,NA,NA,80,NA
"Ranunculus acris",1,0,0,1,0,1,1,0,0,1,0,0,1,0,0,0,1,0,0,1,1,0,0,0,1,1,0,0,1,1,0,0,1,0,0.575,NA,60,1,17.5,NA,0.3,20,0,NA,NA,2.15,1.72
"Ravenala madagascariensis",0,1,0,1,0,1,1,0,0,1,0,1,0,0,0,0,1,0,0,1,1,0,1,0,0,1,0,0,1,0,0,1,1,0,13.5,NA,6,12.5,NA,NA,NA,3,1,NA,NA,19,243.52
"Reseda lutea",1,0,0,1,0,1,1,0,0,1,1,0,1,0,0,0,1,0,0,1,1,0,0,0,1,NA,NA,NA,NA,0,0,1,1,1,40,NA,20,NA,NA,NA,NA,3,NA,NA,NA,0.6,0.76
"Rhexia virginica",1,0,0,1,0,1,1,0,0,1,0,NA,NA,NA,0,0,1,NA,NA,NA,NA,NA,NA,NA,NA,NA,NA,NA,NA,1,0,0,1,0,0.75,NA,8,999,NA,668,0.6,4,NA,NA,NA,3.5,0.02
"Rhizophora stylosa",0,1,0,1,0,1,1,0,0,1,0,1,0,0,1,0,0,1,0,0,1,0,1,0,0,0,1,0,0,1,0,0,1,1,13.5,NA,8,2,NA,NA,4,2,1,NA,0.25,NA,32835
"Ribes aureum",0,1,0,1,0,1,1,0,0,1,0,0,1,0,0,0,1,NA,NA,NA,NA,NA,1,0,0,1,0,0,0,1,0,0,1,0,2,1,5,NA,38,NA,NA,2,NA,NA,NA,1.6,1.67
"Roridula dentata",0,1,0,1,0,1,1,0,0,1,0,0,0,1,0,1,1,0,1,0,0,1,0,0,1,0,1,0,0,1,0,0,1,1,2,NA,5,1,NA,NA,0.5,3,1,NA,0.0142857142857143,2.5,NA
"Roridula gorgonias",1,1,0,1,0,1,1,0,0,1,0,0,0,1,0,1,1,0,1,0,0,1,0,1,0,0,1,0,0,1,0,0,1,1,1,NA,5,3,75.5,NA,0.5,3,1,NA,0.0266666666666667,2.5,1.14
"Roupala montana",0,1,0,1,0,1,1,0,0,1,0,0,1,0,0,0,1,1,0,0,1,0,0,0,1,1,0,0,0,1,0,0,1,0,6,1.15,4,2,NA,NA,2.75,1,NA,NA,NA,0.775,47
"Rourea induta",0,1,0,1,0,1,1,0,0,1,0,0,1,0,0,0,1,NA,NA,NA,NA,NA,NA,NA,NA,NA,NA,NA,NA,NA,NA,NA,NA,NA,4,NA,10,NA,NA,NA,NA,NA,NA,NA,NA,1.1,NA
"Ruellia ciliatiflora",1,1,0,1,0,1,1,0,0,1,0,1,0,0,0,0,1,NA,NA,NA,NA,NA,NA,NA,NA,NA,NA,NA,NA,0,0,1,1,0,0.525,NA,4,NA,NA,NA,2.5,NA,NA,NA,NA,5.5,1.99
"Ruta graveolens",0,1,0,1,0,1,1,0,0,1,0,NA,NA,NA,0,0,1,0,1,0,0,1,0,0,1,1,0,0,1,1,0,0,1,0,1,NA,9,4,25.5,304,0.75,4,1,NA,NA,NA,2.03
"Sagina procumbens",1,0,0,1,0,1,1,0,0,1,0,0,0,1,0,1,1,0,1,0,0,1,0,0,1,1,0,0,0,1,0,0,0,1,0.2,NA,4,28,NA,NA,0.275,4,NA,NA,NA,0.2,0.02
"Sagittaria latifolia",1,0,0,1,0,1,0,1,1,1,0,0,1,0,0,0,1,1,0,0,1,0,0,0,1,NA,NA,NA,NA,1,0,0,1,0,1,NA,30,NA,NA,NA,NA,6,NA,NA,NA,4,0.56
"Salpiglossis sinuata",1,0,0,1,0,1,1,0,0,0,1,0,1,0,0,1,1,0,1,0,0,1,0,0,1,NA,NA,NA,NA,0,0,1,1,0,1,NA,4,NA,67.5,NA,0.7,2,1,0.335,NA,5.5,0.1
"Santalum spicatum",0,1,0,1,0,1,1,0,0,1,0,0,1,0,0,0,1,0,0,1,1,0,1,0,0,1,0,1,0,1,0,0,1,1,6,NA,4,1,NA,NA,NA,3,NA,NA,0.88,0.6,1556.12
"Sarracenia purpurea",1,0,0,1,0,1,1,0,0,1,0,0,1,0,0,0,1,0,1,0,0,1,0,0,1,1,0,0,0,1,0,0,1,1,0.25,1.5,65,282,NA,NA,NA,5,1,NA,1,6,1.76
"Sauvagesia rhodoleuca",0,1,0,1,0,1,1,0,0,1,0,NA,NA,NA,NA,NA,NA,1,0,0,1,0,0,0,1,NA,NA,NA,NA,NA,NA,NA,1,0,1.15,NA,5,NA,NA,NA,NA,3,NA,NA,0.2,0.525,NA
"Saxifraga cernua",1,0,0,1,0,1,1,0,0,1,0,0,1,0,0,0,1,1,0,1,1,0,0,1,0,1,0,0,0,1,0,0,1,0,0.155,NA,10,232,NA,218,NA,2,0.7,NA,NA,15,NA
"Scaevola montana",0,1,0,1,0,1,1,0,0,NA,NA,0,1,0,0,0,1,0,0,1,1,0,NA,NA,NA,1,0,0,0,NA,NA,NA,1,0,NA,NA,NA,NA,NA,NA,NA,NA,NA,NA,NA,NA,NA
"Schinus molle",0,1,0,1,0,1,0,1,0,1,0,0,1,0,0,0,1,1,0,1,1,0,0,0,1,NA,NA,NA,NA,1,0,0,1,1,8.5,0.55,10,1,30.75,NA,0.55,3,1,NA,NA,NA,30.75
"Schisandra chinensis",1,0,1,0,0,1,0,0,1,1,0,1,0,0,0,0,1,NA,NA,NA,NA,NA,0,0,1,NA,NA,NA,NA,1,0,0,1,0,9,30.5,5.5,2.5,38,NA,0.625,27,0,NA,0.745714285714286,NA,6.88
"Schizanthus grahamii",1,0,0,1,0,1,1,0,0,0,1,1,0,0,0,0,1,NA,NA,NA,NA,NA,0,0,1,NA,NA,NA,NA,0,0,1,1,0,0.5,NA,2,NA,NA,NA,1,2,1,NA,0.538,2.9,1.23
"Scleranthus annuus",1,0,0,1,0,1,1,1,0,0,1,0,1,1,0,1,1,0,1,0,0,1,0,0,1,1,1,0,0,1,0,0,1,1,0.135,0.1,3.5,1,NA,300,0.41,2,1,NA,NA,0.15,1.21
"Senecio vulgaris",1,0,0,1,0,1,1,0,0,0,1,NA,NA,NA,0,0,1,1,0,0,1,0,1,0,0,NA,NA,NA,NA,1,0,0,1,0,NA,NA,5,0.5,NA,NA,NA,2,NA,NA,NA,0.55,0.21
"Sesamum indicum",1,0,0,1,0,1,1,0,0,0,1,1,0,0,0,0,1,0,1,0,0,1,0,0,1,1,0,0,0,0,0,1,1,0,1.2,0.225,4,32.5,75.5,NA,0.65,2,1,NA,NA,2.4,2.21
"Sextonia rubra",0,1,0,1,0,1,1,0,0,1,0,0,1,0,0,0,1,0,1,1,1,1,0,0,1,0,0,1,0,1,0,0,1,0,40,NA,9,1,NA,NA,NA,1,NA,NA,0.97,NA,NA
"Silene vulgaris",1,0,0,1,0,1,1,0,0,1,0,1,0,0,0,0,1,1,0,0,1,0,0,0,1,1,0,1,0,1,0,1,1,0,0.6,NA,10,NA,38,218,1.3,NA,1,NA,0.438888888888889,2.1,1.22
"Simmondsia chinensis",0,1,0,1,0,1,0,1,0,1,0,0,1,0,1,0,0,0,0,1,1,0,0,0,1,0,1,0,0,1,0,0,1,1,2.5,NA,10,NA,NA,NA,NA,3,1,NA,NA,0.4,546.9
"Sinojackia xylocarpa",0,1,0,1,0,1,1,0,0,1,0,0,1,0,0,0,1,NA,NA,NA,NA,NA,0,1,0,NA,NA,NA,NA,1,0,0,1,0,6,NA,13,7,NA,NA,2,3,1,NA,0.992,1.75,NA
"Solanum dulcamara",1,0,1,1,0,1,1,0,0,1,0,1,0,0,0,0,1,0,0,1,1,0,0,0,1,0,0,0,1,1,0,0,1,0,1.15,0.875,5,15,17.5,NA,1.25,2,1,NA,0.33,1.25,26.44
"Souroubea guianensis",0,1,1,0,0,1,1,0,0,NA,NA,0,1,0,0,0,1,0,0,1,1,0,NA,NA,NA,1,0,1,0,NA,NA,NA,1,0,NA,1.75,5,NA,NA,NA,NA,NA,NA,NA,NA,1.4,NA
"Spergularia marina",1,0,0,1,0,1,1,0,0,0,1,0,0,1,0,1,0,1,0,0,1,0,0,0,1,1,0,0,0,1,0,0,1,1,0.2,0.46,4.33333333333333,114,NA,34,0.46,NA,NA,NA,0.015,0.65,0.05
"Spigelia marilandica",1,0,0,1,0,1,1,0,0,1,0,NA,NA,NA,0,0,1,0,1,0,0,1,0,0,1,NA,NA,NA,NA,1,0,0,1,1,0.45,NA,5,NA,NA,NA,NA,2,1,NA,NA,3.75,NA
"Spiranthes cernua",1,0,0,1,0,1,1,0,0,1,0,0,1,1,0,1,1,1,0,0,1,0,1,0,0,NA,NA,NA,NA,0,0,1,1,1,0.3,NA,1,2566.5,38,NA,NA,3,1,NA,NA,1.5,0.004
"Spondias tuberosa",0,1,0,1,0,1,1,0,0,1,0,0,1,0,0,0,1,0,0,1,1,0,NA,NA,NA,NA,NA,NA,NA,1,0,0,1,0,6,4,10,1,NA,NA,NA,4.5,NA,NA,0.87,NA,1400
"Staphylea trifolia",0,1,0,1,0,1,1,0,0,1,0,0,1,0,0,0,1,1,0,0,1,0,0,0,1,1,0,0,1,1,0,0,1,1,3.1225,NA,5,9,NA,NA,NA,2.5,1,NA,NA,0.83,50.64
"Stellaria media",1,0,0,1,0,1,1,0,0,1,1,0,0,1,0,1,1,0,1,0,0,1,0,0,1,1,0,0,0,1,0,0,1,1,0.2,0.4,5.5,NA,38,50,0.4,NA,NA,NA,NA,0.525,0.38
"Sterculia apetala",0,1,0,1,0,1,0,0,1,1,0,0,1,0,0,0,1,0,0,1,1,0,0,0,1,NA,NA,NA,NA,1,0,0,1,1,35,4,15,11,NA,NA,6,5,0.2,NA,NA,2,1898.5
"Stylidium graminifolium",1,0,0,1,0,1,1,0,0,1,0,0,1,0,0,0,1,0,1,0,0,1,1,0,0,NA,NA,NA,NA,0,0,1,1,0,2.025,0.85,2,90,NA,NA,0.85,2,1,NA,NA,1,0.18
"Swietenia macrophylla",0,1,0,1,0,1,0,0,1,1,0,0,1,0,0,0,1,1,0,0,1,0,0,0,1,NA,NA,NA,NA,1,0,0,1,1,30,9,10,14,NA,NA,15,5,1,NA,0.9525,1,555.13
"Syringa vulgaris",0,1,0,1,0,1,1,0,0,1,0,NA,NA,NA,0,0,1,0,0,1,1,0,0,0,1,1,0,0,1,1,0,0,1,0,6,0.5,2,2,38,NA,1.25,2,1,NA,NA,1,5.57
"Tacca chantrieri",1,0,0,1,0,1,1,0,0,1,0,0,0,1,0,1,1,0,0,1,1,0,1,0,0,NA,NA,NA,NA,1,0,0,1,1,0.75,NA,6,285,NA,49.5,NA,3,NA,NA,0.135,1.75,5.69
"Tacca leontopetaloides",1,0,0,1,0,1,1,0,0,1,0,NA,NA,NA,0,0,1,NA,NA,NA,NA,NA,1,0,0,NA,NA,NA,NA,1,0,0,1,1,1,NA,6,23,NA,137,NA,3,NA,NA,NA,NA,22.93
"Talinum paniculatum",1,0,0,1,0,1,1,0,0,1,0,NA,NA,NA,0,0,1,0,1,0,0,1,0,0,1,NA,NA,NA,NA,1,0,0,1,0,0.65,0.4,15.75,19,38,136,0.4,3,NA,NA,NA,0.84,0.58
"Tectona grandis",0,1,0,1,0,1,1,0,0,1,0,0,1,0,0,0,1,1,0,0,1,0,0,0,1,1,0,0,0,1,0,0,1,0,40,1.5,6,NA,NA,3207.5,1.5,NA,NA,NA,0.975,0.55,696.37
"Ternstroemia crassifolia",0,1,0,1,0,1,NA,NA,NA,1,0,0,1,0,0,0,1,0,0,1,1,0,NA,NA,NA,NA,NA,NA,NA,NA,NA,NA,NA,NA,NA,NA,NA,NA,NA,NA,NA,2,NA,NA,NA,1.25,NA
"Tetracentron sinense",0,1,0,1,0,1,1,0,0,1,0,1,0,0,1,0,1,1,0,0,1,0,0,1,0,1,1,0,1,1,0,0,1,1,40,0.325,4,6,NA,720,0.375,4,0.8,NA,NA,0.15,0.15
"Tetratheca aphylla",0,1,0,1,0,1,1,0,0,1,0,0,1,0,0,0,1,0,1,1,0,1,0,0,1,0,0,0,1,NA,NA,NA,1,0,1.9,NA,10,1,NA,NA,0.34,3,NA,NA,1,0.9,NA
"Tetroncium magellanicum",1,0,0,1,1,0,0,1,0,1,0,0,1,0,1,0,0,0,0,1,1,0,0,0,1,0,1,0,0,0,1,0,1,0,0.2,1,4,1,NA,NA,0.7,4,0.3,NA,NA,0.9,NA
"Thalictrum minus",1,0,0,1,0,1,1,0,0,1,0,NA,NA,NA,1,0,1,0,1,0,0,1,0,0,1,0,1,0,1,1,0,0,1,1,0.825,0.325,12.5,1,38,82439.1,0.325,7.75,0,NA,NA,0.7,2.08
"Theobroma cacao",0,1,0,1,0,1,1,0,0,1,0,0,1,0,0,0,1,0,0,1,1,0,0,0,1,1,0,0,0,1,0,0,1,0,18,NA,5,NA,17.5,NA,17,5,1,NA,0.7575,1,1892.8
"Thymelaea hirsuta",0,1,0,1,0,1,0,1,1,1,0,0,1,0,1,0,1,0,0,1,1,0,0,0,1,0,1,0,0,1,0,0,0,1,1.6,NA,8,1,28,NA,NA,1,NA,NA,NA,2.88666666666667,3.07
"Titanotrichum oldhamii",1,0,0,1,0,1,1,0,0,1,0,1,1,0,0,0,1,NA,NA,NA,NA,NA,0,0,1,NA,NA,NA,NA,0,0,1,1,0,0.35,NA,4,NA,NA,NA,NA,NA,NA,NA,NA,3.5,NA
"Trachelium caeruleum",1,0,0,1,0,1,1,0,0,1,0,NA,NA,NA,0,0,1,0,1,0,0,1,1,0,0,1,0,0,1,1,0,0,1,0,1,NA,5,NA,23,NA,NA,NA,NA,NA,NA,0.5,0.01
"Tragopogon dubius",1,0,0,1,0,1,1,0,0,0,1,0,0,1,0,0,1,1,0,1,1,0,1,0,0,NA,NA,NA,NA,0,0,1,1,0,0.7,0.155,5,1,38,NA,2.6,2,1,NA,0.15,NA,9.17
"Tribulus terrestris",1,0,0,1,0,1,1,0,0,0,1,NA,NA,NA,0,0,1,0,0,1,1,0,0,0,1,1,0,0,1,1,0,0,1,0,0.35,1,10,20,45.5,398,0.5,5,1,NA,NA,0.9,16.53
"Trichilia emetica",0,1,0,1,0,1,0,1,0,1,0,0,1,0,0,0,1,0,0,1,1,0,0,0,1,NA,NA,NA,NA,1,0,0,NA,NA,30,NA,10,2,NA,NA,3,3,1,NA,NA,1.6,701.96
"Trillium erectum",1,0,0,1,0,1,1,0,0,1,0,0,1,0,0,0,1,0,0,1,0,1,0,0,1,NA,NA,NA,NA,1,0,0,1,1,0.3,1.25,6,NA,NA,537,1.3,3,NA,NA,0.53,6.5,NA
"Trithuria submersa",1,0,0,1,1,0,1,0,1,0,1,0,0,1,1,0,0,0,1,0,0,1,0,0,1,0,1,0,0,1,0,0,1,0,0.075,NA,1,1,NA,24,NA,1,NA,NA,NA,1,NA
"Trochocarpa laurina",0,1,0,1,0,1,1,0,0,1,0,0,1,0,0,0,1,1,0,1,1,0,0,0,1,NA,NA,NA,NA,1,0,0,1,0,13,0.7,10,1,NA,NA,NA,10,1,NA,NA,0.25,24.63
"Tropaeolum majus",1,0,1,1,0,1,1,0,0,1,1,NA,NA,NA,0,0,1,1,0,0,1,0,0,0,1,1,0,0,1,0,0,1,1,0,2,1.75,8,NA,17.5,63480.5,1.75,NA,NA,NA,NA,4.45,146.7
"Tropaeolum tricolor",1,0,0,1,0,1,1,0,0,1,0,NA,NA,NA,0,0,1,NA,NA,NA,NA,NA,0,0,1,NA,NA,NA,NA,0,0,1,1,0,2,NA,8,1,NA,NA,NA,3,1,NA,NA,3,23.5
"Turnera ulmifolia",0,1,0,1,0,1,1,0,0,1,0,0,1,0,0,0,1,0,0,1,0,1,0,0,1,NA,NA,NA,NA,1,0,0,1,0,0.875,NA,5,504.5,75.5,NA,NA,3,1,NA,0.187692307692308,5,1.12
"Typha latifolia",1,0,0,1,0,1,0,0,1,1,0,NA,NA,NA,1,0,0,1,0,0,1,0,0,0,1,0,1,0,0,NA,NA,NA,0,1,2.25,NA,2,1,38,NA,1.25,1,NA,NA,NA,0.55,0.13
"Urtica dioica",1,0,0,1,0,1,0,1,0,1,0,0,1,0,1,0,0,0,0,1,1,0,0,0,1,0,1,0,0,1,1,0,0,1,1.75,0.08,4,1,17.5,NA,0.12,1,NA,NA,NA,0.14,0.16
"Vaccinium uliginosum",0,1,0,1,0,1,1,0,0,1,0,0,1,1,0,0,1,0,0,1,1,0,1,0,0,1,0,0,0,1,0,0,1,1,0.6,0.7,9,NA,48.25,316,0.7,3.5,1,NA,NA,0.6,0.28
"Valeriana officinalis",1,0,0,1,0,1,1,0,0,1,0,0,1,0,0,0,1,1,0,0,1,0,1,0,0,1,0,0,1,0,1,0,1,0,0.75,0.45,3,1,38,NA,0.45,3,NA,NA,0.875,0.5,1.24
"Vellozia squamata",0,1,0,1,0,1,1,0,0,1,0,0,1,0,0,0,1,NA,NA,NA,NA,NA,NA,NA,NA,NA,NA,NA,NA,1,0,0,1,0,NA,NA,6,999,NA,NA,5,NA,NA,NA,NA,15,NA
"Verbascum thapsus",1,0,0,1,0,1,1,0,0,0,1,1,0,0,0,0,1,0,0,1,1,0,0,0,1,1,0,0,1,0,0,1,1,0,2,NA,5,NA,NA,NA,0.85,2,1,NA,0.676,1.5,0.1
"Veronica anagallis-aquatica",1,0,0,1,0,1,1,0,0,1,0,0,0,1,1,0,1,1,0,0,1,0,0,0,1,0,1,0,0,0,0,1,1,0,0.55,NA,2,NA,38,43,0.3,2,NA,0.205,NA,0.625,0.06
"Viburnum rufidulum",0,1,0,1,0,1,1,0,0,1,0,0,1,0,0,0,1,0,0,1,1,0,1,0,0,0,0,0,1,1,0,0,1,0,6,NA,5,NA,NA,NA,NA,NA,NA,NA,NA,0.63,81.11
"Viola pubescens",1,0,0,1,0,1,1,0,0,1,0,1,0,0,0,1,1,0,1,1,0,1,0,0,1,NA,NA,NA,NA,0,0,1,1,0,0.275,1,5,9,NA,NA,1.6,3,1,NA,0.665,2.6,1.98
"Vitex negundo",0,1,0,1,0,1,1,0,0,1,0,0,1,0,0,0,1,NA,NA,NA,NA,NA,NA,NA,NA,1,0,0,0,0,0,1,1,0,1.5,NA,4,2,NA,1015,NA,2,NA,NA,0.95,0.55,22.2
"Vitis labrusca",0,1,1,0,0,1,1,0,0,1,0,NA,NA,NA,0,0,1,0,0,1,1,0,0,0,1,NA,NA,NA,NA,1,0,0,0,1,16,1.2,5,NA,NA,NA,NA,NA,NA,NA,NA,0.2,54.65
"Viviania marifolia",1,0,0,1,0,1,1,0,0,1,0,0,1,0,0,0,1,1,0,1,1,0,0,0,1,1,0,0,0,1,0,0,1,0,4,NA,10,2,30,NA,NA,3,1,NA,NA,0.7,1.56
"Vriesea carinata",1,0,0,1,0,1,1,0,0,1,0,1,0,0,0,0,1,1,0,0,1,0,0,0,1,NA,NA,NA,NA,1,0,1,1,0,0.3,NA,6,NA,NA,NA,NA,3,NA,NA,0.4575,4,0.24
"Warburgia ugandensis",0,1,0,1,0,1,1,0,0,1,0,0,1,0,0,0,1,0,0,1,1,0,0,0,1,NA,NA,NA,NA,1,0,0,1,1,23.5,5,10,5.5,NA,NA,NA,5,1,NA,0.89,2,5780
"Wurmbea biglandulosa",1,0,0,1,0,1,1,0,0,1,0,0,1,0,0,0,1,0,1,0,0,1,0,0,1,1,0,0,0,1,0,0,1,0,0.1675,NA,6,21.5,NA,NA,NA,3,NA,NA,0.856666666666667,1.6375,0.87
"Xanthosoma sagittifolium",1,0,0,1,0,1,0,0,1,1,0,NA,NA,NA,0,0,1,0,1,1,1,1,0,0,1,0,0,1,0,NA,NA,NA,1,0,2,NA,5,35,NA,390.5,NA,4.25,1,NA,NA,NA,NA
"Ximenia americana",0,1,0,1,0,1,1,0,0,1,0,0,1,0,0,0,1,1,0,1,1,0,0,0,1,NA,NA,NA,NA,1,0,0,1,1,5,NA,7.33333333333333,1,NA,NA,NA,4,NA,NA,NA,1.2,866.86
"Zea mays",1,0,0,1,0,1,0,0,1,0,1,0,1,0,1,0,0,0,0,1,1,0,0,0,1,0,1,0,0,NA,NA,NA,0,1,3.25,0.45,3,1,75.5,14818,0.725,1,NA,NA,0.97,0.745,305.7
"Zelkova serrata",0,1,0,1,0,1,1,0,1,1,0,0,1,0,1,0,0,1,0,0,1,0,0,0,1,0,1,0,0,NA,NA,NA,0,1,30,NA,7,1,NA,NA,0.3,2,NA,NA,1,0.9,19.1
"Zostera marina",1,0,0,1,1,0,0,0,1,1,0,1,0,0,1,0,0,1,0,0,1,0,NA,NA,NA,0,1,0,0,NA,NA,NA,0,1,0.7,NA,1,1,NA,NA,0.3375,2,NA,0.45,0.735,0.6,3.55
