"","Woodiness","Climbing","Aquatic","SexualSystem","Lifespan","Mating","Pollination","Dispersal","FlowerSex","OvaryPosition","FloralReward","FlowerSymmetry","Showiness","Flowerlength","Maximumverticalheight","Numberoffertilestamens","Numberofovulesperfunctionalcarpel","Pollensize","Pollenovuleratio","Numberofstructuralcarpels","Fusionofovaries","Fruitlength","Fruitwidth","Lengthofgynoecium","flowerSize"
"Abolboda pulchella","herbaceous","non-climbing","non-aquatic","monomorphic","long",NA,"biotic",NA,"bisexual","superior","nectar","zygomorphic","bright",0.6,0.3,3,10.6,90,47,NA,NA,NA,NA,NA,0.6
"Achatocarpus praecox","woody","non-climbing","non-aquatic","dimorphic","long","outcrossing","biotic","biotic","unisexual","superior",NA,"actinomorphic","bright_dull",NA,NA,16,1,NA,NA,2,1,NA,NA,NA,0.65
"Acorus calamus","herbaceous","non-climbing","non-aquatic","monomorphic","long","outcrossing","biotic","abiotic","bisexual","superior","other","zygomorphic","bright_dull",0.35,1.75,6,4.5,21,NA,3,1,0.425,0.25,0.14,0.35
"Actinidia chinensis","woody","climbing","non-aquatic","dimorphic","long","outcrossing","abiotic_biotic","biotic","unisexual","superior","none_pollen","actinomorphic","bright",1.5,5,155,15,NA,NA,29,1,NA,NA,NA,5.15
"Aerva javanica","herbaceous_woody","non-climbing","non-aquatic","dimorphic","long","outcrossing","biotic","abiotic","unisexual","superior",NA,"actinomorphic","bright",0.2,1,5,1,NA,NA,2.5,1,NA,NA,NA,0.2
"Aextoxicon punctatum","woody","non-climbing","non-aquatic","dimorphic","long","outcrossing","biotic","biotic","unisexual","superior",NA,"actinomorphic","bright",NA,NA,5.5,2,NA,NA,1,NA,NA,NA,NA,0.8
"Agalinis neoscotica","herbaceous","non-climbing","non-aquatic","monomorphic","short","mixed","biotic",NA,"bisexual","superior",NA,"zygomorphic","bright",1.15,NA,4,NA,NA,123.5,2,NA,NA,NA,NA,1.15
"Ailanthus altissima","woody","non-climbing","non-aquatic","dimorphic","long","outcrossing","biotic","abiotic","unisexual","superior","nectar","actinomorphic","bright_dull",NA,30,10,1,31.5,NA,5,NA,4.05,1,NA,0.8
"Ainsliaea cordifolia","herbaceous","non-climbing","non-aquatic","monomorphic","long",NA,"biotic","abiotic","bisexual","inferior",NA,"actinomorphic","bright",NA,NA,NA,NA,NA,NA,NA,NA,NA,NA,NA,NA
"Ajuga reptans","herbaceous","non-climbing","non-aquatic","dimorphic_monomorphic","long",NA,"biotic","biotic","bisexual_unisexual","superior","nectar_pollen","zygomorphic","bright",0.8,0.275,4,NA,22.95,661.5,2,1,NA,NA,NA,1.27
"Akebia quinata","woody","climbing","non-aquatic","monomorphic","long","outcrossing","biotic","autonomous","unisexual","superior","none_pollen","actinomorphic","bright",0.825,9.5,6,150,17.5,NA,6,0,6.875,3.725,NA,1.1
"Albizia julibrissin","woody","non-climbing","non-aquatic","monomorphic","long","outcrossing","biotic","abiotic_autonomous","bisexual_unisexual","superior","nectar_pollen","actinomorphic","bright_dull",0.75,16,25,15,100,2826,1,NA,14.75,2,NA,0.8
"Alepis flavida","woody","non-climbing","non-aquatic","monomorphic","long","mixed","biotic","biotic","bisexual","inferior","nectar","actinomorphic","bright",1.6,NA,5.5,NA,NA,NA,NA,NA,NA,NA,NA,1.6
"Allanblackia floribunda","woody","non-climbing","non-aquatic","dimorphic","long","outcrossing","biotic","biotic","unisexual","superior",NA,"actinomorphic","bright",NA,NA,185,505.5,NA,NA,5,NA,NA,NA,NA,5
"Allium sativum","herbaceous","non-climbing","non-aquatic","monomorphic","long","selfing","autonomous","autonomous","bisexual_unisexual","superior",NA,"actinomorphic_zygomorphic","bright",NA,NA,6,NA,NA,NA,3,NA,NA,NA,NA,NA
"Allium schoenoprasum","herbaceous","non-climbing","non-aquatic","monomorphic","long","outcrossing","biotic","autonomous","bisexual","superior","nectar","actinomorphic","bright",1.04,NA,6,NA,NA,NA,NA,NA,0.345,0.315,NA,1.04
"Allocasuarina verticillata","woody","non-climbing","non-aquatic","dimorphic","long","outcrossing","abiotic","abiotic","unisexual",NA,"none",NA,"bright",0.9,NA,1,1,30,4364,1.5,1,NA,NA,NA,0.9
"Alluaudia procera","woody","non-climbing","non-aquatic","dimorphic","long","outcrossing","biotic","abiotic","unisexual","superior",NA,"other","bright_dull",NA,15,8,1,NA,NA,3,1,0.25,NA,NA,0.2
"Alnus alnobetula","woody","non-climbing","non-aquatic","monomorphic","long","outcrossing","abiotic","abiotic","unisexual","inferior","none","actinomorphic","dull",NA,10,4,1.5,23,NA,2.5,1,NA,NA,NA,NA
"Aloe thraskii","woody","non-climbing","non-aquatic","monomorphic","long","mixed","biotic",NA,"unisexual",NA,"nectar","zygomorphic","bright",2.35,2.75,6,NA,NA,NA,NA,NA,NA,NA,NA,2.35
"Alphitonia excelsa","woody","non-climbing","non-aquatic","monomorphic","long","outcrossing","biotic","biotic","bisexual","inferior","nectar","actinomorphic","bright_dull",NA,21,5,1,22,5550,3,NA,0.85,0.9,NA,1
"Alseuosmia macrophylla","woody","non-climbing","non-aquatic","monomorphic","long","outcrossing","biotic","biotic","bisexual","inferior","nectar","actinomorphic","bright",3.75,2.375,5,51.5,47.5,NA,2,NA,NA,NA,NA,3.75
"Alstroemeria aurea","herbaceous","non-climbing","non-aquatic","monomorphic","long","outcrossing","biotic","autonomous","bisexual","inferior","nectar","zygomorphic","bright",NA,0.75,6,21.5,NA,4500,3,NA,2.25,NA,NA,5
"Alyssum simplex","herbaceous","non-climbing","non-aquatic","monomorphic","short","selfing","biotic","abiotic","bisexual","superior","nectar","actinomorphic","bright",NA,0.15,6,2,36.55,NA,2,1,0.45,0.45,NA,0.25
"Amborella trichopoda","woody","non-climbing","non-aquatic","dimorphic","long","outcrossing","abiotic_biotic","autonomous_biotic","unisexual","superior","none_other","actinomorphic","bright",NA,8,16.5,1,NA,1582,5,0,NA,NA,NA,0.4
"Amsonia tabernaemontana","herbaceous","non-climbing","non-aquatic","monomorphic","long",NA,"biotic",NA,"bisexual","superior",NA,"actinomorphic","bright",NA,0.65,5,NA,NA,NA,2,0,NA,NA,NA,1.9
"Anarthria polyphylla","herbaceous","non-climbing","non-aquatic","dimorphic","long","outcrossing","abiotic",NA,"unisexual","superior","none","actinomorphic","dull",NA,0.1,3,1,NA,NA,3,1,NA,NA,NA,NA
"Angelonia pubescens","herbaceous","non-climbing","non-aquatic","monomorphic","short","selfing","biotic","biotic","bisexual","superior","other","zygomorphic","bright",NA,0.7,4,NA,NA,NA,2,1,NA,NA,NA,1.4
"Anigozanthos humilis","herbaceous","non-climbing","non-aquatic","monomorphic","long","outcrossing","biotic",NA,"unisexual",NA,"nectar","zygomorphic","bright",3.75,NA,6,NA,NA,NA,NA,NA,NA,NA,NA,3.75
"Annona crassiflora","woody","non-climbing","non-aquatic","monomorphic","long","outcrossing","biotic","biotic","bisexual","superior","other","actinomorphic","bright_dull",NA,NA,NA,NA,NA,NA,NA,NA,NA,NA,NA,3.25
"Antirrhinum majus","herbaceous","non-climbing","non-aquatic","monomorphic","long","outcrossing","biotic","autonomous","bisexual","superior","pollen","zygomorphic","bright",3.6,0.5,4,9999,17.5,NA,2,1,1.35,1.1,NA,3.6
"Apium graveolens","herbaceous","non-climbing","non-aquatic","monomorphic","short","mixed","biotic","abiotic","bisexual","inferior","nectar","actinomorphic","bright",0.15,1,5,1,23,NA,2,1,0.15,NA,NA,0.15
"Aquilegia canadensis","herbaceous","non-climbing","non-aquatic","monomorphic","long","mixed","biotic","autonomous","bisexual","superior","nectar_pollen","actinomorphic","bright",3,0.525,40,75,NA,610,5,0,NA,NA,1.65,3
"Arabidopsis thaliana","herbaceous","non-climbing","non-aquatic","monomorphic","short","selfing","autonomous_biotic","abiotic_autonomous","bisexual","superior","nectar","actinomorphic_other","bright",NA,0.175,6,55,17.5,33,2,1,NA,NA,NA,0.25
"Aralidium pinnatifidum","woody","non-climbing","non-aquatic","dimorphic","long","outcrossing",NA,NA,"unisexual","inferior",NA,"actinomorphic","bright",0.25,NA,5,0.5,NA,NA,3,1,NA,NA,NA,0.25
"Arctostaphylos uva-ursi","woody","non-climbing","non-aquatic","monomorphic","long",NA,"autonomous_biotic","biotic","bisexual","superior","nectar","actinomorphic","bright",0.2,0.105,10,1,54,NA,5,1,NA,NA,NA,0.2
"Arum maculatum","herbaceous","non-climbing","non-aquatic","monomorphic","long","mixed","biotic","biotic","unisexual","superior","none",NA,"dull",NA,0.33,3.5,NA,38,4596,NA,NA,NA,NA,NA,NA
"Asparagus officinalis","herbaceous","non-climbing","non-aquatic","dimorphic","long","outcrossing","biotic","biotic","unisexual","superior","nectar_pollen","actinomorphic","bright_dull",NA,1.75,6,NA,38,NA,3,1,0.8,NA,NA,0.5
"Astelia alpina","herbaceous","non-climbing","non-aquatic","dimorphic","long","outcrossing",NA,"biotic","bisexual_unisexual","superior","nectar","actinomorphic","dull",0.4,NA,6,36,18.25,NA,3,1,NA,NA,NA,0.4
"Audouinia capitata","woody","non-climbing","non-aquatic","monomorphic","long","outcrossing","biotic","abiotic","bisexual","intermediate","nectar","actinomorphic","bright",1,0.4,5,6,NA,NA,NA,NA,NA,NA,NA,1
"Avicennia marina","woody","non-climbing","non-aquatic","monomorphic","long","mixed","biotic","abiotic","bisexual","superior","nectar","actinomorphic","bright",0.595,4.1,4,2,NA,4000,2,1,2.5,1.2,0.3,0.595
"Azima tetracantha","woody","non-climbing","non-aquatic","dimorphic","long","outcrossing",NA,"biotic","unisexual","superior",NA,NA,"bright_dull",NA,0.9,4,1,NA,NA,2,1,0.75,NA,NA,3.5
"Bagassa guianensis","woody","non-climbing","non-aquatic","dimorphic","long","outcrossing","abiotic_biotic","biotic","unisexual",NA,"none",NA,NA,NA,30,3,NA,NA,NA,NA,NA,NA,NA,NA,NA
"Balanophora laxiflora","herbaceous","non-climbing","non-aquatic","dimorphic","long","outcrossing",NA,NA,"unisexual","inferior",NA,"zygomorphic",NA,NA,NA,5,NA,NA,NA,NA,NA,NA,NA,NA,1.5
"Balanops pancheri","woody","non-climbing","non-aquatic","dimorphic","long","outcrossing","abiotic","biotic","unisexual",NA,"none",NA,NA,NA,4,5,2,NA,NA,2,1,1.7,NA,NA,NA
"Bdallophytum americanum","herbaceous","non-climbing","non-aquatic","dimorphic",NA,"outcrossing",NA,"biotic","unisexual","inferior","nectar","actinomorphic","bright",0.855,0.165,9,NA,NA,NA,9.5,NA,NA,1.35,NA,0.855
"Begonia heracleifolia","herbaceous","non-climbing","non-aquatic","monomorphic","long_short","mixed",NA,"autonomous","bisexual","inferior",NA,"zygomorphic","bright",1.2,NA,22.5,NA,NA,NA,3,NA,1,NA,NA,1.2
"Bergeranthus multiceps","herbaceous","non-climbing","non-aquatic","monomorphic","long","outcrossing","biotic",NA,"bisexual",NA,"nectar_pollen","actinomorphic","bright",NA,NA,182.5,NA,NA,NA,NA,NA,0.8,0.5,NA,2
"Berteroa incana","herbaceous","non-climbing","non-aquatic","monomorphic","long_short","outcrossing","biotic","abiotic","bisexual","superior","nectar","actinomorphic","bright",NA,0.7,6,NA,17.5,NA,2,1,0.6,0.16,NA,0.3
"Bertholletia excelsa","woody","non-climbing","non-aquatic","monomorphic","long","outcrossing","biotic","biotic","bisexual","inferior","nectar_pollen","zygomorphic","bright",NA,50,114,9,NA,26755,4,1,NA,NA,NA,2.5
"Beta vulgaris","herbaceous","non-climbing","non-aquatic","dimorphic_monomorphic","long_short","outcrossing","abiotic","abiotic_autonomous","bisexual","intermediate","none","actinomorphic","dull",NA,2,5,1,18,29545.8333333333,2.5,1,NA,NA,NA,0.5
"Bixa orellana","woody","non-climbing","non-aquatic","monomorphic","long","mixed","biotic","biotic","bisexual","superior","pollen","actinomorphic","bright",NA,10,425,46.6666666666667,NA,138636,2,1,6.265,4.275,NA,4.5
"Borago officinalis","herbaceous","non-climbing","non-aquatic","monomorphic","short","selfing","biotic","biotic","bisexual","superior","nectar","actinomorphic","bright",1.25,0.5,5,2,38,15875,2,1,NA,NA,NA,2.5
"Brasenia schreberi","herbaceous","non-climbing","aquatic_non-aquatic","monomorphic","long","mixed","abiotic","abiotic","bisexual","superior","none","actinomorphic","bright_dull",NA,1.5,26.5,1.5,47.6,9619,11.6,0,NA,NA,NA,2
"Bretschneidera sinensis","woody","non-climbing","non-aquatic","monomorphic","long","outcrossing","biotic","autonomous","bisexual","superior","nectar","zygomorphic","bright",NA,20,8,2,50.5,14516.5,3,1,NA,NA,NA,3.5
"Bruguiera gymnorhiza","woody","non-climbing","non-aquatic","monomorphic","long","mixed","biotic","abiotic","bisexual","inferior","nectar","actinomorphic","bright_dull",3.25,35,22,3.33333333333333,29.8,3e+05,3,1,20,2,2,3.25
"Buddleja davidii","woody","non-climbing","non-aquatic","monomorphic","long","outcrossing","biotic","abiotic","bisexual","superior","nectar","actinomorphic","bright",0.65,5,4,NA,NA,106.59,NA,NA,NA,NA,NA,0.65
"Bursera simaruba","woody","non-climbing","non-aquatic","dimorphic_monomorphic","long","outcrossing","biotic","biotic","bisexual_unisexual",NA,"nectar","actinomorphic","dull",NA,NA,10,2,NA,NA,NA,NA,NA,NA,NA,0.6
"Butomus umbellatus","herbaceous","non-climbing","aquatic","monomorphic","long","outcrossing","biotic","abiotic_autonomous_biotic","bisexual","superior","nectar","actinomorphic","bright",NA,0.8,9,50,38,NA,6,NA,NA,NA,NA,2.25
"Buxus balearica","woody","non-climbing","non-aquatic","monomorphic","long",NA,"abiotic_biotic","autonomous_biotic","unisexual",NA,"nectar_none",NA,NA,0.6,6,4,4,NA,NA,3,NA,NA,NA,0.6,0.6
"Byrsonima crassifolia","woody","non-climbing","non-aquatic","monomorphic","long","selfing","biotic","biotic","bisexual","superior","other","zygomorphic","bright",1.2,12.5,10,1,13,NA,3,1,NA,1.83,NA,1.2
"Cabomba caroliniana","herbaceous","non-climbing","aquatic","monomorphic","long","outcrossing","biotic","biotic","bisexual","superior","nectar_pollen","actinomorphic","bright",0.9,10,6,3,NA,62,3,0,NA,NA,NA,2.5
"Calceolaria purpurea","herbaceous","non-climbing","non-aquatic","monomorphic","long","outcrossing","biotic",NA,"bisexual",NA,"other","zygomorphic","bright",NA,NA,2,NA,NA,NA,NA,NA,NA,NA,NA,1.27
"Camellia sinensis","woody","non-climbing","non-aquatic","monomorphic","long","outcrossing","biotic","biotic","bisexual","superior",NA,"actinomorphic","bright",1.75,5,100,4,38,NA,3,1,NA,NA,NA,2.75
"Canacomyrica monticola","woody","non-climbing","non-aquatic","dimorphic","long","outcrossing","abiotic","biotic","unisexual","inferior","none",NA,NA,NA,7,6,1,NA,NA,1,NA,NA,1,NA,NA
"Canna indica","herbaceous","non-climbing","non-aquatic","monomorphic","long","selfing","biotic","autonomous","bisexual","inferior","nectar","other","bright",6,2.5,0.5,NA,49.5,NA,3,1,NA,0.6,NA,6
"Cannabis sativa","herbaceous","non-climbing","non-aquatic","dimorphic_monomorphic","short","outcrossing","abiotic","autonomous_biotic","unisexual","superior","none","actinomorphic","bright_dull",0.2,NA,5,0.5,30,NA,2,1,NA,NA,NA,0.5
"Capparis zeylanica","woody","non-climbing","non-aquatic","monomorphic","long",NA,NA,"biotic","bisexual",NA,NA,"actinomorphic","bright",NA,NA,37.5,NA,NA,NA,NA,NA,NA,NA,NA,9
"Cardiocrinum cordatum","herbaceous","non-climbing","non-aquatic","monomorphic","long","mixed","biotic","abiotic","bisexual",NA,"nectar","zygomorphic","bright_dull",15,1.35,6,312.5,NA,NA,3,NA,NA,NA,NA,15
"Carex laxiflora","herbaceous","non-climbing","non-aquatic","monomorphic","long","selfing","abiotic",NA,"unisexual","superior","none",NA,"dull",NA,NA,NA,1,NA,NA,NA,NA,NA,NA,NA,NA
"Carica papaya","woody","non-climbing","non-aquatic","dimorphic","long","mixed","autonomous_biotic","biotic","unisexual","superior","nectar_none_pollen","actinomorphic","bright",0.8,6,10,999,34,NA,5,1,26.5,NA,NA,4
"Caryocar brasiliense","woody","non-climbing","non-aquatic","monomorphic","long","outcrossing","biotic","biotic","bisexual","intermediate","nectar","actinomorphic","bright",NA,NA,300,NA,NA,NA,3.5,NA,NA,NA,NA,6
"Catalpa speciosa","woody","non-climbing","non-aquatic","monomorphic","long","outcrossing","biotic","abiotic","bisexual","superior","nectar","zygomorphic","bright",NA,30,2,999,NA,NA,2,1,35,1.25,NA,5.5
"Catharanthus roseus","woody","non-climbing","non-aquatic","monomorphic","long","mixed","biotic","autonomous_biotic","bisexual",NA,"nectar","actinomorphic","bright",NA,0.875,5,NA,75.5,NA,2,NA,NA,NA,NA,4.49
"Caulophyllum thalictroides","herbaceous","non-climbing","non-aquatic","monomorphic","long","mixed","biotic","biotic","bisexual","superior",NA,"actinomorphic","bright",NA,0.55,6,2.25,NA,5286,1,NA,NA,NA,NA,0.9
"Centroplacus glaucinus","woody","non-climbing","non-aquatic","dimorphic","long","outcrossing",NA,NA,"unisexual",NA,NA,"actinomorphic","bright",NA,20,5,2,NA,NA,3,1,0.7,NA,NA,0.2
"Ceratophyllum demersum","herbaceous","non-climbing","aquatic","monomorphic","long","mixed","abiotic","biotic","unisexual",NA,"none_pollen",NA,"dull",0.125,3,1,1,21,NA,1,NA,NA,NA,NA,0.125
"Cercidiphyllum japonicum","woody","non-climbing","non-aquatic","dimorphic","long","outcrossing","abiotic","abiotic","unisexual","superior","none",NA,"dull",NA,30,28.5,20.5,NA,NA,1,0,NA,NA,NA,NA
"Chimaphila umbellata","woody","non-climbing","non-aquatic","monomorphic","long","outcrossing","biotic","autonomous","bisexual","superior","nectar_pollen","actinomorphic","bright",NA,0.275,10,1000,NA,32,5,1,NA,NA,NA,1.4
"Chimonanthus praecox","woody","non-climbing","non-aquatic","monomorphic","long","outcrossing","biotic","autonomous","bisexual","superior","nectar_pollen","actinomorphic","bright",NA,8,7,2,38,2847,9,0,NA,NA,NA,2.75
"Chloranthus spicatus","woody","non-climbing","non-aquatic","monomorphic","long","outcrossing","biotic","biotic","bisexual",NA,"other",NA,"dull",NA,0.6,2.33333333333333,1,NA,NA,1,NA,NA,NA,NA,NA
"Chorispora tenella","herbaceous","non-climbing","non-aquatic","monomorphic","short","selfing","biotic","abiotic","bisexual","superior",NA,"actinomorphic","bright",NA,0.305,6,15.6,17.5,NA,2,1,2.4,0.175,NA,8.15
"Cinnamomum camphora","woody","non-climbing","non-aquatic","monomorphic","long","outcrossing","biotic","biotic","bisexual","superior",NA,"actinomorphic","bright_dull",0.3,22.5,9,1,17.5,NA,1,NA,NA,NA,NA,0.3
"Cirsium pitcheri","herbaceous","non-climbing","non-aquatic",NA,"long_short",NA,"biotic","abiotic",NA,"inferior",NA,"zygomorphic","bright",NA,NA,NA,NA,NA,NA,NA,NA,NA,NA,NA,NA
"Clarkia xantiana","herbaceous","non-climbing","non-aquatic","monomorphic","short","mixed","biotic","autonomous","bisexual","inferior",NA,"zygomorphic","bright",3.5,0.45,8,500,NA,84.5,4,1,2.25,NA,NA,3.5
"Claytonia virginica","herbaceous","non-climbing","non-aquatic","monomorphic","long",NA,"biotic","autonomous_biotic","bisexual","superior","nectar","actinomorphic","bright",NA,0.225,5,2,NA,NA,3,1,NA,NA,NA,0.85
"Cleistesiopsis bifaria","herbaceous","non-climbing","non-aquatic","monomorphic","long","outcrossing","biotic",NA,"bisexual","inferior","pollen","zygomorphic","bright_dull",NA,NA,NA,NA,NA,NA,NA,NA,NA,NA,NA,NA
"Clethra alnifolia","woody","non-climbing","non-aquatic","monomorphic","long",NA,"biotic","abiotic","bisexual","superior",NA,"actinomorphic","bright",0.5,2,10,40,NA,NA,3,1,NA,NA,NA,0.55
"Clutia pulchella","woody","non-climbing","non-aquatic","dimorphic","long","outcrossing",NA,"autonomous_biotic","unisexual",NA,NA,"actinomorphic","bright",NA,0.84,5,1,NA,3959,3,1,NA,NA,NA,NA
"Cobaea scandens","woody","climbing","non-aquatic","monomorphic","long","outcrossing","biotic","abiotic","bisexual","superior","nectar","actinomorphic","bright",5.75,25,5,999,100,415.5,3,1,NA,NA,NA,5.75
"Cochlospermum vitifolium","woody","non-climbing","non-aquatic","monomorphic","long","outcrossing","biotic","abiotic","bisexual","superior","pollen","actinomorphic","bright",NA,12,175,120,17.5,NA,5,1,8,5.5,NA,11
"Coffea arabica","woody","non-climbing","non-aquatic","monomorphic","long","mixed","biotic","biotic","bisexual","inferior","nectar_pollen","actinomorphic","bright",NA,5,5,NA,38,NA,NA,NA,NA,NA,NA,3
"Combretum leprosum","woody","climbing_non-climbing","non-aquatic","monomorphic","long","outcrossing","biotic","abiotic","bisexual","inferior","nectar_other","actinomorphic","bright",0.95,NA,8,4,NA,NA,2,NA,NA,NA,NA,0.95
"Commelina communis","herbaceous","non-climbing","non-aquatic","monomorphic","short",NA,"biotic","autonomous","bisexual_unisexual","superior","pollen","zygomorphic","bright",NA,NA,3,NA,NA,NA,NA,NA,NA,NA,NA,1.25
"Cordyline australis","woody","non-climbing","non-aquatic","monomorphic","long","outcrossing","biotic","biotic","bisexual","superior",NA,"actinomorphic","bright",0.55,12,6,NA,NA,NA,3,1,NA,NA,NA,0.55
"Coriaria myrtifolia","woody","non-climbing","non-aquatic","monomorphic","long",NA,"abiotic","biotic","bisexual_unisexual","superior","none","actinomorphic","dull",NA,3,10,1,17.5,NA,5,NA,0.5,0.3,NA,0.7
"Coriaria ruscifolia","woody","non-climbing","non-aquatic","monomorphic","long",NA,"abiotic","abiotic","bisexual","superior","none","actinomorphic","bright_dull",NA,NA,10,1,38,NA,7.5,NA,0.16,0.11,NA,0.25
"Cornus florida","woody","non-climbing","non-aquatic","monomorphic","long","outcrossing","biotic","biotic","bisexual","inferior",NA,"actinomorphic","bright_dull",NA,NA,4,NA,NA,NA,NA,NA,NA,NA,NA,1.5
"Corokia cotoneaster","woody","non-climbing","non-aquatic","monomorphic","long","outcrossing","biotic","biotic","bisexual","inferior","nectar_other","actinomorphic","bright",NA,NA,5,1,NA,NA,2,NA,NA,NA,NA,0.65
"Corrigiola litoralis","herbaceous","non-climbing","non-aquatic","monomorphic","short","selfing","biotic","abiotic_autonomous","bisexual","intermediate",NA,"actinomorphic","bright",NA,0.15,5,NA,NA,NA,3,0.5,NA,NA,NA,0.2
"Costus woodsonii","herbaceous","non-climbing","non-aquatic","monomorphic","long",NA,"biotic","biotic","bisexual","inferior","nectar_pollen","zygomorphic","bright",NA,12,1,9,130,744,3,NA,NA,NA,NA,NA
"Cucurbita pepo","herbaceous","climbing","non-aquatic","monomorphic","short",NA,"biotic","abiotic","unisexual","inferior","nectar","actinomorphic","bright",1,NA,2.5,5049,100,317,4,1,NA,NA,NA,1
"Cupaniopsis anacardioides","woody","non-climbing","non-aquatic","monomorphic","long",NA,"biotic","biotic","unisexual","superior","nectar_pollen","other","bright_dull",NA,4,8,1,15,39811,3,1,NA,NA,NA,0.8
"Curculigo latifolia","herbaceous_woody","non-climbing","non-aquatic","monomorphic","long","outcrossing","biotic",NA,"bisexual_unisexual","inferior",NA,"actinomorphic","bright",NA,NA,6,NA,NA,NA,NA,NA,NA,NA,NA,1.3
"Cuscuta cuspidata","herbaceous","climbing","non-aquatic","monomorphic","short","mixed","abiotic",NA,"bisexual","superior","none","actinomorphic","bright",0.175,NA,5,2,NA,1164,2,1,NA,NA,NA,0.175
"Cuttsia viburnea","woody","non-climbing","non-aquatic","monomorphic","long","outcrossing","biotic","abiotic_autonomous","bisexual","superior",NA,"actinomorphic","bright",NA,NA,5,500.5,20.25,NA,5,NA,NA,NA,NA,1
"Cyclanthus bipartitus","woody","non-climbing","non-aquatic","monomorphic","long","outcrossing","biotic","biotic","unisexual",NA,"pollen",NA,"bright",NA,2,6,NA,NA,NA,NA,NA,NA,NA,NA,NA
"Cymodocea nodosa","herbaceous","non-climbing","aquatic","dimorphic_monomorphic","long","outcrossing","abiotic","autonomous_biotic","unisexual",NA,"none",NA,NA,NA,NA,2,1,NA,NA,2,0,1.3,0.9,NA,NA
"Cypripedium calceolus","herbaceous","non-climbing","non-aquatic","monomorphic","long","outcrossing","biotic","abiotic","bisexual","inferior","pollen","zygomorphic","bright_dull",NA,0.45,2,1500,17.5,NA,3,1,NA,NA,NA,7.75
"Cyrilla racemiflora","woody","non-climbing","non-aquatic","monomorphic","long",NA,"biotic","abiotic","bisexual","superior","nectar","actinomorphic","bright",0.4,10,5,2,NA,NA,2,1,NA,0.3,NA,0.5
"Dalechampia spathulata","woody","non-climbing","non-aquatic","monomorphic","long",NA,"biotic","autonomous","unisexual",NA,"other","zygomorphic","bright",NA,NA,20,NA,45.5,NA,3,NA,NA,NA,NA,NA
"Dalzellia ceylanica","herbaceous","non-climbing","aquatic_non-aquatic","monomorphic",NA,"selfing","autonomous",NA,"bisexual","superior","pollen","actinomorphic","bright_dull",0.2,0.01,3,999,NA,14.105,3,1,NA,NA,NA,0.2
"Daphniphyllum macropodum","woody","non-climbing","non-aquatic","dimorphic","long","outcrossing","abiotic","biotic","unisexual","superior","none","actinomorphic","dull",NA,20,9,2,NA,NA,2,1,1,0.55,NA,NA
"Datisca glomerata","herbaceous","non-climbing","non-aquatic","dimorphic","long","mixed","abiotic","abiotic","bisexual_unisexual","inferior","none",NA,"dull",NA,1.5,7.75,NA,NA,NA,NA,NA,NA,NA,NA,0.65
"Davidsonia jerseyana","woody","non-climbing","non-aquatic","monomorphic","long","selfing",NA,"biotic","bisexual","superior","nectar","actinomorphic","bright",NA,NA,9,6,NA,NA,2,NA,NA,5,NA,0.5
"Davilla kunthii","herbaceous","climbing","non-aquatic","monomorphic","long","outcrossing","biotic","biotic","bisexual","inferior_superior","pollen","actinomorphic","bright",NA,NA,70,2,NA,NA,1,NA,NA,NA,NA,1.8
"Denhamia celastroides","woody","non-climbing","non-aquatic","monomorphic","long","outcrossing",NA,NA,"bisexual","superior",NA,"actinomorphic",NA,NA,7,5,4,NA,NA,3,1,1.35,NA,NA,2.5
"Diapensia lapponica","woody","non-climbing","non-aquatic","monomorphic","long","mixed","biotic","autonomous","bisexual","superior","nectar","actinomorphic","bright",1.1,0.02,5,80,NA,1997.5,3,1,0.3,NA,NA,1.1
"Diospyros australis","woody","non-climbing","non-aquatic","dimorphic","long","outcrossing",NA,NA,"unisexual","superior",NA,"actinomorphic","bright",0.16,NA,14,1.5,NA,NA,NA,NA,1.25,0.95,NA,0.16
"Dipterocarpus tempehes","woody","non-climbing","non-aquatic","monomorphic","long","outcrossing","biotic",NA,"bisexual",NA,NA,"actinomorphic","bright",4,NA,30,NA,NA,NA,NA,NA,NA,NA,NA,5.4
"Discaria americana","woody","non-climbing","non-aquatic","monomorphic","long","outcrossing","biotic","autonomous","bisexual","intermediate","nectar_other_pollen","actinomorphic","bright",0.6,NA,4.5,1,NA,7943,3.5,NA,NA,NA,NA,0.6
"Drosophyllum lusitanicum","woody","non-climbing","non-aquatic","monomorphic","long","mixed","biotic","autonomous","bisexual","superior",NA,"actinomorphic","bright",NA,0.9,10,21.1,NA,687,5,1,NA,NA,NA,2.7
"Dryas octopetala","woody","non-climbing","non-aquatic","monomorphic","long","mixed","biotic","abiotic","bisexual","superior","nectar_pollen","actinomorphic","bright",NA,0.5,164,1,38,631,NA,0,NA,NA,NA,3
"Durio zibethinus","woody","non-climbing","non-aquatic","monomorphic","long","outcrossing","biotic","biotic","bisexual","superior","nectar","actinomorphic","bright",5.5,25,60,6,104,NA,5,1,NA,NA,NA,5.5
"Eichhornia crassipes","herbaceous","non-climbing","aquatic","monomorphic","long_short","outcrossing","biotic","abiotic_biotic","bisexual","superior",NA,"zygomorphic","bright",5.7,NA,6,999,NA,NA,3,1,NA,NA,NA,6
"Eriocaulon parkeri","herbaceous","non-climbing","non-aquatic","monomorphic","long_short",NA,"biotic",NA,"unisexual","superior",NA,NA,"bright",0.2,NA,4,NA,NA,NA,NA,NA,NA,NA,NA,0.2
"Eriogonum arborescens","woody","non-climbing","non-aquatic","monomorphic","long","mixed","biotic","abiotic","bisexual",NA,NA,NA,"bright",0.275,2,9,1,NA,NA,3,NA,0.3,NA,NA,0.275
"Eryngium alpinum","herbaceous","non-climbing","non-aquatic","monomorphic","long",NA,"biotic","biotic","bisexual","inferior",NA,"actinomorphic","bright",NA,NA,NA,NA,NA,NA,NA,NA,NA,NA,NA,NA
"Erythroxylum laurifolium","woody","non-climbing","non-aquatic","monomorphic","long","outcrossing",NA,"biotic","bisexual","superior","nectar_other",NA,"bright",NA,4.5,10,NA,34.6,NA,NA,NA,1.5,NA,NA,NA
"Eschscholzia californica","herbaceous","non-climbing","non-aquatic","monomorphic","long_short","outcrossing","biotic","autonomous","bisexual","superior","pollen","other","bright",NA,0.325,19.5,NA,38,NA,2,1,6,NA,NA,4
"Eucalyptus cladocalyx","woody","non-climbing","non-aquatic","monomorphic","long",NA,"biotic","abiotic","bisexual","inferior",NA,NA,"bright",NA,NA,NA,NA,NA,NA,NA,NA,NA,NA,NA,NA
"Eupomatia bennettii","woody","non-climbing","non-aquatic","monomorphic","long","outcrossing","biotic",NA,"bisexual","inferior",NA,NA,"bright",NA,1.5,8.5,NA,NA,NA,NA,1,NA,NA,NA,3.5
"Eupomatia laurina","woody","non-climbing","non-aquatic","monomorphic","long","outcrossing","biotic","biotic","bisexual",NA,"other",NA,"bright",NA,7,60,3,NA,NA,41,1,NA,1.75,NA,2.66666666666667
"Fagus grandifolia","woody","non-climbing","non-aquatic","monomorphic","long","outcrossing","abiotic","biotic","unisexual","inferior","none_pollen","actinomorphic","dull",NA,25,11,2,NA,NA,3,NA,NA,NA,NA,NA
"Ficaria verna","herbaceous","non-climbing","non-aquatic","monomorphic","long","outcrossing","biotic","biotic","bisexual","superior","nectar_pollen","actinomorphic","bright",NA,0.215,25,1,38,6050,15,NA,0.375,0.26,NA,3.1875
"Filipendula vulgaris","herbaceous","non-climbing","non-aquatic","monomorphic","long","outcrossing","abiotic_biotic","biotic","bisexual","superior","none_pollen","actinomorphic","bright",NA,0.76,25,2,17.5,NA,9,0,NA,NA,NA,1.2
"Floerkea proserpinacoides","herbaceous","non-climbing","non-aquatic","monomorphic","short","selfing","autonomous","autonomous","bisexual","superior",NA,"actinomorphic","bright_dull",2.75,0.175,6,1,NA,NA,2.5,NA,NA,NA,NA,2.75
"Fumana ericoides","woody","non-climbing","non-aquatic","monomorphic","long","selfing","biotic","autonomous","bisexual","inferior",NA,"actinomorphic","bright",NA,NA,29,10.25,NA,567,2,NA,0.7,NA,NA,1.75
"Galium aparine","herbaceous","non-climbing","non-aquatic","monomorphic","short","selfing","biotic","biotic","bisexual","inferior",NA,"actinomorphic","bright",NA,0.935,4,1,38,316,2,1,NA,NA,0.85,1.75
"Gelsemium sempervirens","herbaceous","climbing","non-aquatic","monomorphic","long","outcrossing","biotic","abiotic","bisexual","superior","other","actinomorphic","bright",2.75,NA,5,4,NA,NA,2,1,NA,NA,NA,2.75
"Gentiana saponaria","herbaceous","non-climbing","non-aquatic","monomorphic","long",NA,"biotic","abiotic","bisexual","superior","nectar","actinomorphic","bright",3.75,0.48,5,NA,NA,NA,2,1,NA,NA,NA,3.75
"Geranium sanguineum","herbaceous","non-climbing","non-aquatic","monomorphic","long","mixed","biotic","autonomous","bisexual","superior","nectar","actinomorphic","bright",NA,0.3,10,2,100,539,5,1,NA,NA,NA,3.1
"Gerbera jamesonii","herbaceous","non-climbing","non-aquatic","monomorphic","long","outcrossing","biotic","abiotic","bisexual","inferior",NA,"zygomorphic","bright",NA,NA,NA,NA,NA,NA,NA,NA,NA,NA,NA,NA
"Gesneria cuneifolia","woody","non-climbing","non-aquatic","monomorphic","long","mixed","biotic","biotic","bisexual",NA,"nectar","zygomorphic","bright",NA,NA,NA,NA,NA,NA,NA,NA,NA,NA,NA,NA
"Gomortega keule","woody","non-climbing","non-aquatic","monomorphic","long","mixed","biotic","biotic","bisexual","inferior",NA,"actinomorphic","bright_dull",NA,20,8,1,28,NA,2,1,5.25,2.8,NA,0.6
"Gonocaryum litorale","woody","non-climbing","non-aquatic","dimorphic","long","outcrossing",NA,"biotic","unisexual","superior",NA,"actinomorphic","bright_dull",0.55,NA,5,2,NA,NA,2,1,NA,NA,NA,0.55
"Gossypium hirsutum","woody","non-climbing","non-aquatic","monomorphic","long_short","selfing","biotic","abiotic","bisexual","superior","nectar","actinomorphic","bright",7,1.5,80,10,94.6,608,3.5,1,NA,NA,NA,7
"Grewia occidentalis","woody","non-climbing","non-aquatic","monomorphic",NA,"outcrossing","biotic","biotic","bisexual","superior","nectar","actinomorphic","bright",NA,3,76.5,1,NA,8303.5,4,1,NA,NA,NA,3
"Griselinia racemosa","woody","non-climbing","non-aquatic","dimorphic",NA,"outcrossing",NA,"biotic","unisexual","inferior",NA,"actinomorphic",NA,NA,2,5,NA,NA,NA,3,1,0.7,0.425,NA,NA
"Gyrocarpus americanus","woody","non-climbing","non-aquatic","monomorphic","long",NA,"abiotic","abiotic","bisexual_unisexual","inferior","none","actinomorphic","bright_dull",NA,25,4,1,NA,16124.5,1,NA,NA,NA,NA,0.15
"Hamamelis virginiana","woody","non-climbing","non-aquatic","monomorphic","long","outcrossing","biotic","autonomous","bisexual","intermediate","nectar_pollen","actinomorphic","bright",NA,5,4,1,17.5,11798.25,2,1,1.2,NA,NA,2
"Hanguana malayana","herbaceous","non-climbing","non-aquatic","dimorphic","long","outcrossing",NA,"biotic","unisexual","superior",NA,"actinomorphic",NA,NA,NA,6,1,NA,NA,3,1,NA,NA,NA,NA
"Haumania danckelmaniana","woody","climbing","non-aquatic","monomorphic","long","outcrossing","biotic",NA,"bisexual","inferior",NA,"zygomorphic","bright",NA,NA,NA,NA,NA,NA,NA,NA,NA,NA,NA,NA
"Hedychium gardnerianum","herbaceous","non-climbing","non-aquatic","monomorphic","long","selfing","biotic","biotic","bisexual","inferior",NA,"zygomorphic","bright",NA,NA,1,NA,NA,NA,3,NA,NA,NA,NA,8
"Helianthus annuus","herbaceous","non-climbing","non-aquatic","monomorphic","short","outcrossing","biotic","autonomous","bisexual","inferior","nectar_pollen","actinomorphic_zygomorphic","bright",2.2,2,5,1,38,NA,2,1,NA,NA,NA,2.2
"Heliconia irrasa","herbaceous","non-climbing","non-aquatic","monomorphic","long",NA,"biotic","biotic","bisexual","inferior","nectar",NA,"bright",NA,1.5,5,NA,NA,NA,NA,NA,NA,NA,NA,NA
"Herniaria glabra","herbaceous","non-climbing","non-aquatic","monomorphic","long_short","selfing","biotic","abiotic_autonomous","bisexual","superior","nectar","actinomorphic","dull",NA,0.2,5,NA,17.5,NA,NA,NA,NA,NA,NA,0.15
"Hevea brasiliensis","woody","non-climbing","non-aquatic","monomorphic","long","outcrossing","biotic","biotic","unisexual","intermediate",NA,"actinomorphic",NA,0.5025,20,10,1,NA,NA,3,1,NA,NA,NA,0.5025
"Hirtella physophora","woody","non-climbing","non-aquatic","monomorphic","long","outcrossing","biotic",NA,"bisexual",NA,"nectar_pollen","zygomorphic","bright",NA,NA,6,NA,NA,5895,NA,NA,NA,NA,NA,2
"Hordeum bulbosum","herbaceous","non-climbing","non-aquatic","monomorphic","long","outcrossing","abiotic","biotic","bisexual","superior","none","zygomorphic","dull",1.75,0.95,3,1,38,NA,2,NA,NA,NA,NA,1.75
"Hydnocarpus heterophylla","woody","non-climbing","non-aquatic","dimorphic","long","outcrossing","biotic","biotic","unisexual","superior",NA,NA,NA,NA,NA,26,999,29.05,NA,4,1,NA,NA,NA,1.6
"Hydrastis canadensis","herbaceous","non-climbing","non-aquatic","monomorphic","long","mixed","biotic","biotic","bisexual","superior",NA,"actinomorphic","bright",NA,0.325,53.75,2,23.25,NA,10.75,0,0.65,0.325,NA,1.3
"Hydrocotyle vulgaris","herbaceous","non-climbing","non-aquatic","monomorphic","long",NA,"autonomous_biotic","abiotic","bisexual","inferior",NA,"actinomorphic","bright",0.15,0.125,5,NA,NA,NA,2,1,NA,NA,NA,0.15
"Hydrophyllum capitatum","herbaceous","non-climbing","non-aquatic","monomorphic","long","outcrossing","biotic",NA,"bisexual","superior","nectar_pollen","actinomorphic","bright",0.7,0.275,5,NA,NA,NA,NA,NA,0.4,NA,NA,0.7
"Hypericum perforatum","herbaceous","non-climbing","non-aquatic","monomorphic","long","selfing","biotic","abiotic","bisexual","superior","pollen","actinomorphic","bright",NA,0.6,50,30,17.5,NA,3,1,0.475,0.4,NA,1.875
"Hypolytrum pulchrum","herbaceous","non-climbing","non-aquatic","monomorphic","long","outcrossing",NA,NA,"unisexual",NA,NA,NA,NA,NA,NA,NA,NA,NA,NA,NA,NA,NA,NA,NA,NA
"Ilex opaca","woody","non-climbing","non-aquatic","dimorphic","long","outcrossing","biotic","biotic","unisexual","superior",NA,"actinomorphic","bright_dull",NA,12.5,4,NA,NA,NA,4,1,NA,NA,NA,0.75
"Impatiens capensis","herbaceous","non-climbing","non-aquatic","monomorphic","short","mixed","biotic","autonomous","bisexual","superior","nectar","zygomorphic","bright",3.3,NA,5,1,NA,NA,5,1,NA,NA,NA,3.3
"Ipomoea alba","herbaceous","climbing","non-aquatic","monomorphic","long_short","selfing","biotic",NA,"bisexual","superior","nectar","actinomorphic","bright",9,10,5,5,NA,NA,2,NA,3,NA,NA,9
"Iris versicolor","herbaceous","non-climbing","non-aquatic","monomorphic","long","mixed","autonomous_biotic","abiotic","bisexual","inferior",NA,"actinomorphic","bright",NA,NA,3,NA,NA,NA,NA,NA,NA,NA,NA,12.25
"Irvingbaileya australis","woody","non-climbing","non-aquatic","dimorphic","long","outcrossing","biotic","biotic","unisexual","superior",NA,"actinomorphic","bright",0.41,NA,5,1,17.25,NA,2,1,2.3,2,NA,0.41
"Juglans mandshurica","woody","non-climbing","non-aquatic","monomorphic","long","outcrossing","abiotic","biotic","unisexual","inferior","none",NA,"dull",NA,15,26,1,NA,NA,2,NA,NA,NA,NA,NA
"Jumellea fragrans","herbaceous","non-climbing","non-aquatic","monomorphic","long",NA,"biotic",NA,"bisexual","inferior","nectar","zygomorphic","bright",NA,NA,NA,NA,NA,NA,NA,NA,NA,NA,NA,NA
"Juncus effusus","herbaceous","non-climbing","non-aquatic","monomorphic","short","mixed","abiotic","biotic","bisexual","superior","none","actinomorphic","dull",NA,0.8825,3,NA,38,48,3,NA,0.19,NA,NA,NA
"Kalanchoe daigremontiana","herbaceous","non-climbing","non-aquatic","monomorphic","long_short","selfing","biotic","abiotic","bisexual","intermediate_superior","nectar","actinomorphic","bright",3,1.5,8,130,NA,192,4,0.2,0.85,0.35,NA,3
"Kalmia latifolia","woody","non-climbing","non-aquatic","monomorphic","long","outcrossing","biotic","abiotic","bisexual","superior","nectar","actinomorphic","bright",2,5,10,NA,38,NA,NA,1,NA,NA,NA,2.8
"Kielmeyera regalis","woody","non-climbing","non-aquatic","monomorphic","long","outcrossing","biotic","abiotic","bisexual",NA,"pollen","actinomorphic","bright",NA,NA,NA,NA,NA,NA,NA,NA,NA,NA,NA,NA
"Kirengeshoma palmata","herbaceous","non-climbing","non-aquatic","monomorphic","long","outcrossing","biotic","abiotic","bisexual",NA,NA,NA,"bright",3.81,NA,15,NA,NA,NA,NA,NA,NA,NA,NA,3.81
"Kirkia wilmsii","woody","non-climbing","non-aquatic","dimorphic","long","outcrossing","biotic","abiotic","unisexual","superior",NA,"actinomorphic",NA,NA,NA,4.5,NA,NA,NA,4.5,1,NA,NA,NA,1
"Lactoris fernandeziana","woody","non-climbing","non-aquatic","monomorphic","long","mixed","abiotic","abiotic_autonomous","bisexual_unisexual","superior","none","actinomorphic","dull",0.4,1.5,6,6,NA,1815.33333333333,3,0,NA,NA,NA,0.4
"Lantana camara","woody","non-climbing","non-aquatic","monomorphic","long","selfing","biotic","biotic","bisexual","superior",NA,"zygomorphic","bright",NA,NA,4,NA,NA,NA,1.5,NA,NA,NA,NA,0.65
"Lapageria rosea","woody","climbing","non-aquatic","monomorphic","long",NA,"biotic","biotic","bisexual","inferior_superior","nectar","actinomorphic","bright",7.5,8,6,132,NA,1157,3,1,4.5,NA,NA,7.5
"Larrea tridentata","woody","non-climbing","non-aquatic","monomorphic","long","mixed","biotic","biotic","bisexual",NA,"nectar_pollen","actinomorphic","bright",NA,1.6,10,NA,NA,NA,5,NA,NA,NA,NA,2.5
"Lemna minor","herbaceous","non-climbing","aquatic","monomorphic","short",NA,"biotic","abiotic","bisexual","superior",NA,NA,"dull",0.08,0.06,2,1,NA,NA,1,NA,NA,NA,NA,0.08
"Lepidobotrys staudtii","woody","non-climbing","non-aquatic","dimorphic","long","outcrossing",NA,"autonomous","unisexual","superior",NA,"actinomorphic",NA,0.56,NA,10,2,NA,NA,3,NA,2.3,1.65,NA,0.63
"Limnanthes douglasii","herbaceous","non-climbing","non-aquatic","dimorphic","short","outcrossing","biotic",NA,"bisexual","superior",NA,"actinomorphic","bright",NA,0.515,10,NA,38,NA,5,NA,NA,NA,NA,2.8
"Linum perenne","herbaceous","non-climbing","non-aquatic","monomorphic","long","outcrossing","biotic",NA,"bisexual","superior",NA,"actinomorphic","bright",NA,0.6,5,2,NA,NA,5,1,NA,NA,NA,3.5
"Liparis loeselii","herbaceous","non-climbing","non-aquatic","monomorphic","long","selfing","abiotic_autonomous","abiotic","bisexual","inferior","none","zygomorphic","dull",NA,NA,NA,NA,NA,NA,NA,NA,NA,NA,NA,NA
"Liriodendron chinense","woody","non-climbing","non-aquatic","monomorphic","long","mixed","biotic","abiotic_autonomous","bisexual","superior","nectar","actinomorphic","dull",3.5,40,60,2,NA,NA,9999,0,8,NA,NA,3.5
"Loasa heterophylla","herbaceous","non-climbing","non-aquatic","monomorphic","long","outcrossing",NA,NA,"bisexual","inferior","nectar","actinomorphic","bright",NA,NA,6.5,NA,NA,NA,NA,NA,NA,NA,NA,2.3
"Lobelia angulata","herbaceous","non-climbing","non-aquatic","dimorphic","long","outcrossing","biotic",NA,"bisexual_unisexual","inferior","nectar","zygomorphic","bright",1.35,0.21,5,NA,NA,NA,2,NA,NA,NA,NA,1.35
"Ludwigia adscendens","herbaceous","non-climbing","aquatic","monomorphic","long",NA,"biotic","abiotic","bisexual","inferior",NA,"actinomorphic","bright",2.15,0.15,10,7.5,NA,NA,5,NA,1.6,0.18,1.13,3
"Lythrum salicaria","herbaceous","non-climbing","non-aquatic","monomorphic","long","outcrossing","biotic","abiotic","bisexual","superior","nectar_pollen","actinomorphic","bright",1.8,1.6,12,NA,29.6666666666667,NA,2,1,0.3,0.2,0.2,1.8
"Malesherbia linearifolia","herbaceous","non-climbing","non-aquatic","monomorphic","long",NA,"biotic",NA,"bisexual","superior",NA,"actinomorphic","bright",NA,1,5,504.5,NA,NA,3,1,1.275,NA,NA,2.5
"Malpighia emarginata","woody","non-climbing","non-aquatic","monomorphic","long","outcrossing","biotic","biotic","bisexual","superior","other","zygomorphic","bright",NA,NA,10,1,NA,NA,3,1,NA,NA,NA,2.25
"Manihot esculenta","herbaceous","non-climbing","non-aquatic","monomorphic","long","outcrossing","biotic","biotic","unisexual","superior",NA,"actinomorphic","bright",NA,5,10,1,NA,NA,3,1,NA,NA,NA,0.2
"Manilkara zapota","woody","non-climbing","non-aquatic","monomorphic","long","outcrossing","biotic","biotic","bisexual","superior",NA,"actinomorphic","bright",1.8,40,5.5,1,NA,NA,8.75,1,6,NA,NA,1.8
"Marathrum rubrum","herbaceous","non-climbing","aquatic","monomorphic","short","selfing","abiotic","abiotic","bisexual","superior","none","actinomorphic","bright_dull",NA,0.15,8,940,14.5,616,2,1,0.525,0.195,NA,NA
"Mayaca fluviatilis","herbaceous","non-climbing","aquatic_non-aquatic","monomorphic","long","selfing","autonomous","abiotic","bisexual","superior",NA,"actinomorphic","bright",1,NA,3,2,NA,NA,3,1,NA,NA,NA,1
"Mazus pumilus","herbaceous","non-climbing","non-aquatic","monomorphic","short","selfing","biotic","abiotic","bisexual","superior","pollen","zygomorphic","bright",0.7,0.1,4,999,NA,22.07,2,1,NA,0.35,NA,0.7
"Medicago sativa","herbaceous","non-climbing","non-aquatic","monomorphic","long","outcrossing","biotic","autonomous","bisexual","superior","nectar_pollen","zygomorphic","bright",0.869,0.65,10,15,30.5,399,NA,NA,NA,NA,NA,1.75
"Melocactus curvispinus","herbaceous","non-climbing","non-aquatic","monomorphic","long",NA,"biotic","biotic","bisexual","inferior","nectar","actinomorphic","bright",2.4,NA,154.5,363,NA,400,NA,NA,NA,NA,NA,2.4
"Menispermum canadense","herbaceous_woody","climbing","non-aquatic","dimorphic","long","outcrossing","biotic","biotic","unisexual","superior",NA,"actinomorphic",NA,0.15,NA,16.5,2,NA,NA,3,NA,NA,1.05,NA,0.225
"Menyanthes trifoliata","herbaceous","non-climbing","aquatic","monomorphic","long","outcrossing","biotic","abiotic","bisexual","superior","nectar","actinomorphic","bright",1.475,0.35,5,10,88,NA,2,1,1,NA,NA,1.5
"Miconia affinis","woody","non-climbing","non-aquatic","monomorphic","long","outcrossing","biotic","biotic","bisexual","intermediate",NA,"actinomorphic","bright",NA,NA,10,NA,NA,NA,NA,NA,NA,NA,NA,0.5
"Mirabilis jalapa","herbaceous","non-climbing","non-aquatic","monomorphic","long_short","selfing","biotic","autonomous","bisexual","superior","nectar","actinomorphic","bright_dull",4,1,5,1,100,333.5,1,NA,NA,0.65,NA,4
"Misodendrum linearifolium","woody","non-climbing","non-aquatic","dimorphic",NA,"outcrossing",NA,"abiotic","unisexual","inferior",NA,"actinomorphic","dull",0.125,NA,3,1,NA,NA,3,1,NA,NA,NA,0.125
"Mollugo verticillata","herbaceous","non-climbing","non-aquatic","monomorphic","short",NA,"biotic","autonomous","bisexual","superior","nectar_pollen","actinomorphic","bright",0.2,0.24,3.5,10,38,39.5,4,1,NA,NA,NA,0.2
"Monotropa hypopitys","herbaceous","non-climbing","non-aquatic","monomorphic","long","mixed","biotic","autonomous","bisexual","superior","nectar","actinomorphic","bright",NA,0.185,9,NA,17.5,NA,5,1,0.8,0.6,NA,NA
"Montinia caryophyllacea","woody","non-climbing","non-aquatic","dimorphic",NA,"outcrossing",NA,"autonomous","unisexual","inferior",NA,"actinomorphic",NA,0.5,NA,4,6,NA,NA,2,1,NA,NA,NA,0.5
"Moringa oleifera","woody","non-climbing","non-aquatic","monomorphic","long","mixed","biotic","autonomous","bisexual","superior",NA,"zygomorphic","bright",0.85,12,5,NA,NA,523,3,1,35,2,NA,2
"Myriophyllum sibiricum","herbaceous","non-climbing","aquatic","monomorphic","long",NA,"biotic",NA,"bisexual_unisexual","inferior",NA,"actinomorphic","bright",NA,NA,8,1,NA,NA,4,NA,NA,NA,NA,NA
"Myristica fragrans","woody","non-climbing","non-aquatic","dimorphic_monomorphic","long","outcrossing","biotic","biotic","unisexual","superior","pollen","actinomorphic","bright",1,8,9.5,1,NA,797664,1,NA,NA,NA,NA,1
"Myrothamnus moschata","woody","non-climbing","non-aquatic","dimorphic",NA,"outcrossing",NA,NA,"unisexual","superior",NA,NA,NA,NA,NA,4,NA,NA,NA,3.5,0.9,NA,NA,NA,NA
"Myrtus communis","woody","non-climbing","non-aquatic","monomorphic","long","mixed","biotic","biotic","bisexual",NA,NA,"actinomorphic","bright",NA,4,145,NA,17.5,NA,NA,1,NA,NA,NA,2.5
"Narthecium ossifragum","herbaceous","non-climbing","non-aquatic","monomorphic","long",NA,"biotic","autonomous","bisexual_unisexual","superior",NA,"actinomorphic","bright",NA,NA,6,NA,NA,NA,NA,NA,NA,NA,NA,2.8
"Nelumbo lutea","herbaceous","non-climbing","aquatic","monomorphic","long","mixed","biotic","abiotic","bisexual","superior","other_pollen","actinomorphic","bright",NA,2,400,1,NA,NA,24.75,0,NA,NA,NA,10
"Nelumbo nucifera","herbaceous","non-climbing","aquatic","monomorphic","long","outcrossing","biotic","abiotic","bisexual","superior","other_pollen","actinomorphic","bright",NA,2,300,1,38,NA,30,0,NA,NA,NA,18.25
"Nemesia strumosa","herbaceous","non-climbing","non-aquatic","monomorphic","short","outcrossing",NA,"abiotic","bisexual","superior",NA,"actinomorphic","bright",NA,NA,4,NA,NA,NA,2.5,NA,NA,NA,NA,2.5
"Nepenthes macfarlanei","woody","climbing","non-aquatic","dimorphic","long","outcrossing","abiotic_biotic","abiotic","unisexual",NA,"nectar_none","actinomorphic",NA,NA,NA,5,NA,NA,NA,4,NA,NA,NA,NA,1
"Nicotiana tabacum","herbaceous","non-climbing","non-aquatic","monomorphic","long_short",NA,"biotic","autonomous","bisexual","superior","nectar","actinomorphic_zygomorphic","bright",4.25,3,5,NA,38,NA,2,1,NA,NA,NA,4.25
"Nolana humifusa","herbaceous","non-climbing","non-aquatic","monomorphic","short","outcrossing","biotic","biotic","bisexual","superior","nectar_pollen","actinomorphic","bright",1.3,NA,5,NA,NA,NA,16,1,NA,NA,NA,2.6
"Nothapodytes nimmoniana","woody","non-climbing","non-aquatic","dimorphic","long","mixed","biotic","biotic","bisexual_unisexual",NA,"nectar_pollen",NA,"bright",0.8,NA,3,2,NA,364.5,1,NA,NA,NA,NA,0.8
"Nothofagus dombeyi","woody","non-climbing","non-aquatic","monomorphic","long","outcrossing","abiotic","abiotic","unisexual",NA,"none",NA,NA,NA,NA,10.5,NA,NA,NA,NA,NA,NA,NA,NA,NA
"Nuphar advena","herbaceous","non-climbing","aquatic","monomorphic","long",NA,"biotic","abiotic","bisexual","superior","pollen","actinomorphic","bright",NA,NA,180,NA,NA,NA,16,1,NA,NA,NA,4
"Nymphaea odorata","herbaceous","non-climbing","aquatic","monomorphic","long",NA,"biotic","abiotic_biotic","bisexual","intermediate","nectar","actinomorphic_other","bright",NA,NA,77.3333333333333,112.5,NA,NA,20.3333333333333,1,NA,NA,NA,12.5
"Nymphoides peltata","herbaceous","non-climbing","aquatic","monomorphic","long","outcrossing","biotic","abiotic","bisexual","superior","nectar_pollen","actinomorphic","bright",NA,1.075,5,NA,36.5,NA,2,1,NA,NA,NA,3.5
"Nyssa ogeche","woody","non-climbing","non-aquatic","dimorphic","long","outcrossing","biotic","biotic","unisexual","inferior",NA,"actinomorphic","bright",NA,NA,7.5,NA,NA,NA,NA,NA,2.5,NA,NA,NA
"Ochroma pyramidale","woody","non-climbing","non-aquatic","monomorphic","long","outcrossing","biotic","abiotic","bisexual","superior","nectar","actinomorphic_other","bright_dull",13.5,30,17.5,99999,NA,NA,5,1,30,3.25,NA,13.5
"Octoknema borealis","woody","non-climbing","non-aquatic","dimorphic","long","outcrossing",NA,NA,"unisexual",NA,NA,"actinomorphic",NA,NA,NA,5,1,NA,NA,3,NA,1.55,1.5,NA,2.4
"Octomeles sumatrana","woody","non-climbing","non-aquatic","dimorphic","long","outcrossing",NA,"abiotic","unisexual","inferior",NA,"actinomorphic",NA,0.5,NA,6.5,NA,NA,NA,7,NA,NA,NA,NA,0.5
"Olea europaea","woody","non-climbing","non-aquatic","monomorphic","long","outcrossing","abiotic","biotic","bisexual_unisexual","superior","none","actinomorphic","bright_dull",0.325,15,2,2,17.5,24000,2,NA,1.6,1.3,NA,0.325
"Oryza sativa","herbaceous","non-climbing","aquatic","monomorphic","short","selfing","abiotic","autonomous","bisexual","superior","none","zygomorphic","dull",0.9,1,6,1,38,NA,1,NA,NA,NA,NA,0.9
"Ottelia acuminata","herbaceous","non-climbing","aquatic","dimorphic","long","outcrossing","biotic","abiotic","unisexual","superior",NA,NA,"bright",NA,NA,10.5,NA,NA,NA,3,NA,NA,NA,NA,NA
"Oxalis corniculata","herbaceous","non-climbing","non-aquatic","monomorphic","long_short","selfing","biotic","autonomous","bisexual","superior","nectar_pollen","actinomorphic","bright",NA,NA,10,7,NA,105.37,5,1,NA,NA,NA,1.2
"Paeonia californica","herbaceous","non-climbing","non-aquatic","monomorphic","long","outcrossing","biotic",NA,"bisexual","superior","nectar","actinomorphic","bright",NA,0.55,86,17,NA,61434,8,0,NA,NA,NA,4
"Panax quinquefolius","herbaceous","non-climbing","non-aquatic","monomorphic","long","mixed","biotic","biotic","bisexual_unisexual","inferior",NA,"actinomorphic","dull",NA,0.35,5,1.5,NA,NA,2,1,NA,NA,NA,0.3
"Pandanus tectorius","woody","non-climbing","non-aquatic","dimorphic","long","outcrossing","abiotic_biotic","abiotic_biotic","unisexual","superior","none",NA,"bright_dull",NA,5,15,1,NA,NA,11.75,NA,NA,NA,NA,NA
"Pennantia corymbosa","woody","non-climbing","non-aquatic","dimorphic","long","outcrossing","biotic","biotic","unisexual","superior",NA,"actinomorphic","bright_dull",NA,NA,5,0.666666666666667,NA,NA,3,1,0.9,0.5,NA,NA
"Peritoma arborea","woody","non-climbing","non-aquatic","monomorphic","long_short","outcrossing","biotic",NA,"bisexual","superior",NA,"zygomorphic","bright",NA,NA,6,9.5,NA,NA,1,NA,NA,NA,NA,1.52
"Perrottetia ovata","woody","non-climbing","non-aquatic","dimorphic","long","outcrossing",NA,NA,"unisexual","superior",NA,NA,NA,NA,NA,5,4,NA,NA,2,1,NA,NA,NA,NA
"Petrosavia sakuraii","herbaceous","non-climbing","non-aquatic","monomorphic","long","selfing","biotic",NA,"bisexual","intermediate","nectar","actinomorphic","bright",NA,NA,6,NA,NA,55,3,NA,NA,NA,NA,0.5
"Petunia axillaris","herbaceous","non-climbing","non-aquatic","monomorphic","short","outcrossing","biotic","autonomous","bisexual","superior",NA,"actinomorphic","bright",7.75,0.6,4,NA,NA,NA,2,NA,1.35,0.7,NA,7.75
"Peumus boldus","woody","non-climbing","non-aquatic","dimorphic","long","outcrossing","biotic","biotic","unisexual","superior",NA,"actinomorphic",NA,NA,5,38.5,1,NA,NA,5,0,NA,NA,NA,NA
"Phelline comosa","woody","non-climbing","non-aquatic","dimorphic","long","outcrossing",NA,NA,"unisexual","superior",NA,"actinomorphic","bright",NA,NA,4,1,NA,NA,4.5,1,NA,NA,NA,NA
"Phoenix dactylifera","woody","non-climbing","non-aquatic","dimorphic","long","outcrossing","abiotic_biotic","biotic","unisexual","superior","none","actinomorphic","bright_dull",NA,30,6,NA,NA,NA,3,NA,NA,NA,NA,NA
"Phormium tenax","herbaceous","non-climbing","non-aquatic","monomorphic","long","outcrossing","biotic","abiotic","bisexual","intermediate_superior","nectar","zygomorphic","bright",3.75,NA,6,NA,NA,NA,3,NA,7,2.5,NA,3.75
"Phragmites australis","herbaceous","non-climbing","aquatic","monomorphic","long","outcrossing","abiotic","abiotic","bisexual_unisexual","superior","none",NA,"dull",NA,5.3,2.5,1,NA,NA,3,NA,NA,NA,NA,NA
"Phryma leptostachya","herbaceous","non-climbing","non-aquatic","monomorphic","long",NA,"biotic",NA,"bisexual","superior",NA,"zygomorphic","bright",NA,0.7,4,1,38,2535.5,2,1,NA,NA,NA,NA
"Phyllanthus niruri","herbaceous","non-climbing","non-aquatic","monomorphic","short","outcrossing",NA,"abiotic","unisexual","superior",NA,"actinomorphic","bright",NA,NA,3,NA,NA,NA,NA,NA,NA,NA,NA,0.1
"Physena madagascariensis","woody","non-climbing","non-aquatic","dimorphic","long","outcrossing","abiotic",NA,"unisexual","superior","none","actinomorphic","dull",NA,NA,10,1,NA,NA,2,1,NA,NA,NA,NA
"Picramnia polyantha","woody","non-climbing","non-aquatic","dimorphic","long","outcrossing",NA,"biotic","unisexual","superior","nectar","actinomorphic","bright",NA,NA,5.5,2,NA,NA,2,1,NA,NA,NA,NA
"Pinguicula alpina","herbaceous","non-climbing","non-aquatic","monomorphic","long","outcrossing","biotic","autonomous","bisexual",NA,NA,NA,"bright",NA,NA,NA,NA,NA,800,NA,NA,NA,NA,NA,NA
"Piper amalago","woody","non-climbing","non-aquatic","monomorphic","long","outcrossing","biotic","biotic","bisexual",NA,NA,"actinomorphic","bright",NA,NA,5,NA,NA,NA,NA,NA,NA,NA,NA,NA
"Piper arboreum","woody","non-climbing","non-aquatic","monomorphic","long","outcrossing","abiotic_biotic","biotic","unisexual",NA,"none","actinomorphic","bright",NA,NA,NA,NA,NA,NA,NA,NA,NA,NA,NA,NA
"Pitcairnia albiflos","herbaceous","non-climbing","non-aquatic","monomorphic","long","mixed","biotic",NA,"bisexual","intermediate","nectar","actinomorphic","bright",NA,NA,NA,NA,NA,NA,NA,NA,NA,NA,NA,NA
"Pittosporum dasycaulon","woody","non-climbing","non-aquatic","monomorphic","long","outcrossing","biotic","autonomous","bisexual_unisexual","superior","pollen","zygomorphic","bright",1.14,NA,5,5.5,45,2600,NA,NA,NA,12.5,NA,1.14
"Plantago lanceolata","herbaceous","non-climbing","non-aquatic","dimorphic","long","outcrossing","abiotic_biotic","autonomous","bisexual_unisexual","superior","none_pollen","actinomorphic","bright_dull",NA,0.13,4,NA,17.5,25119,2,1,NA,NA,NA,0.4
"Platea latifolia","woody","non-climbing","non-aquatic","dimorphic","long","outcrossing",NA,"biotic","unisexual","superior",NA,"actinomorphic","dull",NA,NA,5,1,NA,NA,2,1,3.5,1.75,NA,NA
"Plocosperma buxifolium","woody","non-climbing","non-aquatic","dimorphic","long","outcrossing",NA,"biotic","unisexual","superior",NA,"zygomorphic","bright",0.8,NA,5,1.5,NA,NA,2,1,NA,NA,NA,0.8
"Plumbago auriculata","woody","non-climbing","non-aquatic","monomorphic","long","outcrossing","biotic","biotic","bisexual","superior","nectar","actinomorphic","bright",3.3,0.85,5,1,68.5,1295,1,NA,NA,NA,NA,3.3
"Podophyllum peltatum","herbaceous","non-climbing","non-aquatic","monomorphic","long","outcrossing","biotic","biotic","bisexual","superior",NA,"actinomorphic","bright",NA,0.45,15,43.3,38,NA,1,NA,NA,NA,NA,5
"Poeppigia procera","woody","non-climbing","non-aquatic","monomorphic","long","outcrossing","biotic",NA,"bisexual","superior","pollen","actinomorphic",NA,NA,NA,10,8,NA,NA,1,NA,NA,NA,NA,NA
"Polycarpon tetraphyllum","herbaceous","non-climbing","non-aquatic","monomorphic","short",NA,"biotic","biotic","bisexual","superior",NA,"actinomorphic","bright",NA,0.225,2.75,NA,17.5,NA,NA,NA,NA,NA,NA,NA
"Polygala lewtonii","herbaceous","non-climbing","non-aquatic","monomorphic","long","mixed","biotic","biotic","bisexual","superior","nectar","zygomorphic","bright",NA,NA,8,1,NA,NA,2,NA,NA,NA,NA,NA
"Populus alba","woody","non-climbing","non-aquatic","dimorphic","long","outcrossing","abiotic","abiotic","unisexual","superior","none","actinomorphic","dull",NA,NA,9,NA,NA,NA,NA,NA,NA,NA,NA,NA
"Portulaca oleracea","herbaceous","non-climbing","non-aquatic","monomorphic","short","selfing","biotic","biotic","bisexual","intermediate",NA,"actinomorphic","bright",0.75,0.3,9.5,60,57.5,NA,4.5,1,NA,NA,NA,0.75
"Posidonia australis","herbaceous","non-climbing","aquatic","monomorphic","long","mixed","abiotic","abiotic","bisexual","superior","none",NA,"dull",NA,0.3,3,1,528,980000,1,NA,NA,NA,NA,NA
"Posoqueria latifolia","woody","non-climbing","non-aquatic","monomorphic","long","outcrossing","biotic","biotic","bisexual","inferior","nectar","zygomorphic","bright",NA,14,5,NA,75.5,NA,2,1,NA,5.5,NA,NA
"Potamogeton berchtoldii","herbaceous","non-climbing","aquatic","monomorphic","long_short",NA,"abiotic","abiotic","unisexual",NA,"none",NA,"dull",NA,NA,4,1,NA,NA,4,0,0.24,0.165,NA,NA
"Primula sieboldii","herbaceous","non-climbing","non-aquatic","monomorphic","long","outcrossing","biotic","autonomous","bisexual","superior","nectar","actinomorphic","bright",NA,0.185,5,NA,NA,NA,5,1,NA,NA,NA,NA
"Prionotes cerinthoides","herbaceous","climbing","non-aquatic","monomorphic","long",NA,"biotic",NA,"bisexual","superior","nectar","actinomorphic","bright",2.225,NA,5,NA,NA,NA,5,1,NA,NA,NA,2.225
"Prunus persica","woody","non-climbing","non-aquatic","monomorphic","long","outcrossing","biotic","biotic","bisexual","superior","nectar","actinomorphic","bright",NA,7,46,2,38,NA,1,NA,6,NA,NA,NA
"Putranjiva roxburghii","woody","non-climbing","non-aquatic","dimorphic","long","outcrossing","abiotic",NA,"unisexual","superior","none","actinomorphic","bright_dull",NA,NA,3.16666666666667,2,NA,NA,3,1,NA,NA,NA,0.625
"Qualea grandiflora","woody","non-climbing","non-aquatic","monomorphic","long","outcrossing","biotic","abiotic","bisexual","superior",NA,"zygomorphic","bright",2,12,1,56,NA,NA,3,1,NA,NA,NA,2
"Quercus rubra","woody","non-climbing","non-aquatic","monomorphic","long","outcrossing","abiotic","biotic","unisexual","inferior","none","actinomorphic","dull",NA,30,6,2,NA,NA,3,NA,NA,NA,NA,NA
"Quinchamalium chilense","herbaceous","non-climbing","non-aquatic","monomorphic","long",NA,"biotic",NA,"bisexual","inferior","nectar","actinomorphic","bright",1.2025,0.2125,5,1,22.275,NA,1,NA,0.2,NA,0.9,1.2025
"Quintinia hyehenensis","woody","non-climbing","non-aquatic","dimorphic","long","outcrossing",NA,NA,"unisexual","inferior",NA,NA,"bright",NA,6.25,5,NA,NA,NA,4.5,NA,NA,NA,NA,0.5
"Rafflesia keithii",NA,NA,NA,"dimorphic","long","outcrossing","biotic","biotic","unisexual","inferior",NA,"actinomorphic","bright_dull",NA,NA,40,NA,NA,NA,NA,NA,NA,NA,NA,80
"Ranunculus acris","herbaceous","non-climbing","non-aquatic","monomorphic","long","outcrossing","biotic","biotic","bisexual","superior","nectar_pollen","actinomorphic","bright",NA,0.575,60,1,17.5,NA,20,0,0.3,NA,NA,2.15
"Ravenala madagascariensis","woody","non-climbing","non-aquatic","monomorphic","long","mixed","biotic","biotic","bisexual","inferior","nectar_pollen","zygomorphic","bright",19,13.5,6,12.5,NA,NA,3,1,NA,NA,NA,19
"Reseda lutea","herbaceous","non-climbing","non-aquatic","dimorphic","long_short","outcrossing","biotic","biotic","bisexual","superior",NA,"zygomorphic","bright_dull",NA,NA,NA,NA,NA,NA,NA,NA,NA,NA,NA,NA
"Rhexia virginica","herbaceous","non-climbing","non-aquatic","monomorphic","long",NA,"biotic",NA,"bisexual",NA,NA,"actinomorphic","bright",NA,NA,NA,NA,NA,NA,NA,NA,NA,NA,NA,NA
"Rhizophora stylosa","woody","non-climbing","non-aquatic","monomorphic","long","mixed","abiotic","abiotic","bisexual","inferior","none","actinomorphic","bright_dull",NA,13.5,8,2,NA,NA,2,1,NA,NA,NA,NA
"Ribes aureum","woody","non-climbing","non-aquatic","monomorphic","long","outcrossing","biotic",NA,"bisexual","inferior","nectar","actinomorphic","bright",1.6,2,5,NA,38,NA,2,NA,NA,NA,NA,1.6
"Roridula dentata","woody","non-climbing","non-aquatic","monomorphic","long","selfing","autonomous_biotic","autonomous","bisexual","superior","none","actinomorphic","bright_dull",1.5,2,5,1,NA,NA,3,1,0.5,NA,NA,2.5
"Roridula gorgonias","herbaceous_woody","non-climbing","non-aquatic","monomorphic","long","selfing","autonomous_biotic","autonomous","bisexual","intermediate","none","actinomorphic","bright_dull",1.5,1,5,3,75.5,NA,3,1,0.5,NA,NA,2.5
"Roupala montana","woody","non-climbing","non-aquatic","monomorphic","long","outcrossing","biotic","abiotic","bisexual","superior","nectar","actinomorphic","bright",0.775,6,4,2,NA,NA,1,NA,NA,NA,NA,0.775
"Rourea induta","woody","non-climbing","non-aquatic","monomorphic","long","outcrossing","biotic",NA,"bisexual",NA,NA,NA,NA,NA,4,10,NA,NA,NA,NA,NA,NA,NA,NA,1.1
"Ruellia ciliatiflora","herbaceous_woody","non-climbing","non-aquatic","monomorphic","long","mixed","biotic",NA,"bisexual",NA,NA,"zygomorphic","bright",NA,NA,NA,NA,NA,NA,NA,NA,NA,NA,NA,NA
"Ruta graveolens","woody","non-climbing","non-aquatic","monomorphic","long",NA,"biotic","autonomous","bisexual","superior","nectar_pollen","actinomorphic","bright",NA,1,9,4,25.5,304,4,1,0.75,NA,NA,NA
"Sagina procumbens","herbaceous","non-climbing","non-aquatic","monomorphic","long","selfing","autonomous_biotic","autonomous","bisexual","superior","nectar","actinomorphic","dull",NA,0.2,4,NA,NA,NA,4,NA,0.275,NA,NA,0.2
"Sagittaria latifolia","herbaceous","non-climbing","non-aquatic","dimorphic_monomorphic","long","outcrossing","biotic","abiotic","unisexual","superior",NA,"actinomorphic","bright",NA,NA,30,NA,NA,NA,6,NA,NA,NA,NA,4
"Salpiglossis sinuata","herbaceous","non-climbing","non-aquatic","monomorphic","short","outcrossing","autonomous_biotic","autonomous","bisexual","superior",NA,"zygomorphic","bright",4.075,1,4,NA,67.5,NA,2,1,NA,NA,0.335,5.5
"Santalum spicatum","woody","non-climbing","non-aquatic","monomorphic","long","outcrossing","biotic","biotic","bisexual","inferior","nectar_other","actinomorphic","bright_dull",NA,NA,4,NA,NA,NA,NA,NA,NA,NA,NA,NA
"Sarracenia purpurea","herbaceous","non-climbing","non-aquatic","monomorphic","long","outcrossing","biotic","autonomous","bisexual","superior","nectar","actinomorphic","bright_dull",NA,0.25,65,282,NA,NA,5,1,NA,1.5,NA,6
"Sauvagesia rhodoleuca","woody","non-climbing","non-aquatic","monomorphic","long",NA,NA,"abiotic","bisexual","superior",NA,NA,"bright",NA,1.15,5,NA,NA,NA,3,NA,NA,NA,NA,0.525
"Saxifraga cernua","herbaceous","non-climbing","non-aquatic","dimorphic_monomorphic","long","outcrossing","biotic","abiotic_biotic","bisexual","intermediate","nectar","actinomorphic","bright",NA,0.155,10,232,NA,218,2,0.7,NA,NA,NA,15
"Scaevola montana","woody","non-climbing","non-aquatic","monomorphic",NA,"outcrossing","biotic","biotic","bisexual",NA,"nectar",NA,"bright",NA,NA,NA,NA,NA,NA,NA,NA,NA,NA,NA,NA
"Schinus molle","woody","non-climbing","non-aquatic","dimorphic","long","outcrossing","biotic","abiotic_biotic","unisexual","superior",NA,"actinomorphic","bright_dull",NA,8.5,10,1,30.75,NA,3,1,0.55,0.55,NA,NA
"Schisandra chinensis","herbaceous","climbing","non-aquatic","monomorphic","long","mixed","biotic",NA,"unisexual","superior",NA,"actinomorphic","bright",NA,NA,5.5,2.5,38,NA,27,0,0.625,30.5,NA,NA
"Schizanthus grahamii","herbaceous","non-climbing","non-aquatic","monomorphic","short","mixed","biotic",NA,"bisexual","superior",NA,"zygomorphic","bright",2.9,0.5,2,NA,NA,NA,2,1,NA,NA,NA,2.9
"Scleranthus annuus","herbaceous","non-climbing","non-aquatic","dimorphic_monomorphic","short","mixed","autonomous_biotic","autonomous","bisexual","superior","nectar_none","actinomorphic","bright_dull",NA,0.135,3.5,1,NA,300,2,1,0.41,0.1,NA,0.15
"Senecio vulgaris","herbaceous","non-climbing","non-aquatic","monomorphic","short",NA,"biotic","abiotic","bisexual","inferior",NA,"actinomorphic","bright",NA,NA,NA,NA,NA,NA,NA,NA,NA,NA,NA,NA
"Sesamum indicum","herbaceous","non-climbing","non-aquatic","monomorphic","short","mixed","biotic","autonomous","bisexual","superior","nectar","zygomorphic","bright",2.4,1.2,4,999,75.5,NA,2,1,0.65,0.225,NA,2.4
"Sextonia rubra","woody","non-climbing","non-aquatic","monomorphic","long","outcrossing","biotic","autonomous_biotic","bisexual","superior","other","actinomorphic","bright",NA,40,9,1,NA,NA,1,NA,NA,NA,NA,NA
"Silene vulgaris","herbaceous","non-climbing","non-aquatic","dimorphic","long","mixed","biotic","abiotic","bisexual_unisexual","superior","nectar_other","actinomorphic_zygomorphic","bright",NA,0.6,10,NA,38,218,NA,1,1.3,NA,NA,NA
"Simmondsia chinensis","woody","non-climbing","non-aquatic","dimorphic","long","outcrossing","abiotic","biotic","unisexual","superior","none","actinomorphic","bright_dull",NA,NA,10,NA,NA,NA,3,1,NA,NA,NA,0.4
"Sinojackia xylocarpa","woody","non-climbing","non-aquatic","monomorphic","long","outcrossing","biotic",NA,"bisexual","intermediate",NA,"actinomorphic","bright",1.25,NA,13,7,NA,NA,3,1,NA,NA,NA,1.75
"Solanum dulcamara","herbaceous","climbing_non-climbing","non-aquatic","monomorphic","long","mixed","biotic","biotic","bisexual","superior","pollen","actinomorphic","bright",NA,1.15,5,NA,17.5,NA,2,1,1.25,0.875,NA,NA
"Souroubea guianensis","woody","climbing","non-aquatic","monomorphic",NA,"outcrossing","biotic","biotic","bisexual",NA,"nectar_other",NA,"bright",NA,NA,NA,NA,NA,NA,NA,NA,NA,NA,NA,NA
"Spergularia marina","herbaceous","non-climbing","non-aquatic","monomorphic","short","selfing","autonomous","abiotic","bisexual","superior","nectar","actinomorphic","bright_dull",NA,0.2,4.33333333333333,114,NA,34,NA,NA,0.46,0.46,NA,NA
"Spigelia marilandica","herbaceous","non-climbing","non-aquatic","monomorphic","long",NA,"biotic","autonomous","bisexual","superior",NA,"actinomorphic","bright_dull",3.75,0.45,5,NA,NA,NA,2,1,NA,NA,NA,3.75
"Spiranthes cernua","herbaceous","non-climbing","non-aquatic","monomorphic","long","mixed","autonomous_biotic","abiotic","bisexual","inferior",NA,"zygomorphic","bright_dull",NA,0.3,1,NA,38,NA,3,1,NA,NA,NA,NA
"Spondias tuberosa","woody","non-climbing","non-aquatic","monomorphic","long","outcrossing","biotic","biotic","bisexual",NA,NA,"actinomorphic","bright",NA,6,10,1,NA,NA,4.5,NA,NA,NA,NA,NA
"Staphylea trifolia","woody","non-climbing","non-aquatic","monomorphic","long","outcrossing","biotic","abiotic","bisexual","superior","nectar_pollen","actinomorphic","bright_dull",0.83,3.1225,5,9,NA,NA,2.5,1,NA,NA,NA,0.83
"Stellaria media","herbaceous","non-climbing","non-aquatic","monomorphic","long_short","selfing","autonomous_biotic","autonomous","bisexual","superior","nectar","actinomorphic","bright_dull",0.525,0.2,5.5,NA,38,50,NA,NA,0.4,0.4,NA,0.525
"Sterculia apetala","woody","non-climbing","non-aquatic","monomorphic","long","outcrossing","biotic","biotic","bisexual_unisexual","superior",NA,"actinomorphic","bright_dull",1,35,15,11,NA,NA,5,0.2,6,4,NA,2
"Stylidium graminifolium","herbaceous","non-climbing","non-aquatic","monomorphic","long","outcrossing","biotic","autonomous","bisexual","inferior",NA,"zygomorphic","bright",0.75,NA,2,90,NA,NA,2,1,0.85,0.85,NA,1
"Swietenia macrophylla","woody","non-climbing","non-aquatic","monomorphic","long","outcrossing","biotic","abiotic","unisexual","superior",NA,"actinomorphic","bright_dull",0.4,30,10,14,NA,NA,5,1,15,9,NA,1
"Syringa vulgaris","woody","non-climbing","non-aquatic","monomorphic","long",NA,"biotic","biotic","bisexual","superior","nectar_pollen","actinomorphic","bright",NA,6,2,2,38,NA,2,1,1.25,0.5,NA,NA
"Tacca chantrieri","herbaceous","non-climbing","non-aquatic","monomorphic","long","selfing","autonomous_biotic","biotic","bisexual","inferior",NA,"actinomorphic","bright_dull",NA,0.75,6,285,NA,49.5,NA,NA,NA,NA,NA,NA
"Tacca leontopetaloides","herbaceous","non-climbing","non-aquatic","monomorphic","long",NA,"biotic",NA,"bisexual","inferior",NA,"actinomorphic","bright_dull",NA,1,6,23,NA,137,3,NA,NA,NA,NA,NA
"Talinum paniculatum","herbaceous","non-climbing","non-aquatic","monomorphic","long",NA,"biotic","autonomous","bisexual","superior",NA,"actinomorphic","bright",0.34,0.65,15.75,19,38,136,3,NA,0.4,0.4,NA,0.84
"Tectona grandis","woody","non-climbing","non-aquatic","monomorphic","long","outcrossing","biotic","abiotic","bisexual","superior","nectar","actinomorphic","bright",NA,40,6,NA,NA,3207.5,NA,NA,1.5,1.5,NA,0.55
"Ternstroemia crassifolia","woody","non-climbing","non-aquatic",NA,"long","outcrossing","biotic","biotic",NA,NA,NA,NA,NA,NA,NA,NA,NA,NA,NA,NA,NA,NA,NA,NA,NA
"Tetracentron sinense","woody","non-climbing","non-aquatic","monomorphic","long","mixed","abiotic_biotic","abiotic","bisexual","intermediate","nectar_none_pollen","actinomorphic","bright_dull",NA,40,4,6,NA,720,4,0.8,0.375,0.325,NA,0.15
"Tetratheca aphylla","woody","non-climbing","non-aquatic","monomorphic","long","outcrossing","biotic","autonomous_biotic","bisexual","superior","pollen",NA,"bright",NA,1.9,10,1,NA,NA,3,NA,0.34,NA,NA,NA
"Tetroncium magellanicum","herbaceous","non-climbing","aquatic","dimorphic","long","outcrossing","abiotic","biotic","unisexual","superior","none","other","bright",NA,NA,4,1,NA,NA,4,0.3,NA,NA,NA,NA
"Thalictrum minus","herbaceous","non-climbing","non-aquatic","monomorphic","long",NA,"abiotic_biotic","autonomous","bisexual","superior","none_pollen","actinomorphic","bright_dull",NA,0.825,12.5,1,38,NA,7.75,0,0.325,0.325,NA,0.7
"Theobroma cacao","woody","non-climbing","non-aquatic","monomorphic","long","outcrossing","biotic","biotic","bisexual","superior","nectar","actinomorphic","bright",1,18,5,NA,17.5,NA,5,1,17,NA,NA,1
"Thymelaea hirsuta","woody","non-climbing","non-aquatic","dimorphic_monomorphic","long","outcrossing","abiotic_biotic","biotic","unisexual","superior","none","actinomorphic","dull",2.88666666666667,1.6,8,1,28,NA,1,NA,NA,NA,NA,2.88666666666667
"Titanotrichum oldhamii","herbaceous","non-climbing","non-aquatic","monomorphic","long","mixed","biotic",NA,"bisexual","superior",NA,"zygomorphic","bright",3.5,NA,4,NA,NA,NA,NA,NA,NA,NA,NA,3.5
"Trachelium caeruleum","herbaceous","non-climbing","non-aquatic","monomorphic","long",NA,"biotic","autonomous","bisexual","inferior","nectar_pollen","actinomorphic","bright",0.5,1,5,NA,23,NA,NA,NA,NA,NA,NA,0.5
"Tragopogon dubius","herbaceous","non-climbing","non-aquatic","monomorphic","short","selfing","biotic","abiotic_biotic","bisexual","inferior",NA,"zygomorphic","bright",NA,0.7,5,1,38,NA,2,1,2.6,0.155,NA,NA
"Tribulus terrestris","herbaceous","non-climbing","non-aquatic","monomorphic","short",NA,"biotic","biotic","bisexual","superior","nectar_pollen","actinomorphic","bright",NA,0.35,10,20,45.5,398,5,1,0.5,1,NA,0.9
"Trichilia emetica","woody","non-climbing","non-aquatic","dimorphic","long","outcrossing","biotic","biotic","unisexual","superior",NA,"actinomorphic",NA,1.6,30,10,2,NA,NA,3,1,3,NA,NA,1.6
"Trillium erectum","herbaceous","non-climbing","non-aquatic","monomorphic","long","outcrossing","biotic","biotic","bisexual","superior",NA,"actinomorphic","bright_dull",NA,0.3,6,NA,NA,537,3,NA,1.3,1.25,NA,NA
"Trithuria submersa","herbaceous","non-climbing","aquatic","monomorphic","short","selfing","abiotic","autonomous","unisexual","superior","none","actinomorphic","bright",NA,0.075,1,1,NA,24,1,NA,NA,NA,NA,1
"Trochocarpa laurina","woody","non-climbing","non-aquatic","monomorphic","long","outcrossing","biotic","abiotic_biotic","bisexual","superior",NA,"actinomorphic","bright",0.25,NA,10,1,NA,NA,10,1,NA,0.7,NA,0.25
"Tropaeolum majus","herbaceous","climbing_non-climbing","non-aquatic","monomorphic","long_short",NA,"biotic","abiotic","bisexual","superior","nectar_pollen","zygomorphic","bright",4,NA,8,NA,17.5,63480.5,NA,NA,1.75,1.75,NA,4.45
"Tropaeolum tricolor","herbaceous","non-climbing","non-aquatic","monomorphic","long",NA,"biotic",NA,"bisexual","superior",NA,"zygomorphic","bright",3,2,8,1,NA,NA,3,1,NA,NA,NA,3
"Turnera ulmifolia","woody","non-climbing","non-aquatic","monomorphic","long","outcrossing","biotic","biotic","bisexual","superior",NA,"actinomorphic","bright",NA,0.875,5,504.5,75.5,NA,3,1,NA,NA,NA,5
"Typha latifolia","herbaceous","non-climbing","non-aquatic","monomorphic","long",NA,"abiotic","abiotic","unisexual","superior","none",NA,"dull",NA,2.25,2,1,38,NA,1,NA,1.25,NA,NA,NA
"Urtica dioica","herbaceous","non-climbing","non-aquatic","dimorphic","long","outcrossing","abiotic","biotic","unisexual","superior","none","actinomorphic_other","dull",NA,1.75,4,1,17.5,NA,1,NA,0.12,0.08,NA,NA
"Vaccinium uliginosum","woody","non-climbing","non-aquatic","monomorphic","long","mixed","biotic","biotic","bisexual","inferior","nectar","actinomorphic","bright_dull",0.6,0.6,9,NA,48.25,316,3.5,1,0.7,0.7,NA,0.6
"Valeriana officinalis","herbaceous","non-climbing","non-aquatic","monomorphic","long","outcrossing","biotic","abiotic","bisexual","inferior","nectar_pollen","other","bright",NA,0.75,3,1,38,NA,3,NA,0.45,0.45,NA,0.5
"Vellozia squamata","woody","non-climbing","non-aquatic","monomorphic","long","outcrossing","biotic",NA,"bisexual",NA,NA,"actinomorphic","bright",NA,NA,NA,NA,NA,NA,NA,NA,NA,NA,NA,NA
"Verbascum thapsus","herbaceous","non-climbing","non-aquatic","monomorphic","short","mixed","biotic","biotic","bisexual","superior","nectar_pollen","zygomorphic","bright",NA,2,5,NA,NA,NA,2,1,0.85,NA,NA,1.5
"Veronica anagallis-aquatica","herbaceous","non-climbing","non-aquatic","monomorphic","long","selfing","abiotic_biotic","abiotic","bisexual","superior","none","zygomorphic","bright",NA,0.55,2,NA,38,43,2,NA,0.3,NA,0.205,0.625
"Viburnum rufidulum","woody","non-climbing","non-aquatic","monomorphic","long","outcrossing","biotic","biotic","bisexual","inferior","pollen","actinomorphic","bright",NA,6,5,NA,NA,NA,NA,NA,NA,NA,NA,0.63
"Viola pubescens","herbaceous","non-climbing","non-aquatic","monomorphic","long","mixed","autonomous_biotic","autonomous_biotic","bisexual","superior",NA,"zygomorphic","bright",NA,0.275,5,9,NA,NA,3,1,1.6,1,NA,NA
"Vitex negundo","woody","non-climbing","non-aquatic","monomorphic","long",NA,"biotic",NA,"bisexual",NA,"nectar","zygomorphic","bright",NA,NA,NA,NA,NA,NA,NA,NA,NA,NA,NA,NA
"Vitis labrusca","woody","climbing","non-aquatic","monomorphic","long",NA,"biotic","biotic","bisexual","superior",NA,"actinomorphic","dull",0.2,NA,5,NA,NA,NA,NA,NA,NA,1.2,NA,0.2
"Viviania marifolia","herbaceous","non-climbing","non-aquatic","monomorphic","long","outcrossing","biotic","abiotic_biotic","bisexual","superior","nectar","actinomorphic","bright",NA,4,10,2,30,NA,3,1,NA,NA,NA,NA
"Vriesea carinata","herbaceous","non-climbing","non-aquatic","monomorphic","long","mixed","biotic","abiotic","bisexual","superior",NA,"actinomorphic_zygomorphic","bright",NA,NA,6,NA,NA,NA,3,NA,NA,NA,NA,NA
"Warburgia ugandensis","woody","non-climbing","non-aquatic","monomorphic","long","outcrossing","biotic","biotic","bisexual","superior",NA,"actinomorphic","bright_dull",NA,NA,10,NA,NA,NA,5,1,NA,NA,NA,NA
"Wurmbea biglandulosa","herbaceous","non-climbing","non-aquatic","dimorphic_monomorphic","long","outcrossing","biotic","autonomous","bisexual_unisexual","superior","nectar","actinomorphic","bright",NA,NA,6,21.5,NA,NA,3,NA,NA,NA,NA,1.475
"Xanthosoma sagittifolium","herbaceous","non-climbing","non-aquatic","monomorphic","long",NA,"biotic","autonomous_biotic","unisexual","superior","other",NA,"bright",NA,2,5,35,NA,390.5,4.25,1,NA,NA,NA,NA
"Ximenia americana","woody","non-climbing","non-aquatic","monomorphic","long","outcrossing","biotic","abiotic_biotic","bisexual","superior",NA,"actinomorphic","bright_dull",0.9,5,7.33333333333333,1,NA,NA,4,NA,NA,NA,NA,1.2
"Zea mays","herbaceous","non-climbing","non-aquatic","monomorphic","short","outcrossing","abiotic","biotic","unisexual","superior","none",NA,"dull",0.745,3.25,3,1,75.5,14818,1,NA,0.725,0.45,NA,0.745
"Zelkova serrata","woody","non-climbing","non-aquatic","monomorphic","long","outcrossing","abiotic","abiotic","bisexual_unisexual","superior","none",NA,"dull",NA,30,7,1,NA,NA,2,NA,0.3,NA,NA,0.9
"Zostera marina","herbaceous","non-climbing","aquatic","monomorphic","long","mixed","abiotic","abiotic","unisexual",NA,"none",NA,"dull",NA,0.7,1,1,NA,NA,2,NA,0.3375,NA,0.45,NA
