"","NTaxDat","meanValDat_103. Flower length (C1)","meanValDat_2. Maximum vertical height (C1)","meanValDat_301. Number of fertile stamens (C1)","meanValDat_411. Number of ovules per functional carpel (C1)","meanValDat_5014. Pollen size (C1)","meanValDat_81. Pollen/ovule ratio (C1)","meanValDat_104. Flower diameter (C1)","meanValDat_401. Number of structural carpels (C1)","meanValDat_403. Fusion of ovaries (C1)","meanValDat_20500. Fruit length (C1)","meanValDat_20501. Fruit width (C1)","meanValDat_417. Length of gynoecium (C1)","meanValDat_84. Outcrossing rate (C1)","meanMinDat_103. Flower length (C1)","meanMinDat_2. Maximum vertical height (C1)","meanMinDat_301. Number of fertile stamens (C1)","meanMinDat_411. Number of ovules per functional carpel (C1)","meanMinDat_5014. Pollen size (C1)","meanMinDat_81. Pollen/ovule ratio (C1)","meanMinDat_104. Flower diameter (C1)","meanMinDat_401. Number of structural carpels (C1)","meanMinDat_403. Fusion of ovaries (C1)","meanMinDat_20500. Fruit length (C1)","meanMinDat_20501. Fruit width (C1)","meanMinDat_417. Length of gynoecium (C1)","meanMinDat_84. Outcrossing rate (C1)","meanMaxDat_103. Flower length (C1)","meanMaxDat_2. Maximum vertical height (C1)","meanMaxDat_301. Number of fertile stamens (C1)","meanMaxDat_411. Number of ovules per functional carpel (C1)","meanMaxDat_5014. Pollen size (C1)","meanMaxDat_81. Pollen/ovule ratio (C1)","meanMaxDat_104. Flower diameter (C1)","meanMaxDat_401. Number of structural carpels (C1)","meanMaxDat_403. Fusion of ovaries (C1)","meanMaxDat_20500. Fruit length (C1)","meanMaxDat_20501. Fruit width (C1)","meanMaxDat_417. Length of gynoecium (C1)","meanMaxDat_84. Outcrossing rate (C1)"
"1","Abolboda pulchella",0.6,0.3,3,10.6,90,47,NA,NA,NA,NA,NA,NA,NA,NA,NA,NA,NA,80,NA,NA,NA,NA,NA,NA,NA,NA,NA,NA,NA,NA,100,NA,NA,NA,NA,NA,NA,NA,NA
"2","Achatocarpus praecox",NA,NA,16,1,NA,NA,0.65,2,1,NA,NA,NA,NA,NA,NA,14,0,NA,NA,0.5,NA,NA,NA,NA,NA,NA,NA,NA,18,1,NA,NA,0.8,NA,NA,NA,NA,NA,NA
"3","Acorus calamus",0.35,1.75,6,4.5,21,NA,0.25,3,1,0.425,0.25,0.14,NA,0.3,NA,NA,3,NA,NA,0.2,NA,NA,0.4,0.2,NA,NA,0.4,NA,NA,6,NA,NA,0.3,NA,NA,0.45,0.3,NA,NA
"4","Actinidia chinensis",1.5,5,155,15,NA,NA,5.15,29,1,NA,NA,NA,NA,1,NA,140,10,NA,NA,3.5,20,NA,NA,NA,NA,NA,2,NA,170,20,NA,NA,6.8,38,NA,NA,NA,NA,NA
"5","Aerva javanica",0.2,1,5,1,NA,NA,NA,2.5,1,NA,NA,NA,NA,0.15,NA,NA,NA,NA,NA,NA,2,NA,NA,NA,NA,NA,0.25,NA,NA,NA,NA,NA,NA,3,NA,NA,NA,NA,NA
"6","Aextoxicon punctatum",NA,NA,5.5,2,NA,NA,0.8,1,NA,NA,NA,NA,NA,NA,NA,5,NA,NA,NA,NA,NA,NA,NA,NA,NA,NA,NA,NA,6,NA,NA,NA,NA,NA,NA,NA,NA,NA,NA
"7","Agalinis neoscotica",1.15,NA,4,NA,NA,123.5,0.64,2,NA,NA,NA,NA,0.53,0.8,NA,NA,NA,NA,NA,0.5,NA,NA,NA,NA,NA,NA,1.5,NA,NA,NA,NA,NA,0.78,NA,NA,NA,NA,NA,NA
"8","Ailanthus altissima",NA,30,10,1,31.5,NA,0.8,5,NA,4.05,1,NA,NA,NA,NA,NA,NA,NA,NA,NA,NA,NA,3.3,0.8,NA,NA,NA,NA,NA,NA,NA,NA,NA,NA,NA,4.8,1.2,NA,NA
"9","Ajuga reptans",0.8,0.275,4,NA,22.95,661.5,1.27,2,1,NA,NA,NA,NA,0.525,0.15,NA,NA,NA,592,NA,NA,NA,NA,NA,NA,NA,1.075,0.4,NA,NA,NA,731,NA,NA,NA,NA,NA,NA,NA
"10","Akebia quinata",0.825,9.5,6,150,17.5,NA,1.1,6,0,6.875,3.725,NA,0.92,0.6,7,NA,NA,10,NA,0.8,3,NA,4.55,3.15,NA,NA,1.05,12,NA,NA,25,NA,1.4,9,NA,9.2,4.3,NA,NA
"11","Albizia julibrissin",0.75,16,25,15,100,2826,0.8,1,NA,14.75,2,NA,1,0.7,NA,20.5,12,NA,NA,NA,NA,NA,12,1.5,NA,0.95,0.8,NA,29.5,18,NA,NA,NA,NA,NA,17.5,2.5,NA,1.0035
"12","Alepis flavida",1.6,NA,5.5,NA,NA,NA,0.65,NA,NA,NA,NA,NA,NA,1,NA,5,NA,NA,NA,0.5,NA,NA,NA,NA,NA,NA,2,NA,6,NA,NA,NA,0.8,NA,NA,NA,NA,NA,NA
"13","Allanblackia floribunda",NA,NA,185,505.5,NA,NA,5,5,NA,NA,NA,NA,NA,NA,NA,NA,12,NA,NA,NA,NA,NA,NA,NA,NA,NA,NA,NA,NA,999,NA,NA,NA,NA,NA,NA,NA,NA,NA
"14","Allium sativum",NA,NA,6,NA,NA,NA,NA,3,NA,NA,NA,NA,NA,NA,NA,NA,NA,NA,NA,NA,NA,NA,NA,NA,NA,NA,NA,NA,NA,NA,NA,NA,NA,NA,NA,NA,NA,NA,NA
"15","Allium schoenoprasum",1.04,NA,6,NA,NA,NA,NA,NA,NA,0.345,0.315,NA,0.91,0.8,NA,NA,NA,NA,NA,NA,NA,NA,0.31,0.26,NA,NA,1.28,NA,NA,NA,NA,NA,NA,NA,NA,0.38,0.37,NA,NA
"16","Allocasuarina verticillata",0.9,NA,1,1,30,4364,NA,1.5,1,NA,NA,NA,NA,NA,NA,NA,NA,25,3220,NA,NA,NA,NA,NA,NA,NA,NA,NA,NA,NA,35,5508,NA,NA,NA,NA,NA,NA,NA
"17","Alluaudia procera",NA,15,8,1,NA,NA,0.2,3,1,0.25,NA,NA,NA,NA,NA,NA,NA,NA,NA,NA,NA,NA,0.2,NA,NA,NA,NA,NA,NA,NA,NA,NA,NA,NA,NA,0.3,NA,NA,NA
"18","Alnus alnobetula",NA,10,4,1.5,23,NA,NA,2.5,1,NA,NA,NA,0.95,NA,0.5,3,1,21,NA,NA,2,NA,NA,NA,NA,NA,NA,3,6,2,25,NA,NA,3,NA,NA,NA,NA,NA
"19","Aloe thraskii",2.35,2.75,6,NA,NA,NA,NA,NA,NA,NA,NA,NA,0.78,1.8,0.5,NA,NA,NA,NA,NA,NA,NA,NA,NA,NA,NA,2.9,5,NA,NA,NA,NA,NA,NA,NA,NA,NA,NA,NA
"20","Alphitonia excelsa",NA,21,5,1,22,5550,1,3,NA,0.85,0.9,NA,NA,NA,NA,NA,NA,21,NA,0.4,NA,NA,0.7,0.7,NA,NA,NA,NA,NA,NA,23,NA,0.6,NA,NA,1,1.1,NA,NA
"21","Alseuosmia macrophylla",3.75,2.375,5,51.5,47.5,NA,NA,2,NA,NA,NA,NA,NA,3.5,2,NA,4,45,NA,NA,NA,NA,NA,NA,NA,NA,4,2.75,NA,99,50,NA,NA,NA,NA,NA,NA,NA,NA
"22","Alstroemeria aurea",NA,0.75,6,21.5,NA,4500,5,3,NA,2.25,NA,NA,0.31,NA,0.3,NA,17,NA,NA,NA,NA,NA,2,NA,NA,NA,NA,1.2,NA,26,NA,NA,NA,NA,NA,2.5,NA,NA,NA
"23","Alyssum simplex",NA,0.15,6,2,36.55,NA,0.25,2,1,0.45,0.45,NA,NA,NA,0.05,NA,NA,NA,NA,0.2,NA,NA,0.4,0.4,NA,NA,NA,0.25,NA,NA,NA,NA,0.3,NA,NA,0.5,0.5,NA,NA
"24","Amborella trichopoda",NA,8,16.5,1,NA,1582,0.4,5,0,NA,NA,NA,NA,NA,7,12,NA,NA,NA,0.333333333333333,5,NA,NA,NA,NA,NA,NA,9,21,NA,NA,NA,0.466666666666667,8,NA,NA,NA,NA,NA
"25","Amsonia tabernaemontana",NA,0.65,5,NA,NA,NA,1.9,2,0,NA,NA,NA,NA,NA,0.3,NA,NA,NA,NA,NA,NA,NA,NA,NA,NA,NA,NA,1,NA,NA,NA,NA,NA,NA,NA,NA,NA,NA,NA
"26","Anarthria polyphylla",NA,0.1,3,1,NA,NA,NA,3,1,NA,NA,NA,NA,NA,0.05,NA,NA,NA,NA,NA,NA,NA,NA,NA,NA,NA,NA,0.15,NA,NA,NA,NA,NA,NA,NA,NA,NA,NA,NA
"27","Angelonia pubescens",NA,0.7,4,NA,NA,NA,1.4,2,1,NA,NA,NA,NA,NA,NA,NA,NA,NA,NA,NA,NA,NA,NA,NA,NA,NA,NA,NA,NA,NA,NA,NA,NA,NA,NA,NA,NA,NA,NA
"28","Anigozanthos humilis",3.75,NA,6,NA,NA,NA,NA,NA,NA,NA,NA,NA,NA,3,NA,NA,NA,NA,NA,NA,NA,NA,NA,NA,NA,NA,4.5,NA,NA,NA,NA,NA,NA,NA,NA,NA,NA,NA,NA
"29","Annona crassiflora",NA,NA,NA,NA,NA,NA,3.25,NA,NA,NA,NA,NA,0.974,NA,NA,NA,NA,NA,NA,3,NA,NA,NA,NA,NA,NA,NA,NA,NA,NA,NA,NA,3.5,NA,NA,NA,NA,NA,NA
"30","Antirrhinum majus",3.6,0.5,4,9999,17.5,NA,1.9,2,1,1.35,1.1,NA,NA,2.7,0.35,NA,NA,10,NA,1.3,NA,NA,1.2,1,NA,NA,4.5,0.65,NA,NA,25,NA,2.5,NA,NA,1.5,1.2,NA,NA
"31","Apium graveolens",0.15,1,5,1,23,NA,0.1,2,1,0.15,NA,NA,0.5475,0.1,NA,NA,NA,22,NA,0.05,NA,NA,NA,NA,NA,0.395,0.2,NA,NA,NA,24,NA,0.15,NA,NA,NA,NA,NA,0.7
"32","Aquilegia canadensis",3,0.525,40,75,NA,610,NA,5,0,NA,NA,1.65,0.255,NA,0.15,30,NA,NA,550,NA,NA,NA,NA,NA,NA,NA,NA,0.9,40,NA,NA,620,NA,NA,NA,NA,NA,NA,NA
"33","Arabidopsis thaliana",NA,0.175,6,55,17.5,33,0.25,2,1,NA,NA,NA,0.015,NA,0.05,NA,40,10,NA,0.2,NA,NA,NA,NA,NA,0,NA,0.3,NA,70,25,NA,0.3,NA,NA,NA,NA,NA,0.03
"34","Aralidium pinnatifidum",0.25,NA,5,0.5,NA,NA,NA,3,1,NA,NA,NA,NA,0.2,NA,NA,0,NA,NA,NA,3,NA,NA,NA,NA,NA,0.3,NA,NA,1,NA,NA,NA,4,NA,NA,NA,NA,NA
"35","Arctostaphylos uva-ursi",0.2,0.105,10,1,54,NA,0.2,5,1,NA,NA,NA,NA,NA,0.06,NA,NA,44,NA,NA,NA,NA,NA,NA,NA,NA,NA,0.15,NA,NA,64,NA,NA,NA,NA,NA,NA,NA,NA
"36","Arum maculatum",NA,0.33,3.5,NA,38,4596,NA,NA,NA,NA,NA,NA,1,NA,NA,3,NA,36,NA,NA,NA,NA,NA,NA,NA,NA,NA,NA,4,NA,40,NA,NA,NA,NA,NA,NA,NA,NA
"37","Asparagus officinalis",NA,1.75,6,NA,38,NA,0.5,3,1,0.8,NA,NA,NA,NA,1,NA,NA,26,NA,0.4,NA,NA,0.6,NA,NA,NA,NA,2.5,NA,NA,50,NA,0.6,NA,NA,1,NA,NA,NA
"38","Astelia alpina",0.4,NA,6,36,18.25,NA,0.3,3,1,NA,NA,NA,NA,0.2,NA,NA,NA,12.5,NA,NA,NA,NA,NA,NA,NA,NA,0.6,NA,NA,NA,24,NA,NA,NA,NA,NA,NA,NA,NA
"39","Audouinia capitata",1,0.4,5,6,NA,NA,NA,NA,NA,NA,NA,NA,NA,NA,0.3,NA,NA,NA,NA,NA,NA,NA,NA,NA,NA,NA,NA,0.5,NA,NA,NA,NA,NA,NA,NA,NA,NA,NA,NA
"40","Avicennia marina",0.595,4.1,4,2,NA,4000,0.48,2,1,2.5,1.2,0.3,0.650083333333333,0.36,NA,NA,NA,NA,NA,0.25,NA,NA,1.44,1.06,NA,NA,0.83,NA,NA,NA,NA,NA,0.68,NA,NA,3.05,2.71,NA,NA
"41","Azima tetracantha",NA,0.9,4,1,NA,NA,3.5,2,1,0.75,NA,NA,NA,NA,NA,NA,NA,NA,NA,2,NA,NA,0.5,NA,NA,NA,NA,NA,NA,NA,NA,NA,5,NA,NA,1,NA,NA,NA
"42","Bagassa guianensis",NA,30,3,NA,NA,NA,NA,NA,NA,NA,NA,NA,NA,NA,NA,2,NA,NA,NA,NA,NA,NA,NA,NA,NA,NA,NA,NA,4,NA,NA,NA,NA,NA,NA,NA,NA,NA,NA
"43","Balanophora laxiflora",NA,NA,5,NA,NA,NA,1.5,NA,NA,NA,NA,NA,NA,NA,NA,4,NA,NA,NA,NA,NA,NA,NA,NA,NA,NA,NA,NA,6,NA,NA,NA,NA,NA,NA,NA,NA,NA,NA
"44","Balanops pancheri",NA,4,5,2,NA,NA,NA,2,1,1.7,NA,NA,NA,NA,NA,4,NA,NA,NA,NA,NA,NA,NA,NA,NA,NA,NA,NA,6,NA,NA,NA,NA,NA,NA,NA,NA,NA,NA
"45","Bdallophytum americanum",0.855,0.165,9,NA,NA,NA,0.65,9.5,NA,NA,1.35,NA,NA,0.615,0.08,6,NA,NA,NA,0.45,7,NA,NA,1.2,NA,NA,1.095,0.25,12,NA,NA,NA,0.85,12,NA,NA,1.5,NA,NA
"46","Begonia heracleifolia",1.2,NA,22.5,NA,NA,NA,NA,3,NA,1,NA,NA,0.399,1,NA,10,NA,NA,NA,NA,NA,NA,0.8,NA,NA,NA,1.4,NA,35,NA,NA,NA,NA,NA,NA,1.2,NA,NA,NA
"47","Bergeranthus multiceps",NA,NA,182.5,NA,NA,NA,2,NA,NA,0.8,0.5,NA,NA,NA,NA,150,NA,NA,NA,NA,NA,NA,0.7,0.4,NA,NA,NA,NA,215,NA,NA,NA,NA,NA,NA,0.9,0.6,NA,NA
"48","Berteroa incana",NA,0.7,6,NA,17.5,NA,0.3,2,1,0.6,0.16,NA,NA,NA,0.3,6,NA,10,NA,0.6,NA,NA,0.5,0.12,NA,NA,NA,1.1,6,NA,25,NA,1,NA,NA,0.7,0.2,NA,NA
"49","Bertholletia excelsa",NA,50,114,9,NA,26755,2.5,4,1,NA,NA,NA,NA,NA,NA,NA,8,NA,NA,2,NA,NA,NA,NA,NA,NA,NA,NA,NA,10,NA,NA,3,NA,NA,NA,NA,NA,NA
"50","Beta vulgaris",NA,2,5,1,18,29545.8333333333,0.5,2.5,1,NA,NA,NA,0.679,NA,NA,NA,NA,16,NA,NA,NA,NA,NA,NA,NA,NA,NA,NA,NA,NA,20,NA,NA,NA,NA,NA,NA,NA,NA
"51","Bixa orellana",NA,10,425,46.6666666666667,NA,138636,4.5,2,1,6.265,4.275,NA,0.678,NA,NA,NA,9.5,NA,NA,4,NA,NA,5.2,2.9,NA,NA,NA,NA,NA,79.5,NA,NA,5,NA,NA,7.33,5.65,NA,NA
"52","Borago officinalis",1.25,0.5,5,2,38,15875,2.5,2,1,NA,NA,NA,0.04,1.2,0.3,NA,NA,26,NA,2,NA,NA,NA,NA,NA,NA,1.3,0.7,NA,NA,50,NA,3,NA,NA,NA,NA,NA,NA
"53","Brasenia schreberi",NA,1.5,26.5,1.5,47.6,9619,2,11.6,0,NA,NA,NA,0.628636363636364,NA,1,18,1,NA,NA,1,6.4,NA,NA,NA,NA,NA,NA,2,35,2,NA,NA,2,16.8,NA,NA,NA,NA,NA
"54","Bretschneidera sinensis",NA,20,8,2,50.5,14516.5,3.5,3,1,NA,NA,NA,0.67,NA,NA,NA,NA,48,12605,2.75,2,NA,NA,NA,NA,NA,NA,NA,NA,NA,53,16428,4.25,5,NA,NA,NA,NA,NA
"55","Bruguiera gymnorhiza",3.25,35,22,3.33333333333333,29.8,3e+05,2.5,3,1,20,2,2,0.9115,3,NA,24,NA,15.2,NA,1.5,3,NA,15,NA,NA,0.5415,3.5,NA,28,NA,18.2,NA,3.5,4,NA,25,NA,NA,0.9035
"56","Buddleja davidii",0.65,5,4,NA,NA,106.59,NA,NA,NA,NA,NA,NA,0.93,0.5,NA,NA,NA,NA,NA,NA,NA,NA,NA,NA,NA,NA,0.8,NA,NA,NA,NA,NA,NA,NA,NA,NA,NA,NA,NA
"57","Bursera simaruba",NA,NA,10,2,NA,NA,0.6,NA,NA,NA,NA,NA,NA,NA,NA,NA,NA,NA,NA,0.5,NA,NA,NA,NA,NA,NA,NA,NA,NA,NA,NA,NA,0.7,NA,NA,NA,NA,NA,NA
"58","Butomus umbellatus",NA,0.8,9,50,38,NA,2.25,6,NA,NA,NA,NA,NA,NA,0.4,NA,NA,26,NA,2,NA,NA,NA,NA,NA,NA,NA,1.2,NA,NA,50,NA,2.5,NA,NA,NA,NA,NA,NA
"59","Buxus balearica",0.6,6,4,4,NA,NA,NA,3,NA,NA,NA,0.6,NA,NA,NA,2,NA,NA,NA,NA,NA,NA,NA,NA,NA,NA,NA,NA,5,NA,NA,NA,NA,NA,NA,NA,NA,NA,NA
"60","Byrsonima crassifolia",1.2,12.5,10,1,13,NA,1.1,3,1,NA,1.83,NA,0.0566666666666667,NA,10,NA,NA,11,NA,NA,NA,NA,NA,1,NA,NA,NA,15,NA,NA,15,NA,NA,NA,NA,NA,2,NA,NA
"61","Cabomba caroliniana",0.9,10,6,3,NA,62,2.5,3,0,NA,NA,NA,NA,0.7,NA,NA,NA,NA,NA,0.8,NA,NA,NA,NA,NA,NA,1.1,NA,NA,NA,NA,NA,1.75,NA,NA,NA,NA,NA,NA
"62","Calceolaria purpurea",NA,NA,2,NA,NA,NA,1.27,NA,NA,NA,NA,NA,NA,NA,NA,NA,NA,NA,NA,NA,NA,NA,NA,NA,NA,NA,NA,NA,NA,NA,NA,NA,NA,NA,NA,NA,NA,NA,NA
"63","Camellia sinensis",1.75,5,100,4,38,NA,2.75,3,1,NA,NA,NA,NA,1.5,1,NA,NA,26,NA,2.25,NA,NA,NA,NA,NA,NA,2,9,NA,NA,50,NA,3.25,NA,NA,NA,NA,NA,NA
"64","Canacomyrica monticola",NA,7,6,1,NA,NA,NA,1,NA,NA,1,NA,NA,NA,NA,NA,NA,NA,NA,NA,NA,NA,NA,NA,NA,NA,NA,NA,NA,NA,NA,NA,NA,NA,NA,NA,NA,NA,NA
"65","Canna indica",6,2.5,0.5,NA,49.5,NA,NA,3,1,NA,0.6,NA,NA,4.5,NA,NA,NA,38,NA,NA,NA,NA,NA,0.5,NA,NA,7.5,NA,NA,NA,61,NA,NA,NA,NA,NA,0.7,NA,NA
"66","Cannabis sativa",0.2,NA,5,0.5,30,NA,0.5,2,1,NA,NA,NA,NA,NA,NA,NA,0,27,NA,NA,NA,NA,NA,NA,NA,NA,NA,NA,NA,1,33,NA,NA,NA,NA,NA,NA,NA,NA
"67","Capparis zeylanica",NA,NA,37.5,NA,NA,NA,9,NA,NA,NA,NA,NA,NA,NA,NA,30,NA,NA,NA,NA,NA,NA,NA,NA,NA,NA,NA,NA,45,NA,NA,NA,NA,NA,NA,NA,NA,NA,NA
"68","Cardiocrinum cordatum",15,1.35,6,312.5,NA,NA,NA,3,NA,NA,NA,NA,0.434166666666667,12,0.7,NA,300,NA,NA,NA,NA,NA,NA,NA,NA,NA,18,2,NA,325,NA,NA,NA,NA,NA,NA,NA,NA,NA
"69","Carex laxiflora",NA,NA,NA,1,NA,NA,NA,NA,NA,NA,NA,NA,0.09,NA,NA,NA,NA,NA,NA,NA,NA,NA,NA,NA,NA,0.03,NA,NA,NA,NA,NA,NA,NA,NA,NA,NA,NA,NA,NA
"70","Carica papaya",0.8,6,10,999,34,NA,4,5,1,26.5,NA,NA,NA,2.5,NA,NA,NA,NA,NA,3.5,NA,NA,8,NA,NA,NA,4.25,NA,NA,NA,NA,NA,4.5,NA,NA,45,NA,NA,NA
"71","Caryocar brasiliense",NA,NA,300,NA,NA,NA,6,3.5,NA,NA,NA,NA,1,NA,NA,270,NA,NA,NA,5,3,NA,NA,NA,NA,NA,NA,NA,330,NA,NA,NA,7,4,NA,NA,NA,NA,NA
"72","Catalpa speciosa",NA,30,2,999,NA,NA,5.5,2,1,35,1.25,NA,NA,NA,NA,NA,NA,NA,NA,5,NA,NA,20,1,NA,NA,NA,NA,NA,NA,NA,NA,6,NA,NA,50,1.5,NA,NA
"73","Catharanthus roseus",NA,0.875,5,NA,75.5,NA,4.49,2,NA,NA,NA,NA,0.63,NA,0.75,NA,NA,51,NA,3.82,NA,NA,NA,NA,NA,NA,NA,1,NA,NA,100,NA,5.16,NA,NA,NA,NA,NA,NA
"74","Caulophyllum thalictroides",NA,0.55,6,2.25,NA,5286,0.9,1,NA,NA,NA,NA,NA,NA,0.2,NA,NA,NA,2116,0.6,NA,NA,NA,NA,NA,NA,NA,0.9,NA,NA,NA,3727,1.2,NA,NA,NA,NA,NA,NA
"75","Centroplacus glaucinus",NA,20,5,2,NA,NA,0.2,3,1,0.7,NA,NA,NA,NA,NA,NA,NA,NA,NA,0.1,NA,NA,NA,NA,NA,NA,NA,NA,NA,NA,NA,NA,0.3,NA,NA,NA,NA,NA,NA
"76","Ceratophyllum demersum",0.125,3,1,1,21,NA,0.1,1,NA,NA,NA,NA,NA,0.1,NA,NA,NA,20,NA,0.05,NA,NA,NA,NA,NA,NA,0.15,NA,NA,NA,22,NA,0.15,NA,NA,NA,NA,NA,NA
"77","Cercidiphyllum japonicum",NA,30,28.5,20.5,NA,NA,NA,1,0,NA,NA,NA,NA,NA,NA,25,17,NA,NA,NA,NA,NA,NA,NA,NA,NA,NA,NA,32,24,NA,NA,NA,NA,NA,NA,NA,NA,NA
"78","Chimaphila umbellata",NA,0.275,10,1000,NA,32,1.4,5,1,NA,NA,NA,0.955,NA,0.1,NA,NA,NA,NA,NA,NA,NA,NA,NA,NA,NA,NA,0.45,NA,NA,NA,NA,NA,NA,NA,NA,NA,NA,NA
"79","Chimonanthus praecox",NA,8,7,2,38,2847,2.75,9,0,NA,NA,NA,0.54,NA,3,6,NA,26,NA,1.5,8,NA,NA,NA,NA,NA,NA,13,8,NA,50,NA,4,10,NA,NA,NA,NA,NA
"80","Chloranthus spicatus",NA,0.6,2.33333333333333,1,NA,NA,NA,1,NA,NA,NA,NA,NA,NA,0.4,NA,NA,NA,NA,NA,NA,NA,NA,NA,NA,NA,NA,1.05,NA,NA,NA,NA,NA,NA,NA,NA,NA,NA,NA
"81","Chorispora tenella",NA,0.305,6,15.6,17.5,NA,8.15,2,1,2.4,0.175,NA,NA,NA,0.05,NA,NA,10,NA,7.8,NA,NA,1.95,0.15,NA,NA,NA,0.56,NA,NA,25,NA,8.5,NA,NA,2.85,0.2,NA,NA
"82","Cinnamomum camphora",0.3,22.5,9,1,17.5,NA,NA,1,NA,NA,NA,NA,1,0.1,NA,NA,NA,10,NA,NA,NA,NA,NA,NA,NA,NA,0.2,NA,NA,NA,25,NA,NA,NA,NA,NA,NA,NA,NA
"83","Clarkia xantiana",3.5,0.45,8,500,NA,84.5,NA,4,1,2.25,NA,NA,0.7885,NA,0.2,NA,1,NA,NA,NA,NA,NA,1.5,NA,NA,NA,NA,0.7,NA,999,NA,NA,NA,NA,NA,3,NA,NA,NA
"84","Claytonia virginica",NA,0.225,5,2,NA,NA,0.85,3,1,NA,NA,NA,NA,NA,0.05,NA,NA,NA,NA,0.5,NA,NA,NA,NA,NA,NA,NA,0.4,NA,NA,NA,NA,1.2,NA,NA,NA,NA,NA,NA
"85","Clethra alnifolia",0.5,2,10,40,NA,NA,0.55,3,1,NA,NA,NA,NA,NA,1,NA,NA,NA,NA,NA,NA,NA,NA,NA,NA,NA,NA,3,NA,NA,NA,NA,NA,NA,NA,NA,NA,NA,NA
"86","Clutia pulchella",NA,0.84,5,1,NA,3959,NA,3,1,NA,NA,NA,NA,NA,0.81,NA,NA,NA,NA,NA,NA,NA,NA,NA,NA,NA,NA,0.87,NA,NA,NA,NA,NA,NA,NA,NA,NA,NA,NA
"87","Cobaea scandens",5.75,25,5,999,100,415.5,4.1,3,1,NA,NA,NA,NA,5.4,NA,NA,NA,NA,NA,3.3,NA,NA,NA,NA,NA,NA,6.1,NA,NA,NA,NA,NA,4.9,NA,NA,NA,NA,NA,NA
"88","Cochlospermum vitifolium",NA,12,175,120,17.5,NA,11,5,1,8,5.5,NA,NA,NA,3,150,200,10,NA,10,NA,NA,NA,4,NA,NA,NA,20,200,500,25,NA,12,NA,NA,NA,7,NA,NA
"89","Coffea arabica",NA,5,5,NA,38,NA,3,NA,NA,NA,NA,NA,0.691666666666667,NA,NA,NA,NA,26,NA,NA,NA,NA,NA,NA,NA,NA,NA,NA,NA,NA,50,NA,NA,NA,NA,NA,NA,NA,NA
"90","Combretum leprosum",0.95,NA,8,4,NA,NA,NA,2,NA,NA,NA,NA,NA,0.9,NA,NA,2,NA,NA,NA,NA,NA,NA,NA,NA,NA,1,NA,NA,6,NA,NA,NA,NA,NA,NA,NA,NA,NA
"91","Commelina communis",NA,NA,3,NA,NA,NA,1.25,NA,NA,NA,NA,NA,NA,NA,NA,NA,NA,NA,NA,1,NA,NA,NA,NA,NA,NA,NA,NA,NA,NA,NA,NA,1.5,NA,NA,NA,NA,NA,NA
"92","Cordyline australis",0.55,12,6,NA,NA,NA,0.5,3,1,NA,NA,NA,NA,0.5,NA,NA,NA,NA,NA,NA,NA,NA,NA,NA,NA,NA,0.6,NA,NA,NA,NA,NA,NA,NA,NA,NA,NA,NA,NA
"93","Coriaria myrtifolia",NA,3,10,1,17.5,NA,0.7,5,NA,0.5,0.3,NA,NA,NA,2,NA,NA,10,NA,0.4,NA,NA,NA,NA,NA,NA,NA,4,NA,NA,25,NA,1,NA,NA,NA,NA,NA,NA
"94","Coriaria ruscifolia",NA,NA,10,1,38,NA,0.25,7.5,NA,0.16,0.11,NA,NA,NA,NA,NA,NA,26,NA,0.2,5,NA,0.15,0.1,NA,NA,NA,NA,NA,NA,50,NA,0.3,10,NA,0.17,0.12,NA,NA
"95","Cornus florida",NA,NA,4,NA,NA,NA,1.5,NA,NA,NA,NA,NA,NA,NA,NA,NA,NA,NA,NA,1,NA,NA,NA,NA,NA,NA,NA,NA,NA,NA,NA,NA,2,NA,NA,NA,NA,NA,NA
"96","Corokia cotoneaster",NA,NA,5,1,NA,NA,0.65,2,NA,NA,NA,NA,NA,NA,NA,NA,1,NA,NA,0.5,NA,NA,NA,NA,NA,NA,NA,NA,NA,2,NA,NA,0.8,NA,NA,NA,NA,NA,NA
"97","Corrigiola litoralis",NA,0.15,5,NA,NA,NA,0.2,3,0.5,NA,NA,NA,0.109230769230769,NA,0.05,3,NA,NA,NA,NA,NA,NA,NA,NA,NA,NA,NA,0.25,5,NA,NA,NA,NA,NA,NA,NA,NA,NA,NA
"98","Costus woodsonii",NA,12,1,9,130,744,NA,3,NA,NA,NA,NA,NA,NA,NA,NA,8,NA,NA,NA,NA,NA,NA,NA,NA,NA,NA,NA,NA,10,NA,NA,NA,NA,NA,NA,NA,NA,NA
"99","Cucurbita pepo",1,NA,2.5,5049,100,317,NA,4,1,NA,NA,NA,NA,0.8,NA,NA,99,NA,NA,NA,3,NA,NA,NA,NA,NA,1.2,NA,NA,9999,NA,NA,NA,5,NA,NA,NA,NA,NA
"100","Cupaniopsis anacardioides",NA,4,8,1,15,39811,0.8,3,1,NA,NA,NA,NA,NA,3,7,NA,13.5,NA,0.7,NA,NA,NA,NA,NA,NA,NA,5,10,NA,16.5,NA,0.9,NA,NA,NA,NA,NA,NA
"101","Curculigo latifolia",NA,NA,6,NA,NA,NA,1.3,NA,NA,NA,NA,NA,NA,NA,NA,NA,NA,NA,NA,3.9,NA,NA,NA,NA,NA,NA,NA,NA,NA,NA,NA,NA,4.3,NA,NA,NA,NA,NA,NA
"102","Cuscuta cuspidata",0.175,NA,5,2,NA,1164,0.154,2,1,NA,NA,NA,NA,3.5,NA,NA,NA,NA,NA,NA,NA,NA,NA,NA,NA,NA,4.2,NA,NA,NA,NA,NA,NA,NA,NA,NA,NA,NA,NA
"103","Cuttsia viburnea",NA,NA,5,500.5,20.25,NA,1,5,NA,NA,NA,NA,NA,NA,NA,NA,2,18.5,NA,NA,NA,NA,NA,NA,NA,NA,NA,NA,NA,999,22,NA,NA,NA,NA,NA,NA,NA,NA
"104","Cyclanthus bipartitus",NA,2,6,NA,NA,NA,NA,NA,NA,NA,NA,NA,NA,NA,NA,NA,NA,NA,NA,NA,NA,NA,NA,NA,NA,NA,NA,NA,NA,NA,NA,NA,NA,NA,NA,NA,NA,NA,NA
"105","Cymodocea nodosa",NA,NA,2,1,NA,NA,NA,2,0,1.3,0.9,NA,NA,NA,NA,NA,NA,NA,NA,NA,NA,NA,1.2,0.8,NA,NA,NA,NA,NA,NA,NA,NA,NA,NA,NA,1.4,1,NA,NA
"106","Cypripedium calceolus",NA,0.45,2,1500,17.5,NA,7.75,3,1,NA,NA,NA,0.88,NA,NA,NA,NA,10,NA,5.5,NA,NA,NA,NA,NA,NA,NA,NA,NA,NA,25,NA,10,NA,NA,NA,NA,NA,NA
"107","Cyrilla racemiflora",0.4,10,5,2,NA,NA,0.5,2,1,NA,0.3,NA,NA,NA,NA,3,1,NA,NA,NA,NA,NA,NA,NA,NA,NA,NA,NA,5,3,NA,NA,NA,NA,NA,NA,NA,NA,NA
"108","Dalechampia spathulata",NA,NA,20,NA,45.5,NA,NA,3,NA,NA,NA,NA,NA,NA,NA,NA,NA,41,NA,NA,NA,NA,NA,NA,NA,NA,NA,NA,NA,NA,50,NA,NA,NA,NA,NA,NA,NA,NA
"109","Dalzellia ceylanica",0.2,0.01,3,999,NA,14.105,NA,3,1,NA,NA,NA,NA,NA,NA,NA,NA,NA,NA,NA,NA,NA,NA,NA,NA,NA,NA,NA,NA,NA,NA,NA,NA,NA,NA,NA,NA,NA,NA
"110","Daphniphyllum macropodum",NA,20,9,2,NA,NA,NA,2,1,1,0.55,NA,NA,NA,NA,8,NA,NA,NA,NA,NA,NA,NA,0.5,NA,NA,NA,NA,10,NA,NA,NA,NA,NA,NA,NA,0.6,NA,NA
"111","Datisca glomerata",NA,1.5,7.75,NA,NA,NA,0.65,NA,NA,NA,NA,NA,0.785,NA,1,3.5,NA,NA,NA,0.5,NA,NA,NA,NA,NA,NA,NA,2,12,NA,NA,NA,0.8,NA,NA,NA,NA,NA,NA
"112","Davidsonia jerseyana",NA,NA,9,6,NA,NA,0.5,2,NA,NA,5,NA,NA,NA,NA,8,5,NA,NA,NA,2,NA,NA,NA,NA,NA,NA,NA,10,7,NA,NA,NA,3,NA,NA,NA,NA,NA
"113","Davilla kunthii",NA,NA,70,2,NA,NA,1.8,1,NA,NA,NA,NA,NA,NA,NA,55,NA,NA,NA,NA,NA,NA,NA,NA,NA,NA,NA,NA,85,NA,NA,NA,NA,NA,NA,NA,NA,NA,NA
"114","Denhamia celastroides",NA,7,5,4,NA,NA,2.5,3,1,1.35,NA,NA,NA,NA,NA,NA,NA,NA,NA,NA,NA,NA,1,NA,NA,NA,NA,NA,NA,NA,NA,NA,NA,NA,NA,1.7,NA,NA,NA
"115","Diapensia lapponica",1.1,0.02,5,80,NA,1997.5,1.1,3,1,0.3,NA,NA,0.356666666666667,1,0.01,NA,70,NA,NA,1,NA,NA,NA,NA,NA,NA,1.2,0.03,NA,90,NA,NA,1.2,NA,NA,NA,NA,NA,NA
"116","Diospyros australis",0.16,NA,14,1.5,NA,NA,NA,NA,NA,1.25,0.95,NA,NA,0.15,NA,12,1,NA,NA,NA,NA,NA,1.1,0.9,NA,NA,0.17,NA,16,2,NA,NA,NA,NA,NA,1.4,1,NA,NA
"117","Dipterocarpus tempehes",4,NA,30,NA,NA,NA,5.4,NA,NA,NA,NA,NA,NA,3,NA,NA,NA,NA,NA,2,NA,NA,NA,NA,NA,NA,5,NA,NA,NA,NA,NA,4,NA,NA,NA,NA,NA,NA
"118","Discaria americana",0.6,NA,4.5,1,NA,7943,NA,3.5,NA,NA,NA,NA,NA,0.4,NA,4,NA,NA,NA,NA,3,NA,NA,NA,NA,NA,0.8,NA,5,NA,NA,NA,NA,4,NA,NA,NA,NA,NA
"119","Drosophyllum lusitanicum",NA,0.9,10,21.1,NA,687,2.7,5,1,NA,NA,NA,NA,NA,NA,NA,NA,NA,NA,NA,5,NA,NA,NA,NA,NA,NA,NA,NA,NA,NA,NA,NA,7,NA,NA,NA,NA,NA
"120","Dryas octopetala",NA,0.5,164,1,38,631,3,NA,0,NA,NA,NA,0.358333333333333,NA,NA,NA,NA,26,NA,2.5,NA,NA,NA,NA,NA,NA,NA,NA,NA,NA,50,NA,3.5,NA,NA,NA,NA,NA,NA
"121","Durio zibethinus",5.5,25,60,6,104,NA,2,5,1,NA,NA,NA,NA,5,NA,NA,5,80,NA,NA,NA,NA,NA,NA,NA,NA,6,NA,NA,7,128,NA,NA,NA,NA,NA,NA,NA,NA
"122","Eichhornia crassipes",5.7,NA,6,999,NA,NA,6,3,1,NA,NA,NA,NA,NA,NA,NA,NA,NA,NA,5,NA,NA,NA,NA,NA,NA,NA,NA,NA,NA,NA,NA,7,NA,NA,NA,NA,NA,NA
"123","Eriocaulon parkeri",0.2,NA,4,NA,NA,NA,NA,NA,NA,NA,NA,NA,NA,NA,NA,NA,NA,NA,NA,NA,NA,NA,NA,NA,NA,NA,NA,NA,NA,NA,NA,NA,NA,NA,NA,NA,NA,NA,NA
"124","Eriogonum arborescens",0.275,2,9,1,NA,NA,NA,3,NA,0.3,NA,NA,0.53,0.2,NA,NA,NA,NA,NA,NA,NA,NA,0.25,NA,NA,NA,0.35,NA,NA,NA,NA,NA,NA,NA,NA,0.35,NA,NA,NA
"125","Erythroxylum laurifolium",NA,4.5,10,NA,34.6,NA,NA,NA,NA,1.5,NA,NA,NA,NA,2,NA,NA,30.6,NA,NA,NA,NA,1,NA,NA,NA,NA,7,NA,NA,38.6,NA,NA,NA,NA,2,NA,NA,NA
"126","Eschscholzia californica",NA,0.325,19.5,NA,38,NA,4,2,1,6,NA,NA,NA,NA,0.05,11,NA,26,NA,2,NA,NA,3,NA,NA,NA,NA,0.6,28,NA,50,NA,6,NA,NA,9,NA,NA,NA
"127","Eupomatia bennettii",NA,1.5,8.5,NA,NA,NA,3.5,NA,1,NA,NA,NA,NA,NA,NA,7,NA,NA,NA,3,NA,NA,NA,NA,NA,NA,NA,NA,10,NA,NA,NA,4,NA,NA,NA,NA,NA,NA
"128","Eupomatia laurina",NA,7,60,3,NA,NA,2.66666666666667,41,1,NA,1.75,NA,NA,NA,NA,20,2,NA,NA,2.33333333333333,13,NA,NA,1.5,NA,NA,NA,NA,100,11,NA,NA,3,69,NA,NA,2,NA,NA
"129","Fagus grandifolia",NA,25,11,2,NA,NA,NA,3,NA,NA,NA,NA,1,NA,20,6,NA,NA,NA,NA,NA,NA,NA,NA,NA,NA,NA,30,16,NA,NA,NA,NA,NA,NA,NA,NA,NA,NA
"130","Ficaria verna",NA,0.215,25,1,38,6050,3.1875,15,NA,0.375,0.26,NA,NA,NA,0.03,18,NA,26,NA,2,9,NA,0.25,0.17,NA,NA,NA,0.4,25,NA,50,NA,4.375,24,NA,0.5,0.35,NA,NA
"131","Filipendula vulgaris",NA,0.76,25,2,17.5,NA,1.2,9,0,NA,NA,NA,0.915,NA,0.6,20,NA,10,NA,NA,6,NA,NA,NA,NA,NA,NA,0.92,30,NA,25,NA,NA,12,NA,NA,NA,NA,NA
"132","Floerkea proserpinacoides",2.75,0.175,6,1,NA,NA,NA,2.5,NA,NA,NA,NA,NA,2.5,0.15,3,NA,NA,NA,NA,2,NA,NA,NA,NA,NA,3,0.2,6,NA,NA,NA,NA,3,NA,NA,NA,NA,NA
"133","Fumana ericoides",NA,NA,29,10.25,NA,567,1.75,2,NA,0.7,NA,NA,NA,NA,NA,NA,8.5,NA,NA,1.4,NA,NA,0.6,NA,NA,NA,NA,NA,NA,12,NA,NA,2.1,NA,NA,0.8,NA,NA,NA
"134","Galium aparine",NA,0.935,4,1,38,316,1.75,2,1,NA,NA,0.85,NA,NA,0.2,NA,NA,26,NA,1.5,NA,NA,NA,NA,0.5,NA,NA,1.67,NA,NA,50,NA,2,NA,NA,NA,NA,1.2,NA
"135","Gelsemium sempervirens",2.75,NA,5,4,NA,NA,NA,2,1,NA,NA,NA,NA,2,NA,NA,NA,NA,NA,NA,NA,NA,NA,NA,NA,NA,3.5,NA,NA,NA,NA,NA,NA,NA,NA,NA,NA,NA,NA
"136","Gentiana saponaria",3.75,0.48,5,NA,NA,NA,NA,2,1,NA,NA,NA,NA,2.75,0.2,4,NA,NA,NA,NA,NA,NA,NA,NA,NA,NA,5,0.76,6,NA,NA,NA,NA,NA,NA,NA,NA,NA,NA
"137","Geranium sanguineum",NA,0.3,10,2,100,539,3.1,5,1,NA,NA,NA,NA,NA,0.15,NA,NA,NA,NA,2,NA,NA,NA,NA,NA,NA,NA,0.45,NA,NA,NA,NA,4.2,NA,NA,NA,NA,NA,NA
"138","Gomortega keule",NA,20,8,1,28,NA,0.6,2,1,5.25,2.8,NA,0.6675,NA,NA,7.5,NA,25,NA,0.5,2,NA,3.5,2,NA,NA,NA,NA,11.5,NA,31,NA,0.7,3,NA,7,5,NA,NA
"139","Gonocaryum litorale",0.55,NA,5,2,NA,NA,0.225,2,1,NA,NA,NA,NA,0.4,NA,NA,NA,NA,NA,0.15,NA,NA,NA,NA,NA,NA,0.7,NA,NA,NA,NA,NA,0.3,NA,NA,NA,NA,NA,NA
"140","Gossypium hirsutum",7,1.5,80,10,94.6,608,NA,3.5,1,NA,NA,NA,0.204545454545455,5,1,NA,8,NA,550,NA,3,NA,NA,NA,NA,NA,9,2,NA,12,NA,666,NA,4,NA,NA,NA,NA,NA
"141","Grewia occidentalis",NA,3,76.5,1,NA,8303.5,3,4,1,NA,NA,NA,NA,NA,NA,66,NA,NA,NA,NA,NA,NA,NA,NA,NA,NA,NA,NA,87,NA,NA,NA,NA,NA,NA,NA,NA,NA,NA
"142","Griselinia racemosa",NA,2,5,NA,NA,NA,NA,3,1,0.7,0.425,NA,NA,NA,NA,NA,NA,NA,NA,NA,NA,NA,0.6,0.35,NA,NA,NA,NA,NA,NA,NA,NA,NA,NA,NA,0.8,0.5,NA,NA
"143","Gyrocarpus americanus",NA,25,4,1,NA,16124.5,0.15,1,NA,NA,NA,NA,NA,NA,6,NA,NA,NA,NA,0.2,NA,NA,NA,NA,NA,NA,NA,12,NA,NA,NA,NA,0.3,NA,NA,NA,NA,NA,NA
"144","Hamamelis virginiana",NA,5,4,1,17.5,11798.25,2,2,1,1.2,NA,NA,NA,NA,NA,NA,NA,15,4600,NA,NA,NA,1,NA,NA,NA,NA,NA,NA,NA,20,12850,NA,NA,NA,1.4,NA,NA,NA
"145","Hanguana malayana",NA,NA,6,1,NA,NA,NA,3,1,NA,NA,NA,NA,NA,NA,NA,NA,NA,NA,NA,NA,NA,NA,NA,NA,NA,NA,NA,NA,NA,NA,NA,NA,NA,NA,NA,NA,NA,NA
"146","Hedychium gardnerianum",NA,NA,1,NA,NA,NA,8,3,NA,NA,NA,NA,NA,NA,NA,NA,NA,NA,NA,NA,NA,NA,NA,NA,NA,NA,NA,NA,NA,NA,NA,NA,NA,NA,NA,NA,NA,NA,NA
"147","Helianthus annuus",2.2,2,5,1,38,NA,NA,2,1,NA,NA,NA,0.748181818181818,1.5,1,NA,NA,26,NA,NA,NA,NA,NA,NA,NA,NA,2.9,3,NA,NA,50,NA,NA,NA,NA,NA,NA,NA,NA
"148","Heliconia irrasa",NA,1.5,5,NA,NA,NA,NA,NA,NA,NA,NA,NA,NA,NA,1,NA,NA,NA,NA,NA,NA,NA,NA,NA,NA,NA,NA,2,NA,NA,NA,NA,NA,NA,NA,NA,NA,NA,NA
"149","Herniaria glabra",NA,0.2,5,NA,17.5,NA,0.15,NA,NA,NA,NA,NA,NA,NA,0.05,NA,NA,10,NA,0.12,NA,NA,NA,NA,NA,NA,NA,0.35,NA,NA,25,NA,0.18,NA,NA,NA,NA,NA,NA
"150","Hevea brasiliensis",0.5025,20,10,1,NA,NA,NA,3,1,NA,NA,NA,0.64,0.475,NA,NA,NA,NA,NA,NA,NA,NA,NA,NA,NA,NA,0.53,NA,NA,NA,NA,NA,NA,NA,NA,NA,NA,NA,NA
"151","Hirtella physophora",NA,NA,6,NA,NA,5895,2,NA,NA,NA,NA,NA,NA,NA,NA,7,NA,NA,224.5,NA,NA,NA,NA,NA,NA,NA,NA,NA,10,NA,NA,6709,NA,NA,NA,NA,NA,NA,NA
"152","Hordeum bulbosum",1.75,0.95,3,1,38,NA,NA,2,NA,NA,NA,NA,NA,1.1,0.55,NA,NA,26,NA,NA,NA,NA,NA,NA,NA,NA,2.4,1.35,NA,NA,50,NA,NA,NA,NA,NA,NA,NA,NA
"153","Hydnocarpus heterophylla",NA,NA,26,999,29.05,NA,1.6,4,1,NA,NA,NA,NA,NA,NA,20,NA,21.5,NA,NA,3,NA,NA,NA,NA,NA,NA,NA,32,NA,38,NA,NA,5,NA,NA,NA,NA,NA
"154","Hydrastis canadensis",NA,0.325,53.75,2,23.25,NA,1.3,10.75,0,0.65,0.325,NA,NA,NA,0.15,45,2,21,NA,0.8,6.5,NA,0.5,0.15,NA,NA,NA,0.5,62.5,4,25.5,NA,1.8,15,NA,0.8,0.5,NA,NA
"155","Hydrocotyle vulgaris",0.15,0.125,5,NA,NA,NA,NA,2,1,NA,NA,NA,NA,NA,0.05,NA,NA,NA,NA,NA,NA,NA,NA,NA,NA,NA,NA,0.2,NA,NA,NA,NA,NA,NA,NA,NA,NA,NA,NA
"156","Hydrophyllum capitatum",0.7,0.275,5,NA,NA,NA,NA,NA,NA,0.4,NA,NA,NA,0.5,0.1,NA,NA,NA,NA,NA,NA,NA,NA,NA,NA,NA,0.9,0.45,NA,NA,NA,NA,NA,NA,NA,NA,NA,NA,NA
"157","Hypericum perforatum",NA,0.6,50,30,17.5,NA,1.875,3,1,0.475,0.4,NA,NA,NA,0.2,40,10,10,NA,1.5,NA,NA,0.3,0.3,NA,NA,NA,1,60,50,25,NA,2.25,NA,NA,0.65,0.5,NA,NA
"158","Ilex opaca",NA,12.5,4,NA,NA,NA,0.75,4,1,NA,NA,NA,NA,NA,10,NA,NA,NA,NA,0.5,NA,NA,NA,NA,NA,NA,NA,15,NA,NA,NA,NA,1,NA,NA,NA,NA,NA,NA
"159","Impatiens capensis",3.3,NA,5,1,NA,NA,2.3,5,1,NA,NA,NA,NA,NA,NA,NA,NA,NA,NA,NA,NA,NA,NA,NA,NA,NA,NA,NA,NA,NA,NA,NA,NA,NA,NA,NA,NA,NA,NA
"160","Ipomoea alba",9,10,5,5,NA,NA,4.5,2,NA,3,NA,NA,NA,6,NA,NA,4,NA,NA,4,NA,NA,NA,NA,NA,NA,12,NA,NA,6,NA,NA,5,NA,NA,NA,NA,NA,NA
"161","Iris versicolor",NA,NA,3,NA,NA,NA,12.25,NA,NA,NA,NA,NA,NA,NA,NA,NA,NA,NA,NA,11.45,NA,NA,NA,NA,NA,NA,NA,NA,NA,NA,NA,NA,13.05,NA,NA,NA,NA,NA,NA
"162","Irvingbaileya australis",0.41,NA,5,1,17.25,NA,0.235,2,1,2.3,2,NA,NA,0.4,NA,NA,NA,15.5,NA,0.2,NA,NA,2.1,NA,NA,NA,0.42,NA,NA,NA,19,NA,0.27,NA,NA,2.5,NA,NA,NA
"163","Juglans mandshurica",NA,15,26,1,NA,NA,NA,2,NA,NA,NA,NA,0.99,NA,10,12,NA,NA,NA,NA,NA,NA,NA,NA,NA,NA,NA,20,40,NA,NA,NA,NA,NA,NA,NA,NA,NA,NA
"164","Juncus effusus",NA,0.8825,3,NA,38,48,NA,3,NA,0.19,NA,NA,0.016,NA,0.375,NA,NA,26,NA,NA,NA,NA,0.15,NA,NA,NA,NA,1.39,NA,NA,50,NA,NA,NA,NA,0.23,NA,NA,NA
"165","Kalanchoe daigremontiana",3,1.5,8,130,NA,192,0.56,4,0.2,0.85,0.35,NA,NA,2.05,0.5,NA,NA,NA,NA,0.3,NA,NA,0.7,0.3,NA,NA,2.41,2.5,NA,NA,NA,NA,0.4,NA,NA,1,0.4,NA,NA
"166","Kalmia latifolia",2,5,10,NA,38,NA,2.8,NA,1,NA,NA,NA,0.9,NA,2,NA,NA,26,NA,NA,NA,NA,NA,NA,NA,NA,NA,8,NA,NA,50,NA,NA,NA,NA,NA,NA,NA,NA
"167","Kirengeshoma palmata",3.81,NA,15,NA,NA,NA,NA,NA,NA,NA,NA,NA,NA,NA,NA,NA,NA,NA,NA,NA,NA,NA,NA,NA,NA,NA,NA,NA,NA,NA,NA,NA,NA,NA,NA,NA,NA,NA,NA
"168","Kirkia wilmsii",NA,NA,4.5,NA,NA,NA,1,4.5,1,NA,NA,NA,NA,NA,NA,3,NA,NA,NA,NA,3,NA,NA,NA,NA,NA,NA,NA,6,NA,NA,NA,NA,6,NA,NA,NA,NA,NA
"169","Lactoris fernandeziana",0.4,1.5,6,6,NA,1815.33333333333,0.3,3,0,NA,NA,NA,NA,NA,NA,NA,4,NA,NA,NA,NA,NA,NA,NA,NA,NA,NA,NA,NA,8,NA,NA,NA,NA,NA,NA,NA,NA,NA
"170","Lantana camara",NA,NA,4,NA,NA,NA,0.65,1.5,NA,NA,NA,NA,NA,NA,NA,NA,NA,NA,NA,0.5,1,NA,NA,NA,NA,NA,NA,NA,NA,NA,NA,NA,0.8,2,NA,NA,NA,NA,NA
"171","Lapageria rosea",7.5,8,6,132,NA,1157,5,3,1,4.5,NA,NA,NA,5,NA,NA,NA,NA,NA,NA,NA,NA,3,NA,NA,NA,10,NA,NA,NA,NA,NA,NA,NA,NA,6,NA,NA,NA
"172","Larrea tridentata",NA,1.6,10,NA,NA,NA,2.5,5,NA,NA,NA,NA,0.72,NA,NA,NA,NA,NA,NA,2,NA,NA,NA,NA,NA,NA,NA,NA,NA,NA,NA,NA,3,NA,NA,NA,NA,NA,NA
"173","Lemna minor",0.08,0.06,2,1,NA,NA,0.08,1,NA,NA,NA,NA,NA,NA,NA,NA,NA,NA,NA,NA,NA,NA,NA,NA,NA,NA,NA,NA,NA,NA,NA,NA,NA,NA,NA,NA,NA,NA,NA
"174","Lepidobotrys staudtii",0.56,NA,10,2,NA,NA,0.63,3,NA,2.3,1.65,NA,NA,0.4,NA,NA,NA,NA,NA,0.62,NA,NA,2,1.5,NA,NA,0.72,NA,NA,NA,NA,NA,0.64,NA,NA,2.6,1.8,NA,NA
"175","Limnanthes douglasii",NA,0.515,10,NA,38,NA,2.8,5,NA,NA,NA,NA,0.85,NA,0.03,NA,NA,26,NA,NA,NA,NA,NA,NA,NA,NA,NA,1,NA,NA,50,NA,NA,NA,NA,NA,NA,NA,NA
"176","Linum perenne",NA,0.6,5,2,NA,NA,3.5,5,1,NA,NA,NA,NA,NA,NA,NA,NA,NA,NA,2,NA,NA,NA,NA,NA,NA,NA,NA,NA,NA,NA,NA,5,NA,NA,NA,NA,NA,NA
"177","Liriodendron chinense",3.5,40,60,2,NA,NA,NA,9999,0,8,NA,NA,0.630833333333333,3,NA,NA,NA,NA,NA,NA,NA,NA,7,NA,NA,NA,4,NA,NA,NA,NA,NA,NA,NA,NA,9,NA,NA,NA
"178","Loasa heterophylla",NA,NA,6.5,NA,NA,NA,2.3,NA,NA,NA,NA,NA,NA,NA,NA,5,NA,NA,NA,NA,NA,NA,NA,NA,NA,NA,NA,NA,8,NA,NA,NA,NA,NA,NA,NA,NA,NA,NA
"179","Lobelia angulata",1.35,0.21,5,NA,NA,NA,NA,2,NA,NA,NA,NA,NA,0.7,0.02,NA,NA,NA,NA,NA,NA,NA,NA,NA,NA,NA,2,0.4,NA,NA,NA,NA,NA,NA,NA,NA,NA,NA,NA
"180","Ludwigia adscendens",2.15,0.15,10,7.5,NA,NA,3,5,NA,1.6,0.18,1.13,NA,NA,NA,8,NA,NA,NA,NA,NA,NA,NA,NA,NA,NA,NA,NA,12,NA,NA,NA,NA,NA,NA,NA,NA,NA,NA
"181","Lythrum salicaria",1.8,1.6,12,NA,29.6666666666667,NA,1.5,2,1,0.3,0.2,0.2,NA,1,0.5,NA,NA,22,NA,NA,NA,NA,NA,NA,NA,NA,1.5,2.7,NA,NA,37.3333333333333,NA,NA,NA,NA,NA,NA,NA,NA
"182","Malesherbia linearifolia",NA,1,5,504.5,NA,NA,2.5,3,1,1.275,NA,NA,NA,NA,NA,NA,10,NA,NA,NA,NA,NA,1.2,NA,NA,NA,NA,NA,NA,999,NA,NA,NA,NA,NA,1.35,NA,NA,NA
"183","Malpighia emarginata",NA,NA,10,1,NA,NA,2.25,3,1,NA,NA,NA,0.99,NA,NA,NA,NA,NA,NA,2,NA,NA,NA,NA,NA,NA,NA,NA,NA,NA,NA,NA,2.5,NA,NA,NA,NA,NA,NA
"184","Manihot esculenta",NA,5,10,1,NA,NA,0.2,3,1,NA,NA,NA,0.96,NA,NA,NA,NA,NA,NA,NA,NA,NA,NA,NA,NA,NA,NA,NA,NA,NA,NA,NA,NA,NA,NA,NA,NA,NA,NA
"185","Manilkara zapota",1.8,40,5.5,1,NA,NA,0.7,8.75,1,6,NA,NA,0.815,0.7,NA,NA,NA,NA,NA,NA,5.5,NA,2,NA,NA,NA,1.1,NA,NA,NA,NA,NA,NA,12,NA,10,NA,NA,NA
"186","Marathrum rubrum",NA,0.15,8,940,14.5,616,NA,2,1,0.525,0.195,NA,0.07,NA,NA,7,NA,NA,205,NA,NA,NA,0.45,0.17,NA,0.04,NA,NA,9,NA,NA,1319,NA,NA,NA,0.6,0.22,NA,0.1
"187","Mayaca fluviatilis",1,NA,3,2,NA,NA,1,3,1,NA,NA,NA,NA,NA,NA,NA,NA,NA,NA,NA,NA,NA,NA,NA,NA,NA,NA,NA,NA,NA,NA,NA,NA,NA,NA,NA,NA,NA,NA
"188","Mazus pumilus",0.7,0.1,4,999,NA,22.07,0.5575,2,1,NA,0.35,NA,NA,NA,0.05,NA,NA,NA,NA,NA,NA,NA,NA,0.3,NA,NA,NA,0.15,NA,NA,NA,NA,NA,NA,NA,NA,0.4,NA,NA
"189","Medicago sativa",0.869,0.65,10,15,30.5,399,1.75,NA,NA,NA,NA,NA,0.86,0.6,0.3,NA,12,26,NA,1,NA,NA,NA,NA,NA,NA,1.2,1,NA,18,35,NA,2.5,NA,NA,NA,NA,NA,NA
"190","Melocactus curvispinus",2.4,NA,154.5,363,NA,400,NA,NA,NA,NA,NA,NA,NA,NA,NA,117,204,NA,408,NA,NA,NA,NA,NA,NA,NA,NA,NA,192,522,NA,422,NA,NA,NA,NA,NA,NA,NA
"191","Menispermum canadense",0.15,NA,16.5,2,NA,NA,0.225,3,NA,NA,1.05,NA,NA,0.1,NA,12,NA,NA,NA,0.2,2,NA,NA,0.8,NA,NA,0.2,NA,21,NA,NA,NA,0.25,4,NA,NA,1.3,NA,NA
"192","Menyanthes trifoliata",1.475,0.35,5,10,88,NA,1.5,2,1,1,NA,NA,NA,1.25,0.3,NA,8,26,NA,NA,NA,NA,NA,NA,NA,NA,1.7,0.4,NA,12,50,NA,NA,NA,NA,NA,NA,NA,NA
"193","Miconia affinis",NA,NA,10,NA,NA,NA,0.5,NA,NA,NA,NA,NA,0.995,NA,NA,NA,NA,NA,NA,NA,NA,NA,NA,NA,NA,NA,NA,NA,NA,NA,NA,NA,NA,NA,NA,NA,NA,NA,NA
"194","Mirabilis jalapa",4,1,5,1,100,333.5,4,1,NA,NA,0.65,NA,NA,3,NA,NA,NA,NA,272,2.4,NA,NA,NA,0.5,NA,NA,5,NA,NA,NA,NA,320,2.93333333333333,NA,NA,NA,0.8,NA,NA
"195","Misodendrum linearifolium",0.125,NA,3,1,NA,NA,NA,3,1,NA,NA,NA,NA,0.1,NA,NA,NA,NA,NA,NA,NA,NA,NA,NA,NA,NA,0.15,NA,NA,NA,NA,NA,NA,NA,NA,NA,NA,NA,NA
"196","Mollugo verticillata",0.2,0.24,3.5,10,38,39.5,0.085,4,1,NA,NA,NA,NA,0.15,0.03,2,5,26,NA,0.05,3,NA,NA,NA,NA,NA,0.25,0.45,5,15,50,NA,0.12,5,NA,NA,NA,NA,NA
"197","Monotropa hypopitys",NA,0.185,9,NA,17.5,NA,NA,5,1,0.8,0.6,NA,NA,NA,0.05,8,NA,10,NA,NA,NA,NA,0.6,0.4,NA,NA,NA,0.32,10,NA,25,NA,NA,NA,NA,1,0.8,NA,NA
"198","Montinia caryophyllacea",0.5,NA,4,6,NA,NA,0.35,2,1,NA,NA,NA,NA,0.3,NA,3,0,NA,NA,0.2,NA,NA,NA,NA,NA,NA,0.7,NA,5,12,NA,NA,0.5,NA,NA,NA,NA,NA,NA
"199","Moringa oleifera",0.85,12,5,NA,NA,523,2,3,1,35,2,NA,0.77,0.7,NA,NA,NA,NA,NA,NA,NA,NA,20,1,NA,NA,1,NA,NA,NA,NA,NA,NA,NA,NA,50,3,NA,NA
"200","Myriophyllum sibiricum",NA,NA,8,1,NA,NA,NA,4,NA,NA,NA,NA,NA,NA,NA,NA,NA,NA,NA,NA,NA,NA,NA,NA,NA,NA,NA,NA,NA,NA,NA,NA,NA,NA,NA,NA,NA,NA,NA
"201","Myristica fragrans",1,8,9.5,1,NA,797664,0.5,1,NA,NA,NA,NA,0.9025,0.633333333333333,4.5,8,NA,NA,NA,0.4,NA,NA,NA,NA,NA,NA,0.766666666666667,11.5,11,NA,NA,NA,0.5,NA,NA,NA,NA,NA,NA
"202","Myrothamnus moschata",NA,NA,4,NA,NA,NA,NA,3.5,0.9,NA,NA,NA,NA,NA,NA,3,NA,NA,NA,NA,3,NA,NA,NA,NA,NA,NA,NA,4,NA,NA,NA,NA,4,NA,NA,NA,NA,NA
"203","Myrtus communis",NA,4,145,NA,17.5,NA,2.5,NA,1,NA,NA,NA,0.576071428571429,NA,NA,NA,NA,10,NA,2,NA,NA,NA,NA,NA,NA,NA,NA,NA,NA,25,NA,3,NA,NA,NA,NA,NA,NA
"204","Narthecium ossifragum",NA,NA,6,NA,NA,NA,2.8,NA,NA,NA,NA,NA,NA,NA,NA,NA,NA,NA,NA,NA,NA,NA,NA,NA,NA,NA,NA,NA,NA,NA,NA,NA,NA,NA,NA,NA,NA,NA,NA
"205","Nelumbo lutea",NA,2,400,1,NA,NA,10,24.75,0,NA,NA,NA,0.507894736842105,NA,NA,108,NA,NA,NA,NA,14.5,NA,NA,NA,NA,NA,NA,NA,192.5,NA,NA,NA,NA,35,NA,NA,NA,NA,NA
"206","Nelumbo nucifera",NA,2,300,1,38,NA,18.25,30,0,NA,NA,NA,0.982,NA,NA,200,NA,26,NA,12.5,20,NA,NA,NA,NA,NA,NA,NA,400,NA,50,NA,24,40,NA,NA,NA,NA,NA
"207","Nemesia strumosa",NA,NA,4,NA,NA,NA,2.5,2.5,NA,NA,NA,NA,NA,NA,NA,NA,NA,NA,NA,NA,2,NA,NA,NA,NA,NA,NA,NA,NA,NA,NA,NA,NA,3,NA,NA,NA,NA,NA
"208","Nepenthes macfarlanei",NA,NA,5,NA,NA,NA,1,4,NA,NA,NA,NA,NA,NA,NA,NA,NA,NA,NA,NA,NA,NA,NA,NA,NA,NA,NA,NA,NA,NA,NA,NA,NA,NA,NA,NA,NA,NA,NA
"209","Nicotiana tabacum",4.25,3,5,NA,38,NA,NA,2,1,NA,NA,NA,NA,3.5,NA,NA,NA,26,NA,NA,NA,NA,NA,NA,NA,NA,5,NA,NA,NA,50,NA,NA,NA,NA,NA,NA,NA,NA
"210","Nolana humifusa",1.3,NA,5,NA,NA,NA,2.6,16,1,NA,NA,NA,NA,1.1,NA,NA,NA,NA,NA,2,5,NA,NA,NA,NA,NA,1.5,NA,NA,NA,NA,NA,3.2,27,NA,NA,NA,NA,NA
"211","Nothapodytes nimmoniana",0.8,NA,3,2,NA,364.5,0.8,1,NA,NA,NA,NA,0.37,0.7,NA,1,NA,NA,NA,0.7,NA,NA,NA,NA,NA,NA,0.9,NA,5,NA,NA,NA,0.9,NA,NA,NA,NA,NA,NA
"212","Nothofagus dombeyi",NA,NA,10.5,NA,NA,NA,NA,NA,NA,NA,NA,NA,0.959,NA,NA,8,NA,NA,NA,NA,NA,NA,NA,NA,NA,0.873,NA,NA,13,NA,NA,NA,NA,NA,NA,NA,NA,NA,1.045
"213","Nuphar advena",NA,NA,180,NA,NA,NA,4,16,1,NA,NA,NA,NA,NA,NA,NA,NA,NA,NA,1.8,9,NA,NA,NA,NA,NA,NA,NA,NA,NA,NA,NA,6,23,NA,NA,NA,NA,NA
"214","Nymphaea odorata",NA,NA,77.3333333333333,112.5,NA,NA,12.5,20.3333333333333,1,NA,NA,NA,NA,NA,NA,55.6666666666667,100,NA,NA,6,10,NA,NA,NA,NA,NA,NA,NA,99,125,NA,NA,19,30.6666666666667,NA,NA,NA,NA,NA
"215","Nymphoides peltata",NA,1.075,5,NA,36.5,NA,3.5,2,1,NA,NA,NA,0.707826086956522,NA,0.15,NA,NA,25,NA,3,NA,NA,NA,NA,NA,NA,NA,2,NA,NA,48,NA,4,NA,NA,NA,NA,NA,NA
"216","Nyssa ogeche",NA,NA,7.5,NA,NA,NA,NA,NA,NA,2.5,NA,NA,NA,NA,NA,NA,NA,NA,NA,NA,NA,NA,2.2,NA,NA,NA,NA,NA,NA,NA,NA,NA,NA,NA,NA,2.8,NA,NA,NA
"217","Ochroma pyramidale",13.5,30,17.5,99999,NA,NA,8.5,5,1,30,3.25,NA,NA,11,NA,15,NA,NA,NA,7,NA,NA,NA,2.5,NA,NA,16,NA,20,NA,NA,NA,10,NA,NA,NA,4,NA,NA
"218","Octoknema borealis",NA,NA,5,1,NA,NA,2.4,3,NA,1.55,1.5,NA,NA,NA,NA,NA,NA,NA,NA,2.3,NA,NA,1.3,NA,NA,NA,NA,NA,NA,NA,NA,NA,2.5,NA,NA,1.8,NA,NA,NA
"219","Octomeles sumatrana",0.5,NA,6.5,NA,NA,NA,0.5,7,NA,NA,NA,NA,NA,0.4,NA,5,NA,NA,NA,NA,6,NA,NA,NA,NA,NA,0.5,NA,8,NA,NA,NA,NA,8,NA,NA,NA,NA,NA
"220","Olea europaea",0.325,15,2,2,17.5,24000,NA,2,NA,1.6,1.3,NA,0.99,0.25,NA,2,NA,10,NA,NA,NA,NA,0.7,0.6,NA,NA,0.4,NA,4,NA,25,NA,NA,NA,NA,2.5,2,NA,NA
"221","Oryza sativa",0.9,1,6,1,38,NA,NA,1,NA,NA,NA,NA,0.0175454545454545,0.8,0.5,NA,NA,26,NA,NA,NA,NA,NA,NA,NA,NA,1,1.5,NA,NA,50,NA,NA,NA,NA,NA,NA,NA,NA
"222","Ottelia acuminata",NA,NA,10.5,NA,NA,NA,NA,3,NA,NA,NA,NA,NA,NA,NA,9,NA,NA,NA,NA,NA,NA,NA,NA,NA,NA,NA,NA,12,NA,NA,NA,NA,NA,NA,NA,NA,NA,NA
"223","Oxalis corniculata",NA,NA,10,7,NA,105.37,1.2,5,1,NA,NA,NA,NA,NA,NA,NA,4,NA,93.82,NA,NA,NA,NA,NA,NA,NA,NA,NA,NA,10,NA,116.92,NA,NA,NA,NA,NA,NA,NA
"224","Paeonia californica",NA,0.55,86,17,NA,61434,4,8,0,NA,NA,NA,NA,NA,0.35,50,8,NA,46735,3,1,NA,NA,NA,NA,NA,NA,0.75,200,26,NA,76133,5,15,NA,NA,NA,NA,NA
"225","Panax quinquefolius",NA,0.35,5,1.5,NA,NA,0.3,2,1,NA,NA,NA,0.40952380952381,NA,0.2,NA,1,NA,NA,NA,NA,NA,NA,NA,NA,NA,NA,0.5,NA,2,NA,NA,NA,NA,NA,NA,NA,NA,NA
"226","Pandanus tectorius",NA,5,15,1,NA,NA,NA,11.75,NA,NA,NA,NA,0.98,NA,NA,10,NA,NA,NA,NA,5.5,NA,NA,NA,NA,NA,NA,NA,25,NA,NA,NA,NA,18,NA,NA,NA,NA,NA
"227","Pennantia corymbosa",NA,NA,5,0.666666666666667,NA,NA,NA,3,1,0.9,0.5,NA,NA,NA,NA,NA,NA,NA,NA,NA,NA,NA,NA,NA,NA,NA,NA,NA,NA,NA,NA,NA,NA,NA,NA,NA,NA,NA,NA
"228","Peritoma arborea",NA,NA,6,9.5,NA,NA,1.52,1,NA,NA,NA,NA,0.865,NA,NA,NA,1,NA,NA,NA,NA,NA,NA,NA,NA,NA,NA,NA,NA,18,NA,NA,NA,NA,NA,NA,NA,NA,NA
"229","Perrottetia ovata",NA,NA,5,4,NA,NA,NA,2,1,NA,NA,NA,NA,NA,NA,NA,NA,NA,NA,NA,NA,NA,NA,NA,NA,NA,NA,NA,NA,NA,NA,NA,NA,NA,NA,NA,NA,NA,NA
"230","Petrosavia sakuraii",NA,NA,6,NA,NA,55,0.5,3,NA,NA,NA,NA,NA,NA,NA,NA,NA,NA,NA,NA,NA,NA,NA,NA,NA,NA,NA,NA,NA,NA,NA,NA,NA,NA,NA,NA,NA,NA,NA
"231","Petunia axillaris",7.75,0.6,4,NA,NA,NA,NA,2,NA,1.35,0.7,NA,0.62,5,0.5,NA,NA,NA,NA,NA,NA,NA,1.2,0.6,NA,NA,10.5,0.7,NA,NA,NA,NA,NA,NA,NA,1.5,0.8,NA,NA
"232","Peumus boldus",NA,5,38.5,1,NA,NA,NA,5,0,NA,NA,NA,NA,NA,4,34,1,NA,NA,NA,4,0,NA,NA,NA,NA,NA,6,43,1,NA,NA,NA,6,0,NA,NA,NA,NA
"233","Phelline comosa",NA,NA,4,1,NA,NA,NA,4.5,1,NA,NA,NA,NA,NA,NA,4,NA,NA,NA,NA,4,NA,NA,NA,NA,NA,NA,NA,5,NA,NA,NA,NA,5,NA,NA,NA,NA,NA
"234","Phoenix dactylifera",NA,30,6,NA,NA,NA,NA,3,NA,NA,NA,NA,NA,NA,NA,NA,NA,NA,NA,NA,NA,NA,NA,NA,NA,NA,NA,NA,NA,NA,NA,NA,NA,NA,NA,NA,NA,NA,NA
"235","Phormium tenax",3.75,NA,6,NA,NA,NA,NA,3,NA,7,2.5,NA,NA,2.5,NA,NA,NA,NA,NA,NA,NA,NA,4,2,NA,NA,5,NA,NA,NA,NA,NA,NA,NA,NA,10,3,NA,NA
"236","Phragmites australis",NA,5.3,2.5,1,NA,NA,NA,3,NA,NA,NA,NA,NA,NA,NA,NA,NA,NA,NA,NA,NA,NA,NA,NA,NA,NA,NA,NA,NA,NA,NA,NA,NA,NA,NA,NA,NA,NA,NA
"237","Phryma leptostachya",NA,0.7,4,1,38,2535.5,NA,2,1,NA,NA,NA,NA,NA,0.4,NA,NA,26,NA,NA,NA,NA,NA,NA,NA,NA,NA,1,NA,NA,50,NA,NA,NA,NA,NA,NA,NA,NA
"238","Phyllanthus niruri",NA,NA,3,NA,NA,NA,0.1,NA,NA,NA,NA,NA,NA,NA,NA,NA,NA,NA,NA,NA,NA,NA,NA,NA,NA,NA,NA,NA,NA,NA,NA,NA,NA,NA,NA,NA,NA,NA,NA
"239","Physena madagascariensis",NA,NA,10,1,NA,NA,NA,2,1,NA,NA,NA,NA,NA,NA,8,NA,NA,NA,NA,NA,NA,NA,NA,NA,NA,NA,NA,12,NA,NA,NA,NA,NA,NA,NA,NA,NA,NA
"240","Picramnia polyantha",NA,NA,5.5,2,NA,NA,NA,2,1,NA,NA,NA,NA,NA,NA,5,NA,NA,NA,NA,NA,NA,NA,NA,NA,NA,NA,NA,6,NA,NA,NA,NA,NA,NA,NA,NA,NA,NA
"241","Pinguicula alpina",NA,NA,NA,NA,NA,800,NA,NA,NA,NA,NA,NA,NA,NA,NA,NA,NA,NA,NA,NA,NA,NA,NA,NA,NA,NA,NA,NA,NA,NA,NA,NA,NA,NA,NA,NA,NA,NA,NA
"242","Piper amalago",NA,NA,5,NA,NA,NA,NA,NA,NA,NA,NA,NA,NA,NA,NA,NA,NA,NA,NA,NA,NA,NA,NA,NA,NA,NA,NA,NA,NA,NA,NA,NA,NA,NA,NA,NA,NA,NA,NA
"243","Pittosporum dasycaulon",1.14,NA,5,5.5,45,2600,NA,NA,NA,NA,12.5,NA,NA,NA,NA,NA,3,NA,NA,NA,NA,NA,NA,10,NA,NA,NA,NA,NA,8,NA,NA,NA,NA,NA,NA,15,NA,NA
"244","Plantago lanceolata",NA,0.13,4,NA,17.5,25119,0.4,2,1,NA,NA,NA,0.99,NA,NA,NA,NA,10,15486,NA,NA,NA,NA,NA,NA,NA,NA,NA,NA,NA,25,45465,NA,NA,NA,NA,NA,NA,NA
"245","Platea latifolia",NA,NA,5,1,NA,NA,NA,2,1,3.5,1.75,NA,NA,NA,NA,NA,NA,NA,NA,NA,NA,NA,3,1.5,NA,NA,NA,NA,NA,NA,NA,NA,NA,NA,NA,4,2,NA,NA
"246","Plocosperma buxifolium",0.8,NA,5,1.5,NA,NA,0.375,2,1,NA,NA,NA,NA,NA,NA,5,1,NA,NA,0.25,NA,NA,NA,NA,NA,NA,NA,NA,6,2,NA,NA,0.5,NA,NA,NA,NA,NA,NA
"247","Plumbago auriculata",3.3,0.85,5,1,68.5,1295,2.75,1,NA,NA,NA,NA,NA,2.85,0.3,NA,NA,54,1261,2,NA,NA,NA,NA,NA,NA,3.75,1.4,NA,NA,83,1329,3.5,NA,NA,NA,NA,NA,NA
"248","Podophyllum peltatum",NA,0.45,15,43.3,38,NA,5,1,NA,NA,NA,NA,NA,NA,0.3,12,NA,26,NA,3,NA,NA,NA,NA,NA,NA,NA,0.6,18,NA,50,NA,7,NA,NA,NA,NA,NA,NA
"249","Poeppigia procera",NA,NA,10,8,NA,NA,NA,1,NA,NA,NA,NA,NA,NA,NA,NA,NA,NA,NA,NA,NA,NA,NA,NA,NA,NA,NA,NA,NA,NA,NA,NA,NA,NA,NA,NA,NA,NA,NA
"250","Polycarpon tetraphyllum",NA,0.225,2.75,NA,17.5,NA,NA,NA,NA,NA,NA,NA,NA,NA,NA,2,NA,10,NA,NA,NA,NA,NA,NA,NA,NA,NA,NA,3.5,NA,25,NA,NA,NA,NA,NA,NA,NA,NA
"251","Polygala lewtonii",NA,NA,8,1,NA,NA,NA,2,NA,NA,NA,NA,NA,NA,NA,NA,NA,NA,NA,NA,NA,NA,NA,NA,NA,NA,NA,NA,NA,NA,NA,NA,NA,NA,NA,NA,NA,NA,NA
"252","Populus alba",NA,NA,9,NA,NA,NA,NA,NA,NA,NA,NA,NA,NA,NA,NA,8,NA,NA,NA,NA,NA,NA,NA,NA,NA,NA,NA,NA,10,NA,NA,NA,NA,NA,NA,NA,NA,NA,NA
"253","Portulaca oleracea",0.75,0.3,9.5,60,57.5,NA,0.45,4.5,1,NA,NA,NA,NA,0.5,NA,7,20,50,NA,0.4,2,NA,NA,NA,NA,NA,1,NA,12,100,65,NA,0.5,7,NA,NA,NA,NA,NA
"254","Posidonia australis",NA,0.3,3,1,528,980000,NA,1,NA,NA,NA,NA,0.535,NA,0.17,NA,NA,NA,NA,NA,NA,NA,NA,NA,NA,NA,NA,0.43,NA,NA,NA,NA,NA,NA,NA,NA,NA,NA,NA
"255","Posoqueria latifolia",NA,14,5,NA,75.5,NA,NA,2,1,NA,5.5,NA,NA,NA,3,NA,NA,51,NA,NA,NA,NA,NA,3,NA,NA,NA,25,NA,NA,100,NA,NA,NA,NA,NA,8,NA,NA
"256","Potamogeton berchtoldii",NA,NA,4,1,NA,NA,NA,4,0,0.24,0.165,NA,NA,NA,NA,NA,NA,NA,NA,NA,NA,NA,0.2,0.13,NA,NA,NA,NA,NA,NA,NA,NA,NA,NA,NA,0.28,0.2,NA,NA
"257","Primula sieboldii",NA,0.185,5,NA,NA,NA,NA,5,1,NA,NA,NA,NA,NA,0.12,NA,NA,NA,NA,NA,NA,NA,NA,NA,NA,NA,NA,0.25,NA,NA,NA,NA,NA,NA,NA,NA,NA,NA,NA
"258","Prionotes cerinthoides",2.225,NA,5,NA,NA,NA,0.59,5,1,NA,NA,NA,NA,1.95,NA,NA,NA,NA,NA,NA,NA,NA,NA,NA,NA,NA,2.5,NA,NA,NA,NA,NA,NA,NA,NA,NA,NA,NA,NA
"259","Prunus persica",NA,7,46,2,38,NA,NA,1,NA,6,NA,NA,0.41,NA,6,NA,NA,26,NA,NA,NA,NA,4,NA,NA,0.32,NA,8,NA,NA,50,NA,NA,NA,NA,8,NA,NA,0.5
"260","Putranjiva roxburghii",NA,NA,3.16666666666667,2,NA,NA,0.625,3,1,NA,NA,NA,NA,NA,NA,2.33333333333333,NA,NA,NA,0.5,NA,NA,NA,NA,NA,NA,NA,NA,4,NA,NA,NA,0.75,NA,NA,NA,NA,NA,NA
"261","Qualea grandiflora",2,12,1,56,NA,NA,NA,3,1,NA,NA,NA,0.99,1.5,NA,NA,47,NA,NA,NA,NA,NA,NA,NA,NA,NA,2.5,NA,NA,65,NA,NA,NA,NA,NA,NA,NA,NA,NA
"262","Quercus rubra",NA,30,6,2,NA,NA,NA,3,NA,NA,NA,NA,1,NA,NA,2,NA,NA,NA,NA,3,NA,NA,NA,NA,NA,NA,NA,12,NA,NA,NA,NA,6,NA,NA,NA,NA,NA
"263","Quinchamalium chilense",1.2025,0.2125,5,1,22.275,NA,0.5,1,NA,0.2,NA,0.9,NA,1.115,0.025,NA,NA,16.97,NA,0.4,NA,NA,NA,NA,0.7,NA,1.29,0.4,NA,NA,27.58,NA,0.6,NA,NA,NA,NA,1.1,NA
"264","Quintinia hyehenensis",NA,6.25,5,NA,NA,NA,0.5,4.5,NA,NA,NA,NA,NA,NA,1.5,NA,NA,NA,NA,NA,4,NA,NA,NA,NA,NA,NA,11,NA,NA,NA,NA,NA,5,NA,NA,NA,NA,NA
"265","Rafflesia keithii",NA,NA,40,NA,NA,NA,80,NA,NA,NA,NA,NA,NA,NA,NA,NA,NA,NA,NA,NA,NA,NA,NA,NA,NA,NA,NA,NA,NA,NA,NA,NA,NA,NA,NA,NA,NA,NA,NA
"266","Ranunculus acris",NA,0.575,60,1,17.5,NA,2.15,20,0,0.3,NA,NA,NA,NA,0.15,NA,NA,10,NA,1.8,NA,NA,0.25,NA,NA,NA,NA,1,NA,NA,25,NA,2.5,NA,NA,0.35,NA,NA,NA
"267","Ravenala madagascariensis",19,13.5,6,12.5,NA,NA,NA,3,1,NA,NA,NA,NA,20,9,NA,5,NA,NA,NA,NA,NA,NA,NA,NA,NA,25,18,NA,20,NA,NA,NA,NA,NA,NA,NA,NA,NA
"268","Rhizophora stylosa",NA,13.5,8,2,NA,NA,NA,2,1,NA,NA,NA,0.25,NA,NA,NA,NA,NA,NA,NA,NA,NA,NA,NA,NA,NA,NA,NA,NA,NA,NA,NA,NA,NA,NA,NA,NA,NA,NA
"269","Ribes aureum",1.6,2,5,NA,38,NA,NA,2,NA,NA,NA,NA,NA,0.8,1,NA,NA,26,NA,NA,NA,NA,NA,NA,NA,NA,2.4,3,NA,NA,50,NA,NA,NA,NA,NA,NA,NA,NA
"270","Roridula dentata",1.5,2,5,1,NA,NA,2.5,3,1,0.5,NA,NA,0.0142857142857143,NA,NA,NA,NA,NA,NA,NA,NA,NA,NA,NA,NA,NA,NA,NA,NA,NA,NA,NA,NA,NA,NA,NA,NA,NA,NA
"271","Roridula gorgonias",1.5,1,5,3,75.5,NA,2.5,3,1,0.5,NA,NA,0.0266666666666667,NA,NA,NA,2,51,NA,NA,NA,NA,NA,NA,NA,NA,NA,NA,NA,4,100,NA,NA,NA,NA,NA,NA,NA,NA
"272","Roupala montana",0.775,6,4,2,NA,NA,NA,1,NA,NA,NA,NA,NA,0.5,NA,NA,NA,NA,NA,NA,NA,NA,NA,NA,NA,NA,1.05,NA,NA,NA,NA,NA,NA,NA,NA,NA,NA,NA,NA
"273","Rourea induta",NA,4,10,NA,NA,NA,1.1,NA,NA,NA,NA,NA,NA,NA,NA,NA,NA,NA,NA,NA,NA,NA,NA,NA,NA,NA,NA,NA,NA,NA,NA,NA,NA,NA,NA,NA,NA,NA,NA
"274","Ruta graveolens",NA,1,9,4,25.5,304,NA,4,1,0.75,NA,NA,NA,NA,NA,8,NA,21,226,NA,NA,NA,0.35,NA,NA,NA,NA,NA,10,NA,30,382,NA,NA,NA,1.15,NA,NA,NA
"275","Sagina procumbens",NA,0.2,4,NA,NA,NA,0.2,4,NA,0.275,NA,NA,NA,NA,NA,NA,NA,NA,NA,NA,NA,NA,0.2,NA,NA,NA,NA,NA,NA,NA,NA,NA,NA,NA,NA,0.35,NA,NA,NA
"276","Sagittaria latifolia",NA,NA,30,NA,NA,NA,4,6,NA,NA,NA,NA,NA,NA,NA,20,NA,NA,NA,NA,2,NA,NA,NA,NA,NA,NA,NA,40,NA,NA,NA,NA,10,NA,NA,NA,NA,NA
"277","Salpiglossis sinuata",4.075,1,4,NA,67.5,NA,5.5,2,1,NA,NA,0.335,NA,3.15,NA,NA,NA,63,NA,5,NA,NA,NA,NA,0.32,NA,5,NA,NA,NA,72,NA,6,NA,NA,NA,NA,0.35,NA
"278","Santalum spicatum",NA,NA,4,NA,NA,NA,NA,NA,NA,NA,NA,NA,0.88,NA,NA,NA,NA,NA,NA,NA,NA,NA,NA,NA,NA,NA,NA,NA,NA,NA,NA,NA,NA,NA,NA,NA,NA,NA,NA
"279","Sarracenia purpurea",NA,0.25,65,282,NA,NA,6,5,1,NA,1.5,NA,1,NA,0.05,50,200,NA,NA,NA,NA,NA,NA,1,NA,NA,NA,0.45,80,364,NA,NA,NA,NA,NA,NA,2,NA,NA
"280","Sauvagesia rhodoleuca",NA,1.15,5,NA,NA,NA,0.525,3,NA,NA,NA,NA,0.2,NA,0.8,NA,NA,NA,NA,0.4,NA,NA,NA,NA,NA,NA,NA,1.5,NA,NA,NA,NA,0.65,NA,NA,NA,NA,NA,NA
"281","Saxifraga cernua",NA,0.155,10,232,NA,218,15,2,0.7,NA,NA,NA,NA,NA,0.06,NA,80,NA,74,9,NA,NA,NA,NA,NA,NA,NA,0.25,NA,190,NA,294,21,NA,NA,NA,NA,NA,NA
"282","Schinus molle",NA,8.5,10,1,30.75,NA,NA,3,1,0.55,0.55,NA,NA,NA,NA,NA,NA,24,NA,NA,NA,NA,0.5,0.5,NA,NA,NA,NA,NA,NA,37.5,NA,NA,NA,NA,0.6,0.6,NA,NA
"283","Schisandra chinensis",NA,NA,5.5,2.5,38,NA,NA,27,0,0.625,30.5,NA,0.745714285714286,NA,NA,4,2,26,NA,NA,14,NA,0.5,0.4,NA,NA,NA,NA,7,3,50,NA,NA,40,NA,0.75,60.6,NA,NA
"284","Schizanthus grahamii",2.9,0.5,2,NA,NA,NA,NA,2,1,NA,NA,NA,0.538,1.4,NA,NA,NA,NA,NA,NA,NA,NA,NA,NA,NA,NA,4.4,NA,NA,NA,NA,NA,NA,NA,NA,NA,NA,NA,NA
"285","Scleranthus annuus",NA,0.135,3.5,1,NA,300,0.15,2,1,0.41,0.1,NA,NA,NA,0.02,2,NA,NA,100,0.1,NA,NA,0.32,NA,NA,NA,NA,0.25,5,NA,NA,250,0.2,NA,NA,0.5,NA,NA,NA
"286","Sesamum indicum",2.4,1.2,4,999,75.5,NA,NA,2,1,0.65,0.225,NA,NA,1.5,NA,NA,NA,51,NA,NA,NA,NA,0.6,0.15,NA,NA,3.3,NA,NA,NA,100,NA,NA,NA,NA,0.7,0.3,NA,NA
"287","Sextonia rubra",NA,40,9,1,NA,NA,NA,1,NA,NA,NA,NA,0.97,NA,NA,NA,NA,NA,NA,NA,NA,NA,NA,NA,NA,NA,NA,NA,NA,NA,NA,NA,NA,NA,NA,NA,NA,NA,NA
"288","Silene vulgaris",NA,0.6,10,NA,38,218,NA,NA,1,1.3,NA,NA,0.438888888888889,NA,NA,NA,NA,26,NA,NA,NA,NA,NA,NA,NA,NA,NA,NA,NA,NA,50,NA,NA,NA,NA,NA,NA,NA,NA
"289","Simmondsia chinensis",NA,NA,10,NA,NA,NA,0.4,3,1,NA,NA,NA,NA,NA,NA,8,NA,NA,NA,0.3,NA,NA,NA,NA,NA,NA,NA,NA,12,NA,NA,NA,0.5,NA,NA,NA,NA,NA,NA
"290","Sinojackia xylocarpa",1.25,NA,13,7,NA,NA,1.75,3,1,NA,NA,NA,0.992,1,NA,NA,6,NA,NA,1.5,2,NA,NA,NA,NA,NA,1.5,NA,NA,8,NA,NA,2,4,NA,NA,NA,NA,NA
"291","Solanum dulcamara",NA,1.15,5,NA,17.5,NA,NA,2,1,1.25,0.875,NA,0.33,NA,0.3,NA,NA,10,NA,NA,NA,NA,1,0.75,NA,NA,NA,2,NA,NA,25,NA,NA,NA,NA,1.5,1,NA,NA
"292","Spergularia marina",NA,0.2,4.33333333333333,114,NA,34,NA,NA,NA,0.46,0.46,NA,0.015,NA,0.1,1,46,NA,49,NA,NA,NA,0.28,0.28,NA,0.01,NA,0.3,7.66666666666667,182,NA,59,NA,NA,NA,0.64,0.64,NA,0.02
"293","Spigelia marilandica",3.75,0.45,5,NA,NA,NA,NA,2,1,NA,NA,NA,NA,2.5,0.3,NA,NA,NA,NA,NA,NA,NA,NA,NA,NA,NA,5,0.6,NA,NA,NA,NA,NA,NA,NA,NA,NA,NA,NA
"294","Spiranthes cernua",NA,0.3,1,NA,38,NA,NA,3,1,NA,NA,NA,NA,NA,0.1,NA,NA,26,NA,NA,NA,NA,NA,NA,NA,NA,NA,0.5,NA,NA,50,NA,NA,NA,NA,NA,NA,NA,NA
"295","Spondias tuberosa",NA,6,10,1,NA,NA,NA,4.5,NA,NA,NA,NA,0.87,NA,2,NA,NA,NA,NA,NA,4,NA,NA,NA,NA,NA,NA,10,NA,NA,NA,NA,NA,5,NA,NA,NA,NA,NA
"296","Staphylea trifolia",0.83,3.1225,5,9,NA,NA,0.64,2.5,1,NA,NA,NA,NA,NA,1.915,NA,6,NA,NA,NA,2,NA,NA,NA,NA,NA,NA,4.33,NA,12,NA,NA,NA,3,NA,NA,NA,NA,NA
"297","Stellaria media",0.525,0.2,5.5,NA,38,50,0.35,NA,NA,0.4,0.4,NA,NA,0.45,0.1,3,NA,26,23,0.2,NA,NA,0.3,0.3,NA,NA,0.6,0.3,8,NA,50,76,0.5,NA,NA,0.5,0.5,NA,NA
"298","Sterculia apetala",1,35,15,11,NA,NA,2,5,0.2,6,4,NA,NA,1.5,30,NA,2,NA,NA,2,NA,NA,NA,NA,NA,NA,2,40,NA,20,NA,NA,2.5,NA,NA,NA,NA,NA,NA
"299","Stylidium graminifolium",0.75,NA,2,90,NA,NA,1,2,1,0.85,0.85,NA,NA,0.5,NA,NA,NA,NA,NA,0.5,NA,NA,0.5,0.5,NA,NA,1,NA,NA,NA,NA,NA,1,NA,NA,1.2,1.2,NA,NA
"300","Swietenia macrophylla",0.4,30,10,14,NA,NA,1,5,1,15,9,NA,0.9525,NA,NA,NA,12,NA,NA,NA,NA,NA,NA,NA,NA,NA,NA,NA,NA,16,NA,NA,NA,NA,NA,NA,NA,NA,NA
"301","Syringa vulgaris",NA,6,2,2,38,NA,NA,2,1,1.25,0.5,NA,NA,NA,NA,NA,NA,26,NA,NA,NA,NA,1,NA,NA,NA,NA,NA,NA,NA,50,NA,NA,NA,NA,1.5,NA,NA,NA
"302","Tacca chantrieri",NA,0.75,6,285,NA,49.5,NA,NA,NA,NA,NA,NA,0.135,NA,0.5,NA,NA,NA,NA,NA,NA,NA,NA,NA,NA,NA,NA,1,NA,NA,NA,NA,NA,NA,NA,NA,NA,NA,NA
"303","Tacca leontopetaloides",NA,1,6,23,NA,137,NA,3,NA,NA,NA,NA,NA,NA,NA,NA,NA,NA,NA,NA,NA,NA,NA,NA,NA,NA,NA,NA,NA,NA,NA,NA,NA,NA,NA,NA,NA,NA,NA
"304","Talinum paniculatum",0.34,0.65,15.75,19,38,136,0.84,3,NA,0.4,0.4,NA,NA,NA,0.3,11,14,26,NA,NA,NA,NA,0.3,0.3,NA,NA,NA,1,20.5,24,50,NA,NA,NA,NA,0.5,0.5,NA,NA
"305","Tectona grandis",NA,40,6,NA,NA,3207.5,0.55,NA,NA,1.5,1.5,NA,0.975,NA,NA,NA,NA,NA,NA,0.4,NA,NA,1.2,1.2,NA,NA,NA,NA,NA,NA,NA,NA,0.7,NA,NA,1.8,1.8,NA,NA
"306","Tetracentron sinense",NA,40,4,6,NA,720,0.15,4,0.8,0.375,0.325,NA,NA,NA,NA,NA,5,NA,NA,0.1,NA,NA,0.25,0.25,NA,NA,NA,NA,NA,6,NA,NA,0.2,NA,NA,0.5,0.4,NA,NA
"307","Tetratheca aphylla",NA,1.9,10,1,NA,NA,NA,3,NA,0.34,NA,NA,1,NA,NA,NA,NA,NA,NA,NA,NA,NA,0.69,NA,NA,NA,NA,NA,NA,NA,NA,NA,NA,NA,NA,0.78,NA,NA,NA
"308","Tetroncium magellanicum",NA,NA,4,1,NA,NA,NA,4,0.3,NA,NA,NA,NA,NA,NA,NA,NA,NA,NA,NA,NA,0.1,NA,NA,NA,NA,NA,NA,NA,NA,NA,NA,NA,NA,0.5,NA,NA,NA,NA
"309","Thalictrum minus",NA,0.825,12.5,1,38,NA,0.7,7.75,0,0.325,0.325,NA,NA,NA,0.15,10,NA,26,NA,0.6,4,NA,0.25,0.25,NA,NA,NA,1.5,15,NA,50,NA,0.8,11.5,NA,0.4,0.4,NA,NA
"310","Theobroma cacao",1,18,5,NA,17.5,NA,NA,5,1,17,NA,NA,0.7575,NA,NA,NA,NA,10,NA,NA,NA,NA,15,NA,NA,NA,NA,NA,NA,NA,25,NA,NA,NA,NA,19,NA,NA,NA
"311","Thymelaea hirsuta",2.88666666666667,1.6,8,1,28,NA,2.75,1,NA,NA,NA,NA,NA,NA,1.2,NA,NA,26,NA,2.75,NA,NA,NA,NA,NA,NA,NA,2,NA,NA,30,NA,3.25,NA,NA,NA,NA,NA,NA
"312","Titanotrichum oldhamii",3.5,NA,4,NA,NA,NA,1,NA,NA,NA,NA,NA,NA,3,NA,NA,NA,NA,NA,NA,NA,NA,NA,NA,NA,NA,4,NA,NA,NA,NA,NA,NA,NA,NA,NA,NA,NA,NA
"313","Trachelium caeruleum",0.5,1,5,NA,23,NA,NA,NA,NA,NA,NA,NA,NA,0.4,NA,NA,NA,21,NA,NA,NA,NA,NA,NA,NA,NA,0.6,NA,NA,NA,25,NA,NA,NA,NA,NA,NA,NA,NA
"314","Tragopogon dubius",NA,0.7,5,1,38,NA,NA,2,1,2.6,0.155,NA,0.15,NA,0.4,NA,NA,26,NA,NA,NA,NA,2.2,0.14,NA,NA,NA,1,NA,NA,50,NA,NA,NA,NA,3,0.17,NA,NA
"315","Tribulus terrestris",NA,0.35,10,20,45.5,398,0.9,5,1,0.5,1,NA,NA,NA,0.1,NA,15,41,340,0.8,NA,NA,0.4,NA,NA,NA,NA,0.6,NA,25,50,377,1,NA,NA,0.6,NA,NA,NA
"316","Trichilia emetica",1.6,30,10,2,NA,NA,NA,3,1,3,NA,NA,NA,NA,NA,NA,1,NA,NA,NA,2,NA,2,NA,NA,NA,NA,NA,NA,2,NA,NA,NA,3,NA,4,NA,NA,NA
"317","Trillium erectum",NA,0.3,6,NA,NA,537,NA,3,NA,1.3,1.25,NA,0.53,NA,0.1,NA,NA,NA,NA,NA,NA,NA,1,1,NA,NA,NA,0.5,NA,NA,NA,NA,NA,NA,NA,1.6,1.5,NA,NA
"318","Trithuria submersa",NA,0.075,1,1,NA,24,1,1,NA,NA,NA,NA,NA,NA,0.05,NA,NA,NA,NA,NA,NA,NA,NA,NA,NA,NA,NA,0.1,NA,NA,NA,NA,NA,NA,NA,NA,NA,NA,NA
"319","Trochocarpa laurina",0.25,NA,10,1,NA,NA,NA,10,1,NA,0.7,NA,NA,0.2,NA,NA,NA,NA,NA,NA,NA,NA,NA,0.6,NA,NA,0.3,NA,NA,NA,NA,NA,NA,NA,NA,NA,0.8,NA,NA
"320","Tropaeolum majus",4,NA,8,NA,17.5,63480.5,4.45,NA,NA,1.75,1.75,NA,NA,NA,NA,NA,NA,10,NA,3.5,NA,NA,1.5,1.5,NA,NA,NA,NA,NA,NA,25,NA,5.4,NA,NA,2,2,NA,NA
"321","Tropaeolum tricolor",3,2,8,1,NA,NA,NA,3,1,NA,NA,NA,NA,NA,3,NA,NA,NA,NA,NA,NA,NA,NA,NA,NA,NA,NA,4,NA,NA,NA,NA,NA,NA,NA,NA,NA,NA,NA
"322","Turnera ulmifolia",NA,0.875,5,504.5,75.5,NA,5,3,1,NA,NA,NA,0.187692307692308,NA,NA,NA,10,51,NA,4.1,NA,NA,NA,NA,NA,NA,NA,2.5,NA,999,100,NA,5.9,NA,NA,NA,NA,NA,NA
"323","Typha latifolia",NA,2.25,2,1,38,NA,NA,1,NA,1.25,NA,NA,NA,NA,1.5,NA,NA,26,NA,NA,NA,NA,1,NA,NA,NA,NA,3,NA,NA,50,NA,NA,NA,NA,1.5,NA,NA,NA
"324","Urtica dioica",NA,1.75,4,1,17.5,NA,NA,1,NA,0.12,0.08,NA,NA,NA,0.5,NA,NA,10,NA,NA,NA,NA,0.1,0.07,NA,NA,NA,3,NA,NA,25,NA,NA,NA,NA,0.14,0.09,NA,NA
"325","Vaccinium uliginosum",0.6,0.6,9,NA,48.25,316,0.4,3.5,1,0.7,0.7,NA,NA,0.38,0.2,8,NA,46,252.75,0.36,3.33333333333333,NA,0.6,0.6,NA,NA,0.5,1,10,NA,50.5,302.35,0.4,3.66666666666667,NA,0.8,0.8,NA,NA
"326","Valeriana officinalis",NA,0.75,3,1,38,NA,0.5,3,NA,0.45,0.45,NA,0.875,NA,0,NA,NA,26,NA,0.4,NA,NA,0.4,0.4,NA,NA,NA,1.5,NA,NA,50,NA,0.6,NA,NA,0.5,0.5,NA,NA
"327","Verbascum thapsus",NA,2,5,NA,NA,NA,1.5,2,1,0.85,NA,NA,0.676,NA,NA,NA,NA,NA,NA,1,NA,NA,0.7,NA,NA,NA,NA,NA,NA,NA,NA,NA,2,NA,NA,1,NA,NA,NA
"328","Veronica anagallis-aquatica",NA,0.55,2,NA,38,43,0.625,2,NA,0.3,NA,0.205,NA,NA,0.1,NA,NA,26,27,0.45,NA,NA,NA,NA,0.15,NA,NA,1,NA,NA,50,59,0.8,NA,NA,NA,NA,0.26,NA
"329","Viburnum rufidulum",NA,6,5,NA,NA,NA,0.63,NA,NA,NA,NA,NA,NA,NA,3,NA,NA,NA,NA,NA,NA,NA,NA,NA,NA,NA,NA,9,NA,NA,NA,NA,NA,NA,NA,NA,NA,NA,NA
"330","Viola pubescens",NA,0.275,5,9,NA,NA,NA,3,1,1.6,1,NA,0.665,NA,0.1,NA,8,NA,NA,NA,NA,NA,1.2,0.8,NA,0.59,NA,0.45,NA,10,NA,NA,NA,NA,NA,2,1.2,NA,2.77
"331","Vitis labrusca",0.2,NA,5,NA,NA,NA,NA,NA,NA,NA,1.2,NA,NA,NA,NA,NA,NA,NA,NA,NA,NA,NA,NA,NA,NA,NA,NA,NA,NA,NA,NA,NA,NA,NA,NA,NA,NA,NA,NA
"332","Viviania marifolia",NA,4,10,2,30,NA,NA,3,1,NA,NA,NA,NA,NA,NA,NA,NA,NA,NA,NA,NA,NA,NA,NA,NA,NA,NA,NA,NA,NA,NA,NA,NA,NA,NA,NA,NA,NA,NA
"333","Vriesea carinata",NA,NA,6,NA,NA,NA,NA,3,NA,NA,NA,NA,0.4575,NA,NA,NA,NA,NA,NA,NA,NA,NA,NA,NA,NA,NA,NA,NA,NA,NA,NA,NA,NA,NA,NA,NA,NA,NA,NA
"334","Warburgia ugandensis",NA,NA,10,NA,NA,NA,NA,5,1,NA,NA,NA,0.89,NA,NA,NA,NA,NA,NA,NA,NA,NA,NA,NA,NA,NA,NA,NA,NA,NA,NA,NA,NA,NA,NA,NA,NA,NA,NA
"335","Wurmbea biglandulosa",NA,NA,6,21.5,NA,NA,1.475,3,NA,NA,NA,NA,0.856666666666667,NA,NA,NA,21,NA,NA,1.22,NA,NA,NA,NA,NA,NA,NA,NA,NA,22,NA,NA,1.73,NA,NA,NA,NA,NA,NA
"336","Xanthosoma sagittifolium",NA,2,5,35,NA,390.5,NA,4.25,1,NA,NA,NA,NA,NA,NA,4,20,NA,NA,NA,3.5,NA,NA,NA,NA,NA,NA,NA,6,50,NA,NA,NA,5,NA,NA,NA,NA,NA
"337","Ximenia americana",0.9,5,7.33333333333333,1,NA,NA,1.2,4,NA,NA,NA,NA,NA,0.7,4,NA,NA,NA,NA,NA,NA,NA,NA,NA,NA,NA,1.1,6,NA,NA,NA,NA,NA,NA,NA,NA,NA,NA,NA
"338","Zea mays",0.745,3.25,3,1,75.5,14818,0.2625,1,NA,0.725,0.45,NA,0.97,0.605,0.5,NA,NA,51,NA,0.195,NA,NA,0.55,0.35,NA,NA,0.885,6,NA,NA,100,NA,0.33,NA,NA,0.9,0.55,NA,NA
"339","Zelkova serrata",NA,30,7,1,NA,NA,0.9,2,NA,0.3,NA,NA,1,NA,NA,5,NA,NA,NA,NA,NA,NA,0.25,NA,NA,NA,NA,NA,8,NA,NA,NA,NA,NA,NA,0.35,NA,NA,NA
"340","Zostera marina",NA,0.7,1,1,NA,NA,NA,2,NA,0.3375,NA,0.45,0.735,NA,0.2,NA,NA,NA,NA,NA,NA,NA,0.25,NA,0.3,NA,NA,1.2,NA,NA,NA,NA,NA,NA,NA,0.425,NA,0.6,NA
