"","NTaxDat","Woodiness_herbaceous","Woodiness_woody","Climbing_climbing","Climbing_non-climbing","Aquatic_aquatic","Aquatic_non-aquatic","SexualSystem_dimorphic","SexualSystem_monomorphic","Lifespan_long","Lifespan_short","Mating_mixed","Mating_outcrossing","Mating_selfing","Pollination_abiotic","Pollination_autonomous","Pollination_biotic","Dispersal_abiotic","Dispersal_autonomous","Dispersal_biotic","FlowerSex_bisexual","FlowerSex_unisexual","OvaryPosition_inferior","OvaryPosition_intermediate","OvaryPosition_superior","FloralReward_nectar","FloralReward_none","FloralReward_other","FloralReward_pollen","FlowerSymmetry_actinomorphic","FlowerSymmetry_other","FlowerSymmetry_zygomorphic","Showiness_bright","Showiness_dull"
"1","Abolboda pulchella",1,0,0,1,0,1,0,1,1,0,NA,NA,NA,0,0,1,NA,NA,NA,1,0,0,0,1,1,0,0,0,0,0,1,1,0
"2","Achatocarpus praecox",0,1,0,1,0,1,1,0,1,0,0,1,0,0,0,1,0,0,1,0,1,0,0,1,NA,NA,NA,NA,1,0,0,1,1
"3","Acorus calamus",1,0,0,1,0,1,0,1,1,0,0,1,0,0,0,1,1,0,0,1,0,0,0,1,0,0,1,0,0,0,1,1,1
"4","Actinidia chinensis",0,1,1,0,0,1,1,0,1,0,0,1,0,1,0,1,0,0,1,0,1,0,0,1,0,1,0,1,1,0,0,1,0
"5","Aerva javanica",1,1,0,1,0,1,1,0,1,0,0,1,0,0,0,1,1,0,0,0,1,0,0,1,NA,NA,NA,NA,1,0,0,1,0
"6","Aextoxicon punctatum",0,1,0,1,0,1,1,0,1,0,0,1,0,0,0,1,0,0,1,0,1,0,0,1,NA,NA,NA,NA,1,0,0,1,0
"7","Agalinis neoscotica",1,0,0,1,0,1,0,1,0,1,NA,NA,NA,0,0,1,NA,NA,NA,1,0,0,0,1,NA,NA,NA,NA,0,0,1,1,0
"8","Ailanthus altissima",0,1,0,1,0,1,1,0,1,0,0,1,0,0,0,1,1,0,0,0,1,0,0,1,1,0,0,0,1,0,0,1,1
"9","Ainsliaea cordifolia",1,0,0,1,0,1,0,1,1,0,NA,NA,NA,0,0,1,1,0,0,1,0,1,0,0,NA,NA,NA,NA,1,0,0,1,0
"10","Ajuga reptans",1,0,0,1,0,1,1,1,1,0,NA,NA,NA,0,0,1,0,0,1,1,1,0,0,1,1,0,0,1,0,0,1,1,0
"11","Akebia quinata",0,1,1,0,0,1,0,1,1,0,0,1,0,0,0,1,0,1,0,0,1,0,0,1,0,1,0,1,1,0,0,1,0
"12","Albizia julibrissin",0,1,0,1,0,1,0,1,1,0,0,1,0,0,0,1,1,1,0,1,1,0,0,1,1,0,0,1,1,0,0,1,1
"13","Alepis flavida",0,1,0,1,0,1,0,1,1,0,1,0,0,0,0,1,0,0,1,1,0,1,0,0,1,0,0,0,1,0,0,1,0
"14","Allanblackia floribunda",0,1,0,1,0,1,1,0,1,0,0,1,0,0,0,1,0,0,1,0,1,0,0,1,NA,NA,NA,NA,1,0,0,1,0
"15","Allium sativum",1,0,0,1,0,1,0,1,1,0,0,0,1,0,1,0,0,1,0,1,1,0,0,1,NA,NA,NA,NA,1,0,1,1,0
"16","Allium schoenoprasum",1,0,0,1,0,1,0,1,1,0,NA,NA,NA,0,0,1,0,1,0,1,0,0,0,1,1,0,0,0,1,0,0,1,0
"17","Allocasuarina verticillata",0,1,0,1,0,1,1,0,1,0,0,1,0,1,0,0,1,0,0,0,1,NA,NA,NA,0,1,0,0,NA,NA,NA,1,0
"18","Alluaudia procera",0,1,0,1,0,1,1,0,1,0,0,1,0,0,0,1,1,0,0,0,1,0,0,1,NA,NA,NA,NA,0,1,0,1,1
"19","Alnus alnobetula",0,1,0,1,0,1,0,1,1,0,NA,NA,NA,1,0,0,1,0,0,0,1,1,0,0,0,1,0,0,1,0,0,0,1
"20","Aloe thraskii",0,1,0,1,0,1,0,1,1,0,NA,NA,NA,0,0,1,NA,NA,NA,0,1,NA,NA,NA,1,0,0,0,0,0,1,1,0
"21","Alphitonia excelsa",0,1,0,1,0,1,0,1,1,0,0,1,0,0,0,1,0,0,1,1,0,1,0,0,1,0,0,0,1,0,0,1,1
"22","Alseuosmia macrophylla",0,1,0,1,0,1,0,1,1,0,0,1,0,0,0,1,0,0,1,1,0,1,0,0,1,0,0,0,1,0,0,1,0
"23","Alstroemeria aurea",1,0,0,1,0,1,0,1,1,0,0,1,0,0,0,1,0,1,0,1,0,1,0,0,1,0,0,0,0,0,1,1,0
"24","Alyssum simplex",1,0,0,1,0,1,0,1,0,1,0,0,1,0,0,1,1,0,0,1,0,0,0,1,1,0,0,0,1,0,0,1,0
"25","Amborella trichopoda",0,1,0,1,0,1,1,0,1,0,0,1,0,1,0,1,0,1,1,0,1,0,0,1,0,1,1,0,1,0,0,1,0
"26","Amsonia tabernaemontana",1,0,0,1,0,1,0,1,1,0,NA,NA,NA,0,0,1,NA,NA,NA,1,0,0,0,1,NA,NA,NA,NA,1,0,0,1,0
"27","Anarthria polyphylla",1,0,0,1,0,1,1,0,1,0,0,1,0,1,0,0,NA,NA,NA,0,1,0,0,1,0,1,0,0,1,0,0,0,1
"28","Angelonia pubescens",1,0,0,1,0,1,0,1,0,1,0,0,1,0,0,1,0,0,1,1,0,0,0,1,0,0,1,0,0,0,1,1,0
"29","Anigozanthos humilis",1,0,0,1,0,1,0,1,1,0,0,1,0,0,0,1,NA,NA,NA,0,1,NA,NA,NA,1,0,0,0,0,0,1,1,0
"30","Annona crassiflora",0,1,0,1,0,1,0,1,1,0,NA,NA,NA,0,0,1,0,0,1,1,0,0,0,1,0,0,1,0,1,0,0,1,1
"31","Antirrhinum majus",1,0,0,1,0,1,0,1,1,0,0,1,0,0,0,1,0,1,0,1,0,0,0,1,0,0,0,1,0,0,1,1,0
"32","Apium graveolens",1,0,0,1,0,1,0,1,0,1,NA,NA,NA,0,0,1,1,0,0,1,0,1,0,0,1,0,0,0,1,0,0,1,0
"33","Aquilegia canadensis",1,0,0,1,0,1,0,1,1,0,NA,NA,NA,0,0,1,0,1,0,1,0,0,0,1,1,0,0,1,1,0,0,1,0
"34","Arabidopsis thaliana",1,0,0,1,0,1,0,1,0,1,0,0,1,0,1,1,1,1,0,1,0,0,0,1,1,0,0,0,1,1,0,1,0
"35","Aralidium pinnatifidum",0,1,0,1,0,1,1,0,1,0,0,1,0,NA,NA,NA,NA,NA,NA,0,1,1,0,0,NA,NA,NA,NA,1,0,0,1,0
"36","Arctostaphylos uva-ursi",0,1,0,1,0,1,0,1,1,0,NA,NA,NA,0,1,1,0,0,1,1,0,0,0,1,1,0,0,0,1,0,0,1,0
"37","Arum maculatum",1,0,0,1,0,1,0,1,1,0,1,0,0,0,0,1,0,0,1,0,1,0,0,1,0,1,0,0,NA,NA,NA,0,1
"38","Asparagus officinalis",1,0,0,1,0,1,1,0,1,0,0,1,0,0,0,1,0,0,1,0,1,0,0,1,1,0,0,1,1,0,0,1,1
"39","Astelia alpina",1,0,0,1,0,1,1,0,1,0,0,1,0,NA,NA,NA,0,0,1,1,1,0,0,1,1,0,0,0,1,0,0,0,1
"40","Audouinia capitata",0,1,0,1,0,1,0,1,1,0,0,1,0,0,0,1,1,0,0,1,0,0,1,0,1,0,0,0,1,0,0,1,0
"41","Avicennia marina",0,1,0,1,0,1,0,1,1,0,NA,NA,NA,0,0,1,1,0,0,1,0,0,0,1,1,0,0,0,1,0,0,1,0
"42","Azima tetracantha",0,1,0,1,0,1,1,0,1,0,0,1,0,NA,NA,NA,0,0,1,0,1,0,0,1,NA,NA,NA,NA,NA,NA,NA,1,1
"43","Bagassa guianensis",0,1,0,1,0,1,1,0,1,0,0,1,0,1,0,1,0,0,1,0,1,NA,NA,NA,0,1,0,0,NA,NA,NA,NA,NA
"44","Balanophora laxiflora",1,0,0,1,0,1,1,0,1,0,0,1,0,NA,NA,NA,NA,NA,NA,0,1,1,0,0,NA,NA,NA,NA,0,0,1,NA,NA
"45","Balanops pancheri",0,1,0,1,0,1,1,0,1,0,0,1,0,1,0,0,0,0,1,0,1,NA,NA,NA,0,1,0,0,NA,NA,NA,NA,NA
"46","Bdallophytum americanum",1,0,0,1,0,1,1,0,NA,NA,0,1,0,NA,NA,NA,0,0,1,0,1,1,0,0,1,0,0,0,1,0,0,1,0
"47","Begonia heracleifolia",1,0,0,1,0,1,0,1,1,1,NA,NA,NA,NA,NA,NA,0,1,0,1,0,1,0,0,NA,NA,NA,NA,0,0,1,1,0
"48","Bergeranthus multiceps",1,0,0,1,0,1,0,1,1,0,0,1,0,0,0,1,NA,NA,NA,1,0,NA,NA,NA,1,0,0,1,1,0,0,1,0
"49","Berteroa incana",1,0,0,1,0,1,0,1,1,1,0,1,0,0,0,1,1,0,0,1,0,0,0,1,1,0,0,0,1,0,0,1,0
"50","Bertholletia excelsa",0,1,0,1,0,1,0,1,1,0,0,1,0,0,0,1,0,0,1,1,0,1,0,0,1,0,0,1,0,0,1,1,0
"51","Beta vulgaris",1,0,0,1,0,1,1,1,1,1,0,1,0,1,0,0,1,1,0,1,0,0,1,0,0,1,0,0,1,0,0,0,1
"52","Bixa orellana",0,1,0,1,0,1,0,1,1,0,1,1,0,0,0,1,0,0,1,1,0,0,0,1,0,0,0,1,1,0,0,1,0
"53","Borago officinalis",1,0,0,1,0,1,0,1,0,1,NA,NA,NA,0,0,1,0,0,1,1,0,0,0,1,1,0,0,0,1,0,0,1,0
"54","Brasenia schreberi",1,0,0,1,1,1,0,1,1,0,NA,NA,NA,1,0,0,1,0,0,1,0,0,0,1,0,1,0,0,1,0,0,1,1
"55","Bretschneidera sinensis",0,1,0,1,0,1,0,1,1,0,0,1,0,0,0,1,0,1,0,1,0,0,0,1,1,0,0,0,0,0,1,1,0
"56","Bruguiera gymnorhiza",0,1,0,1,0,1,0,1,1,0,1,0,0,0,0,1,1,0,0,1,0,1,0,0,1,0,0,0,1,0,0,1,1
"57","Buddleja davidii",0,1,0,1,0,1,0,1,1,0,0,1,0,0,0,1,1,0,0,1,0,0,0,1,1,0,0,0,1,0,0,1,0
"58","Bursera simaruba",0,1,0,1,0,1,1,1,1,0,0,1,0,0,0,1,0,0,1,1,1,NA,NA,NA,1,0,0,0,1,0,0,0,1
"59","Butomus umbellatus",1,0,0,1,1,0,0,1,1,0,0,1,0,0,0,1,1,1,1,1,0,0,0,1,1,0,0,0,1,0,0,1,0
"60","Buxus balearica",0,1,0,1,0,1,0,1,1,0,NA,NA,NA,1,0,1,0,1,1,0,1,NA,NA,NA,1,1,0,0,NA,NA,NA,NA,NA
"61","Byrsonima crassifolia",0,1,0,1,0,1,0,1,1,0,NA,NA,NA,0,0,1,0,0,1,1,0,0,0,1,0,0,1,0,0,0,1,1,0
"62","Cabomba caroliniana",1,0,0,1,1,0,0,1,1,0,0,1,0,0,0,1,0,0,1,1,0,0,0,1,1,0,0,1,1,0,0,1,0
"63","Calceolaria purpurea",1,0,0,1,0,1,0,1,1,0,0,1,0,0,0,1,NA,NA,NA,1,0,NA,NA,NA,0,0,1,0,0,0,1,1,0
"64","Camellia sinensis",0,1,0,1,0,1,0,1,1,0,0,1,0,0,0,1,0,0,1,1,0,0,0,1,NA,NA,NA,NA,1,0,0,1,0
"65","Canacomyrica monticola",0,1,0,1,0,1,1,0,1,0,0,1,0,1,0,0,0,0,1,0,1,1,0,0,0,1,0,0,NA,NA,NA,NA,NA
"66","Canna indica",1,0,0,1,0,1,0,1,1,0,0,0,1,0,0,1,0,1,0,1,0,1,0,0,1,0,0,0,0,1,0,1,0
"67","Cannabis sativa",1,0,0,1,0,1,1,1,0,1,0,1,0,1,0,0,0,1,1,0,1,0,0,1,0,1,0,0,1,0,0,1,1
"68","Capparis zeylanica",0,1,0,1,0,1,0,1,1,0,NA,NA,NA,NA,NA,NA,0,0,1,1,0,NA,NA,NA,NA,NA,NA,NA,1,0,0,1,0
"69","Cardiocrinum cordatum",1,0,0,1,0,1,0,1,1,0,NA,NA,NA,0,0,1,1,0,0,1,0,NA,NA,NA,1,0,0,0,0,0,1,1,1
"70","Carex laxiflora",1,0,0,1,0,1,0,1,1,0,NA,NA,NA,1,0,0,NA,NA,NA,0,1,0,0,1,0,1,0,0,NA,NA,NA,0,1
"71","Carica papaya",0,1,0,1,0,1,1,0,1,0,0,1,1,0,1,1,0,0,1,0,1,0,0,1,1,1,0,1,1,0,0,1,0
"72","Caryocar brasiliense",0,1,0,1,0,1,0,1,1,0,NA,NA,NA,0,0,1,0,0,1,1,0,0,1,0,1,0,0,0,1,0,0,1,0
"73","Catalpa speciosa",0,1,0,1,0,1,0,1,1,0,0,1,0,0,0,1,1,0,0,1,0,0,0,1,1,0,0,0,0,0,1,1,0
"74","Catharanthus roseus",0,1,0,1,0,1,0,1,1,0,NA,NA,NA,0,0,1,0,1,1,1,0,NA,NA,NA,1,0,0,0,1,0,0,1,0
"75","Caulophyllum thalictroides",1,0,0,1,0,1,0,1,1,0,1,0,0,0,0,1,0,0,1,1,0,0,0,1,NA,NA,NA,NA,1,0,0,1,0
"76","Centroplacus glaucinus",0,1,0,1,0,1,1,0,1,0,0,1,0,NA,NA,NA,NA,NA,NA,0,1,NA,NA,NA,NA,NA,NA,NA,1,0,0,1,0
"77","Ceratophyllum demersum",1,0,0,1,1,0,0,1,1,0,1,0,0,1,0,0,0,0,1,0,1,NA,NA,NA,0,1,0,1,NA,NA,NA,0,1
"78","Cercidiphyllum japonicum",0,1,0,1,0,1,1,0,1,0,0,1,0,1,0,0,1,0,0,0,1,0,0,1,0,1,0,0,NA,NA,NA,0,1
"79","Chimaphila umbellata",0,1,0,1,0,1,0,1,1,0,NA,NA,NA,0,0,1,0,1,0,1,0,0,0,1,1,0,0,1,1,0,0,1,0
"80","Chimonanthus praecox",0,1,0,1,0,1,0,1,1,0,0,1,0,0,0,1,0,1,0,1,0,0,0,1,1,0,0,1,1,0,0,1,0
"81","Chloranthus spicatus",0,1,0,1,0,1,0,1,1,0,0,1,0,0,0,1,0,0,1,1,0,NA,NA,NA,0,0,1,0,NA,NA,NA,0,1
"82","Chorispora tenella",1,0,0,1,0,1,0,1,0,1,0,0,1,0,0,1,1,0,0,1,0,0,0,1,NA,NA,NA,NA,1,0,0,1,0
"83","Cinnamomum camphora",0,1,0,1,0,1,0,1,1,0,NA,NA,NA,0,0,1,0,0,1,1,0,0,0,1,NA,NA,NA,NA,1,0,0,1,1
"84","Cirsium pitcheri",1,0,0,1,0,1,NA,NA,1,1,NA,NA,NA,0,0,1,1,0,0,NA,NA,1,0,0,NA,NA,NA,NA,0,0,1,1,0
"85","Clarkia xantiana",1,0,0,1,0,1,0,1,0,1,NA,NA,NA,0,0,1,0,1,0,1,0,1,0,0,NA,NA,NA,NA,0,0,1,1,0
"86","Claytonia virginica",1,0,0,1,0,1,0,1,1,0,NA,NA,NA,0,0,1,0,1,1,1,0,0,0,1,1,0,0,0,1,0,0,1,0
"87","Cleistesiopsis bifaria",1,0,0,1,0,1,0,1,1,0,0,1,0,0,0,1,NA,NA,NA,1,0,1,0,0,0,0,0,1,0,0,1,1,1
"88","Clethra alnifolia",0,1,0,1,0,1,0,1,1,0,NA,NA,NA,0,0,1,1,0,0,1,0,0,0,1,NA,NA,NA,NA,1,0,0,1,0
"89","Clutia pulchella",0,1,0,1,0,1,1,0,1,0,0,1,0,NA,NA,NA,0,1,1,0,1,NA,NA,NA,NA,NA,NA,NA,1,0,0,1,0
"90","Cobaea scandens",0,1,1,0,0,1,0,1,1,0,0,1,0,0,0,1,1,0,0,1,0,0,0,1,1,0,0,0,1,0,0,1,0
"91","Cochlospermum vitifolium",0,1,0,1,0,1,0,1,1,0,0,1,0,0,0,1,1,0,0,1,0,0,0,1,0,0,0,1,1,0,0,1,0
"92","Coffea arabica",0,1,0,1,0,1,0,1,1,0,NA,NA,NA,0,0,1,0,0,1,1,0,1,0,0,1,0,0,1,1,0,0,1,0
"93","Combretum leprosum",0,1,1,1,0,1,0,1,1,0,0,1,0,0,0,1,1,0,0,1,0,1,0,0,1,0,1,0,1,0,0,1,0
"94","Commelina communis",1,0,0,1,0,1,0,1,0,1,NA,NA,NA,0,0,1,0,1,0,1,1,0,0,1,0,0,0,1,0,0,1,1,0
"95","Cordyline australis",0,1,0,1,0,1,0,1,1,0,0,1,0,0,0,1,0,0,1,1,0,0,0,1,NA,NA,NA,NA,1,0,0,1,0
"96","Coriaria myrtifolia",0,1,0,1,0,1,0,1,1,0,NA,NA,NA,1,0,0,0,0,1,1,1,0,0,1,0,1,0,0,1,0,0,0,1
"97","Coriaria ruscifolia",0,1,0,1,0,1,0,1,1,0,NA,NA,NA,1,0,0,1,0,0,1,0,0,0,1,0,1,0,0,1,0,0,1,1
"98","Cornus florida",0,1,0,1,0,1,0,1,1,0,0,1,0,0,0,1,0,0,1,1,0,1,0,0,NA,NA,NA,NA,1,0,0,1,1
"99","Corokia cotoneaster",0,1,0,1,0,1,0,1,1,0,0,1,0,0,0,1,0,0,1,1,0,1,0,0,1,0,1,0,1,0,0,1,0
"100","Corrigiola litoralis",1,0,0,1,0,1,0,1,0,1,NA,NA,NA,0,0,1,1,1,0,1,0,0,1,0,NA,NA,NA,NA,1,0,0,1,0
"101","Costus woodsonii",1,0,0,1,0,1,0,1,1,0,NA,NA,NA,0,0,1,0,0,1,1,0,1,0,0,1,0,0,1,0,0,1,1,0
"102","Cucurbita pepo",1,0,1,0,0,1,0,1,0,1,NA,NA,NA,0,0,1,1,0,0,0,1,1,0,0,1,0,0,0,1,0,0,1,0
"103","Cupaniopsis anacardioides",0,1,0,1,0,1,0,1,1,0,NA,NA,NA,0,0,1,0,0,1,0,1,0,0,1,1,0,0,1,0,1,0,1,1
"104","Curculigo latifolia",1,1,0,1,0,1,0,1,1,0,0,1,0,0,0,1,NA,NA,NA,1,1,1,0,0,NA,NA,NA,NA,1,0,0,1,0
"105","Cuscuta cuspidata",1,0,1,0,0,1,0,1,0,1,1,0,0,1,0,0,NA,NA,NA,1,0,0,0,1,0,1,0,0,1,0,0,1,0
"106","Cuttsia viburnea",0,1,0,1,0,1,0,1,1,0,0,1,0,0,0,1,1,1,0,1,0,0,0,1,NA,NA,NA,NA,1,0,0,1,0
"107","Cyclanthus bipartitus",0,1,0,1,0,1,0,1,1,0,0,1,0,0,0,1,0,0,1,0,1,NA,NA,NA,0,0,0,1,NA,NA,NA,1,0
"108","Cymodocea nodosa",1,0,0,1,1,0,1,1,1,0,0,1,0,1,0,0,0,1,1,0,1,NA,NA,NA,0,1,0,0,NA,NA,NA,NA,NA
"109","Cypripedium calceolus",1,0,0,1,0,1,0,1,1,0,0,1,0,0,0,1,1,0,0,1,0,1,0,0,0,0,0,1,0,0,1,1,1
"110","Cyrilla racemiflora",0,1,0,1,0,1,0,1,1,0,NA,NA,NA,0,0,1,1,0,0,1,0,0,0,1,1,0,0,0,1,0,0,1,0
"111","Dalechampia spathulata",0,1,0,1,0,1,0,1,1,0,NA,NA,NA,0,0,1,0,1,0,0,1,NA,NA,NA,0,0,1,0,0,0,1,1,0
"112","Dalzellia ceylanica",1,0,0,1,1,1,0,1,NA,NA,0,0,1,0,1,0,NA,NA,NA,1,0,0,0,1,0,0,0,1,1,0,0,1,1
"113","Daphniphyllum macropodum",0,1,0,1,0,1,1,0,1,0,0,1,0,1,0,0,0,0,1,0,1,0,0,1,0,1,0,0,1,0,0,0,1
"114","Datisca glomerata",1,0,0,1,0,1,1,0,1,0,NA,NA,NA,1,0,0,1,0,0,1,1,1,0,0,0,1,0,0,NA,NA,NA,0,1
"115","Davidsonia jerseyana",0,1,0,1,0,1,0,1,1,0,0,0,1,NA,NA,NA,0,0,1,1,0,0,0,1,1,0,0,0,1,0,0,1,0
"116","Davilla kunthii",1,0,1,0,0,1,0,1,1,0,0,1,0,0,0,1,0,0,1,1,0,1,0,1,0,0,0,1,1,0,0,1,0
"117","Denhamia celastroides",0,1,0,1,0,1,0,1,1,0,0,1,0,NA,NA,NA,NA,NA,NA,1,0,0,0,1,NA,NA,NA,NA,1,0,0,NA,NA
"118","Diapensia lapponica",0,1,0,1,0,1,0,1,1,0,NA,NA,NA,0,0,1,0,1,0,1,0,0,0,1,1,0,0,0,1,0,0,1,0
"119","Diospyros australis",0,1,0,1,0,1,1,0,1,0,0,1,0,NA,NA,NA,NA,NA,NA,0,1,0,0,1,NA,NA,NA,NA,1,0,0,1,0
"120","Dipterocarpus tempehes",0,1,0,1,0,1,0,1,1,0,0,1,0,0,0,1,NA,NA,NA,1,0,NA,NA,NA,NA,NA,NA,NA,1,0,0,1,0
"121","Discaria americana",0,1,0,1,0,1,0,1,1,0,0,1,0,0,0,1,0,1,0,1,0,0,1,0,1,0,1,1,1,0,0,1,0
"122","Drosophyllum lusitanicum",0,1,0,1,0,1,0,1,1,0,1,0,0,0,0,1,0,1,0,1,0,0,0,1,NA,NA,NA,NA,1,0,0,1,0
"123","Dryas octopetala",0,1,0,1,0,1,0,1,1,0,NA,NA,NA,0,0,1,1,0,0,1,0,0,0,1,1,0,0,1,1,0,0,1,0
"124","Durio zibethinus",0,1,0,1,0,1,0,1,1,0,0,1,0,0,0,1,0,0,1,1,0,0,0,1,1,0,0,0,1,0,0,1,0
"125","Eichhornia crassipes",1,0,0,1,1,0,0,1,1,1,0,1,0,0,0,1,1,0,1,1,0,0,0,1,NA,NA,NA,NA,0,0,1,1,0
"126","Eriocaulon parkeri",1,0,0,1,0,1,0,1,1,1,NA,NA,NA,0,0,1,NA,NA,NA,0,1,0,0,1,NA,NA,NA,NA,NA,NA,NA,1,0
"127","Eriogonum arborescens",0,1,0,1,0,1,0,1,1,0,NA,NA,NA,0,0,1,1,0,0,1,0,NA,NA,NA,NA,NA,NA,NA,NA,NA,NA,1,0
"128","Eryngium alpinum",1,0,0,1,0,1,0,1,1,0,NA,NA,NA,0,0,1,0,0,1,1,0,1,0,0,NA,NA,NA,NA,1,0,0,1,0
"129","Erythroxylum laurifolium",0,1,0,1,0,1,0,1,1,0,0,1,0,NA,NA,NA,0,0,1,1,0,0,0,1,1,0,1,0,NA,NA,NA,1,0
"130","Eschscholzia californica",1,0,0,1,0,1,0,1,1,1,0,1,0,0,0,1,0,1,0,1,0,0,0,1,0,0,0,1,0,1,0,1,0
"131","Eucalyptus cladocalyx",0,1,0,1,0,1,0,1,1,0,NA,NA,NA,0,0,1,1,0,0,1,0,1,0,0,NA,NA,NA,NA,NA,NA,NA,1,0
"132","Eupomatia bennettii",0,1,0,1,0,1,0,1,1,0,0,1,0,0,0,1,NA,NA,NA,1,0,1,0,0,NA,NA,NA,NA,NA,NA,NA,1,0
"133","Eupomatia laurina",0,1,0,1,0,1,0,1,1,0,0,1,0,0,0,1,0,0,1,1,0,NA,NA,NA,0,0,1,0,NA,NA,NA,1,0
"134","Fagus grandifolia",0,1,0,1,0,1,0,1,1,0,NA,NA,NA,1,0,0,0,0,1,0,1,1,0,0,0,1,0,1,1,0,0,0,1
"135","Ficaria verna",1,0,0,1,0,1,0,1,1,0,0,1,0,0,0,1,0,0,1,1,0,0,0,1,1,0,0,1,1,0,0,1,0
"136","Filipendula vulgaris",1,0,0,1,0,1,0,1,1,0,NA,NA,NA,1,0,1,0,0,1,1,0,0,0,1,0,1,0,1,1,0,0,1,0
"137","Floerkea proserpinacoides",1,0,0,1,0,1,0,1,0,1,0,0,1,0,1,0,0,1,0,1,0,0,0,1,NA,NA,NA,NA,1,0,0,1,1
"138","Fumana ericoides",0,1,0,1,0,1,0,1,1,0,0,0,1,0,0,1,0,1,0,1,0,1,0,0,NA,NA,NA,NA,1,0,0,1,0
"139","Galium aparine",1,0,0,1,0,1,0,1,0,1,0,0,1,0,0,1,0,0,1,1,0,1,0,0,NA,NA,NA,NA,1,0,0,1,0
"140","Gelsemium sempervirens",1,0,1,0,0,1,0,1,1,0,0,1,0,0,0,1,1,0,0,1,0,0,0,1,0,0,1,0,1,0,0,1,0
"141","Gentiana saponaria",1,0,0,1,0,1,0,1,1,0,NA,NA,NA,0,0,1,1,0,0,1,0,0,0,1,1,0,0,0,1,0,0,1,0
"142","Geranium sanguineum",1,0,0,1,0,1,0,1,1,0,1,0,0,0,0,1,0,1,0,1,0,0,0,1,1,0,0,0,1,0,0,1,0
"143","Gerbera jamesonii",1,0,0,1,0,1,0,1,1,0,0,1,0,0,0,1,1,0,0,1,0,1,0,0,NA,NA,NA,NA,0,0,1,1,0
"144","Gesneria cuneifolia",0,1,0,1,0,1,0,1,1,0,1,0,0,0,0,1,0,0,1,1,0,NA,NA,NA,1,0,0,0,0,0,1,1,0
"145","Gomortega keule",0,1,0,1,0,1,0,1,1,0,NA,NA,NA,0,0,1,0,0,1,1,0,1,0,0,NA,NA,NA,NA,1,0,0,1,1
"146","Gonocaryum litorale",0,1,0,1,0,1,1,0,1,0,0,1,0,NA,NA,NA,0,0,1,0,1,0,0,1,NA,NA,NA,NA,1,0,0,1,1
"147","Gossypium hirsutum",0,1,0,1,0,1,0,1,1,1,0,0,1,0,0,1,1,0,0,1,0,0,0,1,1,0,0,0,1,0,0,1,0
"148","Grewia occidentalis",0,1,0,1,0,1,0,1,NA,NA,0,1,0,0,0,1,0,0,1,1,0,0,0,1,1,0,0,0,1,0,0,1,0
"149","Griselinia racemosa",0,1,0,1,0,1,1,0,NA,NA,0,1,0,NA,NA,NA,0,0,1,0,1,1,0,0,NA,NA,NA,NA,1,0,0,NA,NA
"150","Gyrocarpus americanus",0,1,0,1,0,1,0,1,1,0,NA,NA,NA,1,0,0,1,0,0,1,1,1,0,0,0,1,0,0,1,0,0,1,1
"151","Hamamelis virginiana",0,1,0,1,0,1,0,1,1,0,0,1,0,0,0,1,0,1,0,1,0,0,1,0,1,0,0,1,1,0,0,1,0
"152","Hanguana malayana",1,0,0,1,0,1,1,0,1,0,0,1,0,NA,NA,NA,0,0,1,0,1,0,0,1,NA,NA,NA,NA,1,0,0,NA,NA
"153","Haumania danckelmaniana",0,1,1,0,0,1,0,1,1,0,0,1,0,0,0,1,NA,NA,NA,1,0,1,0,0,NA,NA,NA,NA,0,0,1,1,0
"154","Hedychium gardnerianum",1,0,0,1,0,1,0,1,1,0,0,0,1,0,0,1,0,0,1,1,0,1,0,0,NA,NA,NA,NA,0,0,1,1,0
"155","Helianthus annuus",1,0,0,1,0,1,0,1,0,1,0,1,0,0,0,1,0,1,0,1,0,1,0,0,1,0,0,1,1,0,1,1,0
"156","Heliconia irrasa",1,0,0,1,0,1,0,1,1,0,NA,NA,NA,0,0,1,0,0,1,1,0,1,0,0,1,0,0,0,NA,NA,NA,1,0
"157","Herniaria glabra",1,0,0,1,0,1,0,1,1,1,0,0,1,0,0,1,1,1,0,1,0,0,0,1,1,0,0,0,1,0,0,0,1
"158","Hevea brasiliensis",0,1,0,1,0,1,0,1,1,0,0,1,0,0,0,1,0,0,1,0,1,0,1,0,NA,NA,NA,NA,1,0,0,NA,NA
"159","Hirtella physophora",0,1,0,1,0,1,0,1,1,0,0,1,0,0,0,1,NA,NA,NA,1,0,NA,NA,NA,1,0,0,1,0,0,1,1,0
"160","Hordeum bulbosum",1,0,0,1,0,1,0,1,1,0,0,1,0,1,0,0,0,0,1,1,0,0,0,1,0,1,0,0,0,0,1,0,1
"161","Hydnocarpus heterophylla",0,1,0,1,0,1,1,0,1,0,0,1,0,0,0,1,0,0,1,0,1,0,0,1,NA,NA,NA,NA,NA,NA,NA,NA,NA
"162","Hydrastis canadensis",1,0,0,1,0,1,0,1,1,0,1,0,0,0,0,1,0,0,1,1,0,0,0,1,NA,NA,NA,NA,1,0,0,1,0
"163","Hydrocotyle vulgaris",1,0,0,1,0,1,0,1,1,0,NA,NA,NA,0,1,1,1,0,0,1,0,1,0,0,NA,NA,NA,NA,1,0,0,1,0
"164","Hydrophyllum capitatum",1,0,0,1,0,1,0,1,1,0,0,1,0,0,0,1,NA,NA,NA,1,0,0,0,1,1,0,0,1,1,0,0,1,0
"165","Hypericum perforatum",1,0,0,1,0,1,0,1,1,0,0,0,1,0,0,1,1,0,0,1,0,0,0,1,0,0,0,1,1,0,0,1,0
"166","Hypolytrum pulchrum",1,0,0,1,0,1,0,1,1,0,0,1,0,NA,NA,NA,NA,NA,NA,0,1,NA,NA,NA,NA,NA,NA,NA,NA,NA,NA,NA,NA
"167","Ilex opaca",0,1,0,1,0,1,1,0,1,0,0,1,0,0,0,1,0,0,1,0,1,0,0,1,NA,NA,NA,NA,1,0,0,1,1
"168","Impatiens capensis",1,0,0,1,0,1,0,1,0,1,1,0,0,0,0,1,0,1,0,1,0,0,0,1,1,0,0,0,0,0,1,1,0
"169","Ipomoea alba",1,0,1,0,0,1,0,1,1,1,0,0,1,0,0,1,NA,NA,NA,1,0,0,0,1,1,0,0,0,1,0,0,1,0
"170","Iris versicolor",1,0,0,1,0,1,0,1,1,0,1,0,0,0,1,1,1,0,0,1,0,1,0,0,NA,NA,NA,NA,1,0,0,1,0
"171","Irvingbaileya australis",0,1,0,1,0,1,1,0,1,0,0,1,0,0,0,1,0,0,1,0,1,0,0,1,NA,NA,NA,NA,1,0,0,1,0
"172","Juglans mandshurica",0,1,0,1,0,1,0,1,1,0,NA,NA,NA,1,0,0,0,0,1,0,1,1,0,0,0,1,0,0,NA,NA,NA,0,1
"173","Jumellea fragrans",1,0,0,1,0,1,0,1,1,0,NA,NA,NA,0,0,1,NA,NA,NA,1,0,1,0,0,1,0,0,0,0,0,1,1,0
"174","Juncus effusus",1,0,0,1,0,1,0,1,0,1,1,0,0,1,0,0,0,0,1,1,0,0,0,1,0,1,0,0,1,0,0,0,1
"175","Kalanchoe daigremontiana",1,0,0,1,0,1,0,1,1,1,0,0,1,0,0,1,1,0,0,1,0,0,1,1,1,0,0,0,1,0,0,1,0
"176","Kalmia latifolia",0,1,0,1,0,1,0,1,1,0,NA,NA,NA,0,0,1,1,0,0,1,0,0,0,1,1,0,0,0,1,0,0,1,0
"177","Kielmeyera regalis",0,1,0,1,0,1,0,1,1,0,0,1,0,0,0,1,1,0,0,1,0,NA,NA,NA,0,0,0,1,1,0,0,1,0
"178","Kirengeshoma palmata",1,0,0,1,0,1,0,1,1,0,0,1,0,0,0,1,1,0,0,1,0,NA,NA,NA,NA,NA,NA,NA,NA,NA,NA,1,0
"179","Kirkia wilmsii",0,1,0,1,0,1,1,0,1,0,0,1,0,0,0,1,1,0,0,0,1,0,0,1,NA,NA,NA,NA,1,0,0,NA,NA
"180","Lactoris fernandeziana",0,1,0,1,0,1,0,1,1,0,1,0,0,1,0,0,1,1,0,1,1,0,0,1,0,1,0,0,1,0,0,0,1
"181","Lantana camara",0,1,0,1,0,1,0,1,1,0,0,0,1,0,0,1,0,0,1,1,0,0,0,1,NA,NA,NA,NA,0,0,1,1,0
"182","Lapageria rosea",0,1,1,0,0,1,0,1,1,0,NA,NA,NA,0,0,1,0,0,1,1,0,1,0,1,1,0,0,0,1,0,0,1,0
"183","Larrea tridentata",0,1,0,1,0,1,0,1,1,0,NA,NA,NA,0,0,1,0,0,1,1,0,NA,NA,NA,1,0,0,1,1,0,0,1,0
"184","Lemna minor",1,0,0,1,1,0,0,1,0,1,NA,NA,NA,0,0,1,1,0,0,1,0,0,0,1,NA,NA,NA,NA,NA,NA,NA,0,1
"185","Lepidobotrys staudtii",0,1,0,1,0,1,1,0,1,0,0,1,0,NA,NA,NA,0,1,0,0,1,0,0,1,NA,NA,NA,NA,1,0,0,NA,NA
"186","Limnanthes douglasii",1,0,0,1,0,1,1,0,0,1,NA,NA,NA,0,0,1,NA,NA,NA,1,0,0,0,1,NA,NA,NA,NA,1,0,0,1,0
"187","Linum perenne",1,0,0,1,0,1,0,1,1,0,0,1,0,0,0,1,NA,NA,NA,1,0,0,0,1,NA,NA,NA,NA,1,0,0,1,0
"188","Liparis loeselii",1,0,0,1,0,1,0,1,1,0,0,0,1,1,1,0,1,0,0,1,0,1,0,0,0,1,0,0,0,0,1,0,1
"189","Liriodendron chinense",0,1,0,1,0,1,0,1,1,0,NA,NA,NA,0,0,1,1,1,0,1,0,0,0,1,1,0,0,0,1,0,0,0,1
"190","Loasa heterophylla",1,0,0,1,0,1,0,1,1,0,0,1,0,NA,NA,NA,NA,NA,NA,1,0,1,0,0,1,0,0,0,1,0,0,1,0
"191","Lobelia angulata",1,0,0,1,0,1,1,0,1,0,0,1,0,0,0,1,NA,NA,NA,1,1,1,0,0,1,0,0,0,0,0,1,1,0
"192","Ludwigia adscendens",1,0,0,1,1,0,0,1,1,0,NA,NA,NA,0,0,1,1,0,0,1,0,1,0,0,NA,NA,NA,NA,1,0,0,1,0
"193","Lythrum salicaria",1,0,0,1,0,1,0,1,1,0,0,1,0,0,0,1,1,0,0,1,0,0,0,1,1,0,0,1,1,0,0,1,0
"194","Malesherbia linearifolia",1,0,0,1,0,1,0,1,1,0,NA,NA,NA,0,0,1,NA,NA,NA,1,0,0,0,1,NA,NA,NA,NA,1,0,0,1,0
"195","Malpighia emarginata",0,1,0,1,0,1,0,1,1,0,NA,NA,NA,0,0,1,0,0,1,1,0,0,0,1,0,0,1,0,0,0,1,1,0
"196","Manihot esculenta",1,0,0,1,0,1,0,1,1,0,NA,NA,NA,0,0,1,0,0,1,0,1,0,0,1,NA,NA,NA,NA,1,0,0,1,0
"197","Manilkara zapota",0,1,0,1,0,1,0,1,1,0,0,1,0,0,0,1,0,0,1,1,0,0,0,1,NA,NA,NA,NA,1,0,0,1,0
"198","Marathrum rubrum",1,0,0,1,1,0,0,1,0,1,NA,NA,NA,1,0,0,1,0,0,1,0,0,0,1,0,1,0,0,1,0,0,1,1
"199","Mayaca fluviatilis",1,0,0,1,1,1,0,1,1,0,0,0,1,0,1,0,1,0,0,1,0,0,0,1,NA,NA,NA,NA,1,0,0,1,0
"200","Mazus pumilus",1,0,0,1,0,1,0,1,0,1,0,0,1,0,0,1,1,0,0,1,0,0,0,1,0,0,0,1,0,0,1,1,0
"201","Medicago sativa",1,0,0,1,0,1,0,1,1,0,0,1,0,0,0,1,0,1,0,1,0,0,0,1,1,0,0,1,0,0,1,1,0
"202","Melocactus curvispinus",1,0,0,1,0,1,0,1,1,0,NA,NA,NA,0,0,1,0,0,1,1,0,1,0,0,1,0,0,0,1,0,0,1,0
"203","Menispermum canadense",1,1,1,0,0,1,1,0,1,0,0,1,0,0,0,1,0,0,1,0,1,0,0,1,NA,NA,NA,NA,1,0,0,NA,NA
"204","Menyanthes trifoliata",1,0,0,1,1,0,0,1,1,0,0,1,0,0,0,1,1,0,0,1,0,0,0,1,1,0,0,0,1,0,0,1,0
"205","Miconia affinis",0,1,0,1,0,1,0,1,1,0,0,1,0,0,0,1,0,0,1,1,0,0,1,0,NA,NA,NA,NA,1,0,0,1,0
"206","Mirabilis jalapa",1,0,0,1,0,1,0,1,1,1,0,0,1,0,0,1,0,1,0,1,0,0,0,1,1,0,0,0,1,0,0,1,1
"207","Misodendrum linearifolium",0,1,0,1,0,1,1,0,NA,NA,0,1,0,NA,NA,NA,1,0,0,0,1,1,0,0,NA,NA,NA,NA,1,0,0,0,1
"208","Mollugo verticillata",1,0,0,1,0,1,0,1,0,1,NA,NA,NA,0,0,1,0,1,0,1,0,0,0,1,1,0,0,1,1,0,0,1,0
"209","Monotropa hypopitys",1,0,0,1,0,1,0,1,1,0,1,0,0,0,0,1,0,1,0,1,0,0,0,1,1,0,0,0,1,0,0,1,0
"210","Montinia caryophyllacea",0,1,0,1,0,1,1,0,NA,NA,0,1,0,NA,NA,NA,0,1,0,0,1,1,0,0,NA,NA,NA,NA,1,0,0,NA,NA
"211","Moringa oleifera",0,1,0,1,0,1,0,1,1,0,NA,NA,NA,0,0,1,0,1,0,1,0,0,0,1,NA,NA,NA,NA,0,0,1,1,0
"212","Myriophyllum sibiricum",1,0,0,1,1,0,0,1,1,0,NA,NA,NA,0,0,1,NA,NA,NA,1,1,1,0,0,NA,NA,NA,NA,1,0,0,1,0
"213","Myristica fragrans",0,1,0,1,0,1,1,1,1,0,0,1,0,0,0,1,0,0,1,0,1,0,0,1,0,0,0,1,1,0,0,1,0
"214","Myrothamnus moschata",0,1,0,1,0,1,1,0,NA,NA,0,1,0,NA,NA,NA,NA,NA,NA,0,1,0,0,1,NA,NA,NA,NA,NA,NA,NA,NA,NA
"215","Myrtus communis",0,1,0,1,0,1,0,1,1,0,NA,NA,NA,0,0,1,0,0,1,1,0,NA,NA,NA,NA,NA,NA,NA,1,0,0,1,0
"216","Narthecium ossifragum",1,0,0,1,0,1,0,1,1,0,NA,NA,NA,0,0,1,0,1,0,1,1,0,0,1,NA,NA,NA,NA,1,0,0,1,0
"217","Nelumbo lutea",1,0,0,1,1,0,0,1,1,0,NA,NA,NA,0,0,1,1,0,0,1,0,0,0,1,0,0,1,1,1,0,0,1,0
"218","Nelumbo nucifera",1,0,0,1,1,0,0,1,1,0,NA,NA,NA,0,0,1,1,0,0,1,0,0,0,1,0,0,1,1,1,0,0,1,0
"219","Nemesia strumosa",1,0,0,1,0,1,0,1,0,1,0,1,0,NA,NA,NA,1,0,0,1,0,0,0,1,NA,NA,NA,NA,1,0,0,1,0
"220","Nepenthes macfarlanei",0,1,1,0,0,1,1,0,1,0,0,1,0,1,0,1,1,0,0,0,1,NA,NA,NA,1,1,0,0,1,0,0,NA,NA
"221","Nicotiana tabacum",1,0,0,1,0,1,0,1,1,1,NA,NA,NA,0,0,1,0,1,0,1,0,0,0,1,1,0,0,0,1,0,1,1,0
"222","Nolana humifusa",1,0,0,1,0,1,0,1,0,1,0,1,0,0,0,1,0,0,1,1,0,0,0,1,1,0,0,1,1,0,0,1,0
"223","Nothapodytes nimmoniana",0,1,0,1,0,1,1,0,1,0,1,0,0,0,0,1,0,0,1,1,1,NA,NA,NA,1,0,0,1,NA,NA,NA,1,0
"224","Nothofagus dombeyi",0,1,0,1,0,1,0,1,1,0,0,1,0,1,0,0,1,0,0,0,1,NA,NA,NA,0,1,0,0,NA,NA,NA,NA,NA
"225","Nuphar advena",1,0,0,1,1,0,0,1,1,0,NA,NA,NA,0,0,1,1,0,0,1,0,0,0,1,0,0,0,1,1,0,0,1,0
"226","Nymphaea odorata",1,0,0,1,1,0,0,1,1,0,NA,NA,NA,0,0,1,1,0,1,1,0,0,1,0,1,0,0,0,1,1,0,1,0
"227","Nymphoides peltata",1,0,0,1,1,0,0,1,1,0,0,1,0,0,0,1,1,0,0,1,0,0,0,1,1,0,0,1,1,0,0,1,0
"228","Nyssa ogeche",0,1,0,1,0,1,1,0,1,0,0,1,0,0,0,1,0,0,1,0,1,1,0,0,NA,NA,NA,NA,1,0,0,1,0
"229","Ochroma pyramidale",0,1,0,1,0,1,0,1,1,0,0,1,0,0,0,1,1,0,0,1,0,0,0,1,1,0,0,0,1,1,0,1,1
"230","Octoknema borealis",0,1,0,1,0,1,1,0,1,0,0,1,0,NA,NA,NA,NA,NA,NA,0,1,NA,NA,NA,NA,NA,NA,NA,1,0,0,NA,NA
"231","Octomeles sumatrana",0,1,0,1,0,1,1,0,1,0,0,1,0,NA,NA,NA,1,0,0,0,1,1,0,0,NA,NA,NA,NA,1,0,0,NA,NA
"232","Olea europaea",0,1,0,1,0,1,0,1,1,0,0,1,0,1,0,0,0,0,1,1,1,0,0,1,0,1,0,0,1,0,0,1,1
"233","Oryza sativa",1,0,0,1,1,0,0,1,0,1,NA,NA,NA,1,0,0,0,1,0,1,0,0,0,1,0,1,0,0,0,0,1,0,1
"234","Ottelia acuminata",1,0,0,1,1,0,1,0,1,0,0,1,0,0,0,1,1,0,0,0,1,0,0,1,NA,NA,NA,NA,NA,NA,NA,1,0
"235","Oxalis corniculata",1,0,0,1,0,1,0,1,1,1,0,0,1,0,0,1,0,1,0,1,0,0,0,1,1,0,0,1,1,0,0,1,0
"236","Paeonia californica",1,0,0,1,0,1,0,1,1,0,0,1,0,0,0,1,NA,NA,NA,1,0,0,0,1,1,0,0,0,1,0,0,1,0
"237","Panax quinquefolius",1,0,0,1,0,1,0,1,1,0,1,0,0,0,0,1,0,0,1,1,1,1,0,0,NA,NA,NA,NA,1,0,0,0,1
"238","Pandanus tectorius",0,1,0,1,0,1,1,0,1,0,0,1,0,1,0,1,1,0,1,0,1,0,0,1,0,1,0,0,NA,NA,NA,1,1
"239","Pennantia corymbosa",0,1,0,1,0,1,1,0,1,0,0,1,0,0,0,1,0,0,1,0,1,0,0,1,NA,NA,NA,NA,1,0,0,1,1
"240","Peritoma arborea",0,1,0,1,0,1,0,1,1,1,NA,NA,NA,0,0,1,NA,NA,NA,1,0,0,0,1,NA,NA,NA,NA,0,0,1,1,0
"241","Perrottetia ovata",0,1,0,1,0,1,1,0,1,0,0,1,0,NA,NA,NA,NA,NA,NA,0,1,0,0,1,NA,NA,NA,NA,NA,NA,NA,NA,NA
"242","Petrosavia sakuraii",1,0,0,1,0,1,0,1,1,0,0,0,1,0,0,1,NA,NA,NA,1,0,0,1,0,1,0,0,0,1,0,0,1,0
"243","Petunia axillaris",1,0,0,1,0,1,0,1,0,1,0,1,0,0,0,1,0,1,0,1,0,0,0,1,NA,NA,NA,NA,1,0,0,1,0
"244","Peumus boldus",0,1,0,1,0,1,1,0,1,0,0,1,0,0,0,1,0,0,1,0,1,0,0,1,NA,NA,NA,NA,1,0,0,NA,NA
"245","Phelline comosa",0,1,0,1,0,1,1,0,1,0,0,1,0,NA,NA,NA,NA,NA,NA,0,1,0,0,1,NA,NA,NA,NA,1,0,0,1,0
"246","Phoenix dactylifera",0,1,0,1,0,1,1,0,1,0,0,1,0,1,0,1,0,0,1,0,1,0,0,1,0,1,0,0,1,0,0,1,1
"247","Phormium tenax",1,0,0,1,0,1,0,1,1,0,0,1,0,0,0,1,1,0,0,1,0,0,1,1,1,0,0,0,0,0,1,1,0
"248","Phragmites australis",1,0,0,1,1,0,0,1,1,0,0,1,0,1,0,0,1,0,0,1,1,0,0,1,0,1,0,0,NA,NA,NA,0,1
"249","Phryma leptostachya",1,0,0,1,0,1,0,1,1,0,NA,NA,NA,0,0,1,NA,NA,NA,1,0,0,0,1,NA,NA,NA,NA,0,0,1,1,0
"250","Phyllanthus niruri",1,0,0,1,0,1,0,1,0,1,0,1,0,NA,NA,NA,1,0,0,0,1,0,0,1,NA,NA,NA,NA,1,0,0,1,0
"251","Physena madagascariensis",0,1,0,1,0,1,1,0,1,0,0,1,0,1,0,0,NA,NA,NA,0,1,0,0,1,0,1,0,0,1,0,0,0,1
"252","Picramnia polyantha",0,1,0,1,0,1,1,0,1,0,0,1,0,NA,NA,NA,0,0,1,0,1,0,0,1,1,0,0,0,1,0,0,1,0
"253","Pinguicula alpina",1,0,0,1,0,1,0,1,1,0,0,1,0,0,0,1,0,1,0,1,0,NA,NA,NA,NA,NA,NA,NA,NA,NA,NA,1,0
"254","Piper amalago",0,1,0,1,0,1,0,1,1,0,0,1,0,0,0,1,0,0,1,1,0,NA,NA,NA,NA,NA,NA,NA,1,0,0,1,0
"255","Piper arboreum",0,1,0,1,0,1,0,1,1,0,0,1,0,1,0,1,0,0,1,0,1,NA,NA,NA,0,1,0,0,1,0,0,1,0
"256","Pitcairnia albiflos",1,0,0,1,0,1,0,1,1,0,0,1,1,0,0,1,NA,NA,NA,1,0,0,1,0,1,0,0,0,1,0,0,1,0
"257","Pittosporum dasycaulon",0,1,0,1,0,1,0,1,1,0,0,1,0,0,0,1,0,1,0,1,1,0,0,1,0,0,0,1,0,0,1,1,0
"258","Plantago lanceolata",1,0,0,1,0,1,1,0,1,0,0,1,0,1,0,1,0,1,0,1,1,0,0,1,0,1,0,1,1,0,0,1,1
"259","Platea latifolia",0,1,0,1,0,1,1,0,1,0,0,1,0,NA,NA,NA,0,0,1,0,1,0,0,1,NA,NA,NA,NA,1,0,0,0,1
"260","Plocosperma buxifolium",0,1,0,1,0,1,1,0,1,0,0,1,0,NA,NA,NA,0,0,1,0,1,0,0,1,NA,NA,NA,NA,0,0,1,1,0
"261","Plumbago auriculata",0,1,0,1,0,1,0,1,1,0,0,1,0,0,0,1,0,0,1,1,0,0,0,1,1,0,0,0,1,0,0,1,0
"262","Podophyllum peltatum",1,0,0,1,0,1,0,1,1,0,0,1,0,0,0,1,0,0,1,1,0,0,0,1,NA,NA,NA,NA,1,0,0,1,0
"263","Poeppigia procera",0,1,0,1,0,1,0,1,1,0,0,1,0,0,0,1,NA,NA,NA,1,0,0,0,1,0,0,0,1,1,0,0,NA,NA
"264","Polycarpon tetraphyllum",1,0,0,1,0,1,0,1,0,1,NA,NA,NA,0,0,1,0,0,1,1,0,0,0,1,NA,NA,NA,NA,1,0,0,1,0
"265","Polygala lewtonii",1,0,0,1,0,1,0,1,1,0,1,0,0,0,0,1,0,0,1,1,0,0,0,1,1,0,0,0,0,0,1,1,0
"266","Populus alba",0,1,0,1,0,1,1,0,1,0,0,1,0,1,0,0,1,0,0,0,1,0,0,1,0,1,0,0,1,0,0,0,1
"267","Portulaca oleracea",1,0,0,1,0,1,0,1,0,1,0,0,1,0,0,1,0,0,1,1,0,0,1,0,NA,NA,NA,NA,1,0,0,1,0
"268","Posidonia australis",1,0,0,1,1,0,0,1,1,0,NA,NA,NA,1,0,0,1,0,0,1,0,0,0,1,0,1,0,0,NA,NA,NA,0,1
"269","Posoqueria latifolia",0,1,0,1,0,1,0,1,1,0,0,1,0,0,0,1,0,0,1,1,0,1,0,0,1,0,0,0,0,0,1,1,0
"270","Potamogeton berchtoldii",1,0,0,1,1,0,0,1,1,1,NA,NA,NA,1,0,0,1,0,0,0,1,NA,NA,NA,0,1,0,0,NA,NA,NA,0,1
"271","Primula sieboldii",1,0,0,1,0,1,0,1,1,0,0,1,0,0,0,1,0,1,0,1,0,0,0,1,1,0,0,0,1,0,0,1,0
"272","Prionotes cerinthoides",1,0,1,0,0,1,0,1,1,0,NA,NA,NA,0,0,1,NA,NA,NA,1,0,0,0,1,1,0,0,0,1,0,0,1,0
"273","Prunus persica",0,1,0,1,0,1,0,1,1,0,0,1,0,0,0,1,0,0,1,1,0,0,0,1,1,0,0,0,1,0,0,1,0
"274","Putranjiva roxburghii",0,1,0,1,0,1,1,0,1,0,0,1,0,1,0,0,NA,NA,NA,0,1,0,0,1,0,1,0,0,1,0,0,1,1
"275","Qualea grandiflora",0,1,0,1,0,1,0,1,1,0,0,1,0,0,0,1,1,0,0,1,0,0,0,1,NA,NA,NA,NA,0,0,1,1,0
"276","Quercus rubra",0,1,0,1,0,1,0,1,1,0,NA,NA,NA,1,0,0,0,0,1,0,1,1,0,0,0,1,0,0,1,0,0,0,1
"277","Quinchamalium chilense",1,0,0,1,0,1,0,1,1,0,NA,NA,NA,0,0,1,NA,NA,NA,1,0,1,0,0,1,0,0,0,1,0,0,1,0
"278","Quintinia hyehenensis",0,1,0,1,0,1,1,0,1,0,0,1,0,NA,NA,NA,NA,NA,NA,0,1,1,0,0,NA,NA,NA,NA,NA,NA,NA,1,0
"279","Rafflesia keithii",NA,NA,NA,NA,NA,NA,1,0,1,0,0,1,0,0,0,1,0,0,1,0,1,1,0,0,NA,NA,NA,NA,1,0,0,1,1
"280","Ranunculus acris",1,0,0,1,0,1,0,1,1,0,0,1,0,0,0,1,0,0,1,1,0,0,0,1,1,0,0,1,1,0,0,1,0
"281","Ravenala madagascariensis",0,1,0,1,0,1,0,1,1,0,1,0,0,0,0,1,0,0,1,1,0,1,0,0,1,0,0,1,0,0,1,1,0
"282","Reseda lutea",1,0,0,1,0,1,1,0,1,1,0,1,0,0,0,1,0,0,1,1,0,0,0,1,NA,NA,NA,NA,0,0,1,1,1
"283","Rhexia virginica",1,0,0,1,0,1,0,1,1,0,NA,NA,NA,0,0,1,NA,NA,NA,1,0,NA,NA,NA,NA,NA,NA,NA,1,0,0,1,0
"284","Rhizophora stylosa",0,1,0,1,0,1,0,1,1,0,NA,NA,NA,1,0,0,1,0,0,1,0,1,0,0,0,1,0,0,1,0,0,1,1
"285","Ribes aureum",0,1,0,1,0,1,0,1,1,0,0,1,0,0,0,1,NA,NA,NA,1,0,1,0,0,1,0,0,0,1,0,0,1,0
"286","Roridula dentata",0,1,0,1,0,1,0,1,1,0,NA,NA,NA,0,1,1,0,1,0,1,0,0,0,1,0,1,0,0,1,0,0,1,1
"287","Roridula gorgonias",1,1,0,1,0,1,0,1,1,0,NA,NA,NA,0,1,1,0,1,0,1,0,0,1,0,0,1,0,0,1,0,0,1,1
"288","Roupala montana",0,1,0,1,0,1,0,1,1,0,0,1,0,0,0,1,1,0,0,1,0,0,0,1,1,0,0,0,1,0,0,1,0
"289","Rourea induta",0,1,0,1,0,1,0,1,1,0,0,1,0,0,0,1,NA,NA,NA,1,0,NA,NA,NA,NA,NA,NA,NA,NA,NA,NA,NA,NA
"290","Ruellia ciliatiflora",1,1,0,1,0,1,0,1,1,0,1,0,0,0,0,1,NA,NA,NA,1,0,NA,NA,NA,NA,NA,NA,NA,0,0,1,1,0
"291","Ruta graveolens",0,1,0,1,0,1,0,1,1,0,NA,NA,NA,0,0,1,0,1,0,1,0,0,0,1,1,0,0,1,1,0,0,1,0
"292","Sagina procumbens",1,0,0,1,0,1,0,1,1,0,0,0,1,0,1,1,0,1,0,1,0,0,0,1,1,0,0,0,1,0,0,0,1
"293","Sagittaria latifolia",1,0,0,1,0,1,1,1,1,0,0,1,0,0,0,1,1,0,0,0,1,0,0,1,NA,NA,NA,NA,1,0,0,1,0
"294","Salpiglossis sinuata",1,0,0,1,0,1,0,1,0,1,0,1,0,0,1,1,0,1,0,1,0,0,0,1,NA,NA,NA,NA,0,0,1,1,0
"295","Santalum spicatum",0,1,0,1,0,1,0,1,1,0,NA,NA,NA,0,0,1,0,0,1,1,0,1,0,0,1,0,1,0,1,0,0,1,1
"296","Sarracenia purpurea",1,0,0,1,0,1,0,1,1,0,0,1,0,0,0,1,0,1,0,1,0,0,0,1,1,0,0,0,1,0,0,1,1
"297","Sauvagesia rhodoleuca",0,1,0,1,0,1,0,1,1,0,NA,NA,NA,NA,NA,NA,1,0,0,1,0,0,0,1,NA,NA,NA,NA,NA,NA,NA,1,0
"298","Saxifraga cernua",1,0,0,1,0,1,1,1,1,0,0,1,0,0,0,1,1,0,1,1,0,0,1,0,1,0,0,0,1,0,0,1,0
"299","Scaevola montana",0,1,0,1,0,1,0,1,NA,NA,0,1,0,0,0,1,0,0,1,1,0,NA,NA,NA,1,0,0,0,NA,NA,NA,1,0
"300","Schinus molle",0,1,0,1,0,1,1,0,1,0,0,1,0,0,0,1,1,0,1,0,1,0,0,1,NA,NA,NA,NA,1,0,0,1,1
"301","Schisandra chinensis",1,0,1,0,0,1,0,1,1,0,NA,NA,NA,0,0,1,NA,NA,NA,0,1,0,0,1,NA,NA,NA,NA,1,0,0,1,0
"302","Schizanthus grahamii",1,0,0,1,0,1,0,1,0,1,NA,NA,NA,0,0,1,NA,NA,NA,1,0,0,0,1,NA,NA,NA,NA,0,0,1,1,0
"303","Scleranthus annuus",1,0,0,1,0,1,1,1,0,1,0,1,1,0,1,1,0,1,0,1,0,0,0,1,1,1,0,0,1,0,0,1,1
"304","Senecio vulgaris",1,0,0,1,0,1,0,1,0,1,NA,NA,NA,0,0,1,1,0,0,1,0,1,0,0,NA,NA,NA,NA,1,0,0,1,0
"305","Sesamum indicum",1,0,0,1,0,1,0,1,0,1,1,0,0,0,0,1,0,1,0,1,0,0,0,1,1,0,0,0,0,0,1,1,0
"306","Sextonia rubra",0,1,0,1,0,1,0,1,1,0,NA,NA,NA,0,0,1,0,1,1,1,0,0,0,1,0,0,1,0,1,0,0,1,0
"307","Silene vulgaris",1,0,0,1,0,1,1,0,1,0,NA,NA,NA,0,0,1,1,0,0,1,1,0,0,1,1,0,1,0,1,0,1,1,0
"308","Simmondsia chinensis",0,1,0,1,0,1,1,0,1,0,0,1,0,1,0,0,0,0,1,0,1,0,0,1,0,1,0,0,1,0,0,1,1
"309","Sinojackia xylocarpa",0,1,0,1,0,1,0,1,1,0,NA,NA,NA,0,0,1,NA,NA,NA,1,0,0,1,0,NA,NA,NA,NA,1,0,0,1,0
"310","Solanum dulcamara",1,0,1,1,0,1,0,1,1,0,NA,NA,NA,0,0,1,0,0,1,1,0,0,0,1,0,0,0,1,1,0,0,1,0
"311","Souroubea guianensis",0,1,1,0,0,1,0,1,NA,NA,0,1,0,0,0,1,0,0,1,1,0,NA,NA,NA,1,0,1,0,NA,NA,NA,1,0
"312","Spergularia marina",1,0,0,1,0,1,0,1,0,1,NA,NA,NA,0,1,0,1,0,0,1,0,0,0,1,1,0,0,0,1,0,0,1,1
"313","Spigelia marilandica",1,0,0,1,0,1,0,1,1,0,NA,NA,NA,0,0,1,0,1,0,1,0,0,0,1,NA,NA,NA,NA,1,0,0,1,1
"314","Spiranthes cernua",1,0,0,1,0,1,0,1,1,0,0,1,1,0,1,1,1,0,0,1,0,1,0,0,NA,NA,NA,NA,0,0,1,1,1
"315","Spondias tuberosa",0,1,0,1,0,1,0,1,1,0,0,1,0,0,0,1,0,0,1,1,0,NA,NA,NA,NA,NA,NA,NA,1,0,0,1,0
"316","Staphylea trifolia",0,1,0,1,0,1,0,1,1,0,0,1,0,0,0,1,1,0,0,1,0,0,0,1,1,0,0,1,1,0,0,1,1
"317","Stellaria media",1,0,0,1,0,1,0,1,1,1,0,0,1,0,1,1,0,1,0,1,0,0,0,1,1,0,0,0,1,0,0,1,1
"318","Sterculia apetala",0,1,0,1,0,1,0,1,1,0,0,1,0,0,0,1,0,0,1,1,1,0,0,1,NA,NA,NA,NA,1,0,0,1,1
"319","Stylidium graminifolium",1,0,0,1,0,1,0,1,1,0,0,1,0,0,0,1,0,1,0,1,0,1,0,0,NA,NA,NA,NA,0,0,1,1,0
"320","Swietenia macrophylla",0,1,0,1,0,1,0,1,1,0,NA,NA,NA,0,0,1,1,0,0,0,1,0,0,1,NA,NA,NA,NA,1,0,0,1,1
"321","Syringa vulgaris",0,1,0,1,0,1,0,1,1,0,NA,NA,NA,0,0,1,0,0,1,1,0,0,0,1,1,0,0,1,1,0,0,1,0
"322","Tacca chantrieri",1,0,0,1,0,1,0,1,1,0,NA,NA,NA,0,1,1,0,0,1,1,0,1,0,0,NA,NA,NA,NA,1,0,0,1,1
"323","Tacca leontopetaloides",1,0,0,1,0,1,0,1,1,0,NA,NA,NA,0,0,1,NA,NA,NA,1,0,1,0,0,NA,NA,NA,NA,1,0,0,1,1
"324","Talinum paniculatum",1,0,0,1,0,1,0,1,1,0,NA,NA,NA,0,0,1,0,1,0,1,0,0,0,1,NA,NA,NA,NA,1,0,0,1,0
"325","Tectona grandis",0,1,0,1,0,1,0,1,1,0,0,1,0,0,0,1,1,0,0,1,0,0,0,1,1,0,0,0,1,0,0,1,0
"326","Ternstroemia crassifolia",0,1,0,1,0,1,NA,NA,1,0,0,1,0,0,0,1,0,0,1,NA,NA,NA,NA,NA,NA,NA,NA,NA,NA,NA,NA,NA,NA
"327","Tetracentron sinense",0,1,0,1,0,1,0,1,1,0,1,0,0,1,0,1,1,0,0,1,0,0,1,0,1,1,0,1,1,0,0,1,1
"328","Tetratheca aphylla",0,1,0,1,0,1,0,1,1,0,NA,NA,NA,0,0,1,0,1,1,1,0,0,0,1,0,0,0,1,NA,NA,NA,1,0
"329","Tetroncium magellanicum",1,0,0,1,1,0,1,0,1,0,0,1,0,1,0,0,0,0,1,0,1,0,0,1,0,1,0,0,0,1,0,1,0
"330","Thalictrum minus",1,0,0,1,0,1,0,1,1,0,NA,NA,NA,1,0,1,0,1,0,1,0,0,0,1,0,1,0,1,1,0,0,1,1
"331","Theobroma cacao",0,1,0,1,0,1,0,1,1,0,0,1,0,0,0,1,0,0,1,1,0,0,0,1,1,0,0,0,1,0,0,1,0
"332","Thymelaea hirsuta",0,1,0,1,0,1,1,1,1,0,0,1,0,1,0,1,0,0,1,0,1,0,0,1,0,1,0,0,1,0,0,0,1
"333","Titanotrichum oldhamii",1,0,0,1,0,1,0,1,1,0,1,1,0,0,0,1,NA,NA,NA,1,0,0,0,1,NA,NA,NA,NA,0,0,1,1,0
"334","Trachelium caeruleum",1,0,0,1,0,1,0,1,1,0,NA,NA,NA,0,0,1,0,1,0,1,0,1,0,0,1,0,0,1,1,0,0,1,0
"335","Tragopogon dubius",1,0,0,1,0,1,0,1,0,1,0,0,1,0,0,1,1,0,1,1,0,1,0,0,NA,NA,NA,NA,0,0,1,1,0
"336","Tribulus terrestris",1,0,0,1,0,1,0,1,0,1,NA,NA,NA,0,0,1,0,0,1,1,0,0,0,1,1,0,0,1,1,0,0,1,0
"337","Trichilia emetica",0,1,0,1,0,1,1,0,1,0,0,1,0,0,0,1,0,0,1,0,1,0,0,1,NA,NA,NA,NA,1,0,0,NA,NA
"338","Trillium erectum",1,0,0,1,0,1,0,1,1,0,0,1,0,0,0,1,0,0,1,1,0,0,0,1,NA,NA,NA,NA,1,0,0,1,1
"339","Trithuria submersa",1,0,0,1,1,0,0,1,0,1,0,0,1,1,0,0,0,1,0,0,1,0,0,1,0,1,0,0,1,0,0,1,0
"340","Trochocarpa laurina",0,1,0,1,0,1,0,1,1,0,0,1,0,0,0,1,1,0,1,1,0,0,0,1,NA,NA,NA,NA,1,0,0,1,0
"341","Tropaeolum majus",1,0,1,1,0,1,0,1,1,1,NA,NA,NA,0,0,1,1,0,0,1,0,0,0,1,1,0,0,1,0,0,1,1,0
"342","Tropaeolum tricolor",1,0,0,1,0,1,0,1,1,0,NA,NA,NA,0,0,1,NA,NA,NA,1,0,0,0,1,NA,NA,NA,NA,0,0,1,1,0
"343","Turnera ulmifolia",0,1,0,1,0,1,0,1,1,0,0,1,0,0,0,1,0,0,1,1,0,0,0,1,NA,NA,NA,NA,1,0,0,1,0
"344","Typha latifolia",1,0,0,1,0,1,0,1,1,0,NA,NA,NA,1,0,0,1,0,0,0,1,0,0,1,0,1,0,0,NA,NA,NA,0,1
"345","Urtica dioica",1,0,0,1,0,1,1,0,1,0,0,1,0,1,0,0,0,0,1,0,1,0,0,1,0,1,0,0,1,1,0,0,1
"346","Vaccinium uliginosum",0,1,0,1,0,1,0,1,1,0,0,1,1,0,0,1,0,0,1,1,0,1,0,0,1,0,0,0,1,0,0,1,1
"347","Valeriana officinalis",1,0,0,1,0,1,0,1,1,0,0,1,0,0,0,1,1,0,0,1,0,1,0,0,1,0,0,1,0,1,0,1,0
"348","Vellozia squamata",0,1,0,1,0,1,0,1,1,0,0,1,0,0,0,1,NA,NA,NA,1,0,NA,NA,NA,NA,NA,NA,NA,1,0,0,1,0
"349","Verbascum thapsus",1,0,0,1,0,1,0,1,0,1,NA,NA,NA,0,0,1,0,0,1,1,0,0,0,1,1,0,0,1,0,0,1,1,0
"350","Veronica anagallis-aquatica",1,0,0,1,0,1,0,1,1,0,0,0,1,1,0,1,1,0,0,1,0,0,0,1,0,1,0,0,0,0,1,1,0
"351","Viburnum rufidulum",0,1,0,1,0,1,0,1,1,0,0,1,0,0,0,1,0,0,1,1,0,1,0,0,0,0,0,1,1,0,0,1,0
"352","Viola pubescens",1,0,0,1,0,1,0,1,1,0,1,0,0,0,1,1,0,1,1,1,0,0,0,1,NA,NA,NA,NA,0,0,1,1,0
"353","Vitex negundo",0,1,0,1,0,1,0,1,1,0,NA,NA,NA,0,0,1,NA,NA,NA,1,0,NA,NA,NA,1,0,0,0,0,0,1,1,0
"354","Vitis labrusca",0,1,1,0,0,1,0,1,1,0,NA,NA,NA,0,0,1,0,0,1,1,0,0,0,1,NA,NA,NA,NA,1,0,0,0,1
"355","Viviania marifolia",1,0,0,1,0,1,0,1,1,0,0,1,0,0,0,1,1,0,1,1,0,0,0,1,1,0,0,0,1,0,0,1,0
"356","Vriesea carinata",1,0,0,1,0,1,0,1,1,0,NA,NA,NA,0,0,1,1,0,0,1,0,0,0,1,NA,NA,NA,NA,1,0,1,1,0
"357","Warburgia ugandensis",0,1,0,1,0,1,0,1,1,0,NA,NA,NA,0,0,1,0,0,1,1,0,0,0,1,NA,NA,NA,NA,1,0,0,1,1
"358","Wurmbea biglandulosa",1,0,0,1,0,1,1,1,1,0,NA,NA,NA,0,0,1,0,1,0,1,1,0,0,1,1,0,0,0,1,0,0,1,0
"359","Xanthosoma sagittifolium",1,0,0,1,0,1,0,1,1,0,NA,NA,NA,0,0,1,0,1,1,0,1,0,0,1,0,0,1,0,NA,NA,NA,1,0
"360","Ximenia americana",0,1,0,1,0,1,0,1,1,0,0,1,0,0,0,1,1,0,1,1,0,0,0,1,NA,NA,NA,NA,1,0,0,1,1
"361","Zea mays",1,0,0,1,0,1,0,1,0,1,NA,NA,NA,1,0,0,0,0,1,0,1,0,0,1,0,1,0,0,NA,NA,NA,0,1
"362","Zelkova serrata",0,1,0,1,0,1,0,1,1,0,NA,NA,NA,1,0,0,1,0,0,1,1,0,0,1,0,1,0,0,NA,NA,NA,0,1
"363","Zostera marina",1,0,0,1,1,0,0,1,1,0,NA,NA,NA,1,0,0,1,0,0,0,1,NA,NA,NA,0,1,0,0,NA,NA,NA,0,1
