"","species","clust","Maximum.vertical.height","Number.of.fertile.stamens","Number.of.ovules.per.carpel","Number.of.carpels","Fusion.of.ovaries","Flower.size","seedMass_merge.Seed_weight","Woodiness_herbaceous","Woodiness_woody","Climbing_climbing","Climbing_non.climbing","Aquatic_aquatic","Aquatic_non.aquatic","SexualSystem_dimorphic","SexualSystem_monomorphic","Lifespan_long","Lifespan_short","Mating_mixed","Mating_outcrossing","Mating_selfing","Pollination_abiotic","Pollination_autonomous","Pollination_biotic","Dispersal_mode_abiotic","Dispersal_mode_autonomous","Dispersal_mode_biotic","Dispersal_dist_long","Dispersal_dist_short","FlowerSex_bisexual","FlowerSex_unisexual","FloralReward_nectar","FloralReward_none","FloralReward_other","FloralReward_pollen","FlowerSymmetry_actinomorphic","FlowerSymmetry_other","FlowerSymmetry_zygomorphic","Showiness_bright","Showiness_dull"
"1","Abolboda pulchella",1,-3.67945830118799,-2.82418394881254,-2.37737373841529,NA,NA,-2.33829381606475,NA,"1","0","0","1","0","1","0","1","1","0",NA,NA,NA,"0","0","1",NA,NA,NA,NA,NA,"1","0","1","0","0","0","0","0","1","1","0"
"2","Achatocarpus praecox",2,NA,-1.15020751524086,-4.73822773953331,-1.09101083076309,1.07870894414484,-2.25825110839121,NA,"0","1","0","1","0","1","1","0","1","0","0","1","0","0","0","1","0","0","1","1","0","0","1",NA,NA,NA,NA,"1","0","0","1","1"
"3","Acorus calamus",1,-1.91586970892663,-2.13103676825259,-3.23415034275704,-0.685545722654928,1.07870894414484,-2.87729031679743,-6.69186127216151,"1","0","0","1","0","1","0","1","1","0","0","1","0","0","0","1","1","0","0","1","0","1","0","0","0","1","0","0","0","1","1","1"
"4","Actinidia chinensis",2,-0.866047584427954,1.1206288794386,-2.0301775384311,1.58313781866344,1.07870894414484,-0.188471477623111,-7.53558131120083,"0","1","1","0","0","1","1","0","1","0","0","1","0","1","0","1","0","0","1","1","0","0","1","0","1","0","1","1","0","0","1","0"
"5","Aerva javanica",2,-2.47548549686205,-2.31335832504655,-4.73822773953331,-0.867867279448883,1.07870894414484,-3.43690610473286,-9.24345929644818,"1","1","0","1","0","1","1","0","1","0","0","1","0","0","0","1","1","0","0","1","0","0","1",NA,NA,NA,NA,"1","0","0","1","0"
"6","Aextoxicon punctatum",2,NA,-2.21804814524222,-4.04508055897337,-1.78415801132304,NA,-2.05061174361296,-2.22099082305395,"0","1","0","1","0","1","1","0","1","0","0","1","0","0","0","1","0","0","1","1","0","0","1",NA,NA,NA,NA,"1","0","0","1","0"
"7","Agalinis neoscotica",3,NA,-2.53650187636076,NA,-1.09101083076309,NA,-1.6877062499236,NA,"1","0","0","1","0","1","0","1","0","1","1","0","0","0","0","1",NA,NA,NA,NA,NA,"1","0",NA,NA,NA,NA,"0","0","1","1","0"
"8","Ailanthus altissima",2,0.9257118848001,-1.6202111444866,-4.73822773953331,-0.174720098888937,NA,-2.05061174361296,-4.6297053667687,"0","1","0","1","0","1","1","0","1","0","0","1","0","0","0","1","1","0","0","1","0","0","1","1","0","0","0","1","0","0","1","1"
"9","Ainsliaea cordifolia",1,NA,NA,NA,NA,NA,NA,NA,"1","0","0","1","0","1","0","1","1","0",NA,NA,NA,"0","0","1","1","0","0","1","0","1","0",NA,NA,NA,NA,"1","0","0","1","0"
"10","Ajuga reptans",1,-3.76646967817762,-2.53650187636076,NA,-1.09101083076309,1.07870894414484,-1.58845129182826,-7.69077420060653,"1","0","0","1","0","1","1","1","1","0",NA,NA,NA,"0","0","1","0","0","1","0","1","1","1","1","0","0","1","0","0","1","1","0"
"11","Akebia quinata",4,-0.22419369825556,-2.13103676825259,0.272407554562942,0.00760145790501712,0,-1.73215801249443,-4.9851600543022,"0","1","1","0","0","1","0","1","1","0","0","1","0","0","0","1","0","1","0","0","1","0","1","0","1","0","1","1","0","0","1","0"
"12","Albizia julibrissin",5,0.297103225377726,-0.703920412612445,-2.0301775384311,-1.78415801132304,NA,-2.05061174361296,-4.38471669694917,"0","1","0","1","0","1","0","1","1","0","0","1","0","0","0","1","1","1","0","1","1","1","1","1","0","0","1","1","0","0","1","1"
"13","Alepis flavida",5,NA,-2.21804814524222,NA,NA,NA,-1.35746456305302,NA,"0","1","0","1","0","1","0","1","1","0","1","0","0","0","0","1","0","0","1","1","0","1","0","1","0","0","0","1","0","0","1","0"
"14","Allanblackia floribunda",2,NA,1.29755958759768,1.48732029892721,-0.174720098888937,NA,-0.218030279864655,NA,"0","1","0","1","0","1","1","0","1","0","0","1","0","0","0","1","0","0","1","1","0","0","1",NA,NA,NA,NA,"1","0","0","1","0"
"15","Allium sativum",4,NA,-2.13103676825259,NA,-0.685545722654928,NA,NA,NA,"1","0","0","1","0","1","0","1","1","0","0","0","1","0","1","0","0","1","0","0","1","1","1",NA,NA,NA,NA,"1","0","1","1","0"
"16","Allium schoenoprasum",4,NA,-2.13103676825259,NA,NA,NA,-1.78824747914547,-8.01563527630007,"1","0","0","1","0","1","0","1","1","0","0","1","0","0","0","1","0","1","0","0","1","1","0","1","0","0","0","1","0","0","1","0"
"17","Allocasuarina verticillata",2,NA,-3.92279623748065,-4.73822773953331,-1.37869290321487,1.07870894414484,-1.93282870795658,-6.61929057932668,"0","1","0","1","0","1","1","0","1","0","0","1","0","1","0","0","1","0","0","1","0","0","1","0","1","0","0",NA,NA,NA,"1","0"
"18","Alluaudia procera",2,0.232564704240155,-1.84335469580081,-4.73822773953331,-0.685545722654928,1.07870894414484,-3.43690610473286,-7.20807774456238,"0","1","0","1","0","1","1","0","1","0","0","1","0","0","0","1","1","0","0","1","0","0","1",NA,NA,NA,NA,"0","1","0","1","1"
"19","Alnus alnobetula",2,-0.172900403868009,-2.53650187636076,-4.33276263142515,-0.867867279448883,1.07870894414484,NA,-8.67892949371033,"0","1","0","1","0","1","0","1","1","0","0","1","0","1","0","0","1","0","0","1","0","0","1","0","1","0","0","1","0","0","0","1"
"20","Aloe thraskii",5,-1.46388458518357,-2.13103676825259,NA,NA,NA,-0.973052864142688,NA,"0","1","0","1","0","1","0","1","1","0","1","0","0","0","0","1",NA,NA,NA,NA,NA,"0","1","1","0","0","0","0","0","1","1","0"
"21","Alphitonia excelsa",5,0.569036940861368,-2.31335832504655,-4.73822773953331,-0.685545722654928,NA,-1.82746819229876,-4.91181892662121,"0","1","0","1","0","1","0","1","1","0","0","1","0","0","0","1","0","0","1","1","0","1","0","1","0","0","0","1","0","0","1","1"
"22","Alseuosmia macrophylla",5,-1.61048805937545,-2.31335832504655,-0.796645931863623,-1.09101083076309,NA,-0.505712352316436,-6.5945979667363,"0","1","0","1","0","1","0","1","1","0","0","1","0","0","0","1","0","0","1","1","0","1","0","1","0","0","0","1","0","0","1","0"
"23","Alstroemeria aurea",4,-2.76316756931384,-2.13103676825259,-1.6701748043997,-0.685545722654928,NA,-0.218030279864655,-5.0658940577762,"1","0","0","1","0","1","0","1","1","0","1","1","0","0","0","1","0","1","0","0","1","1","0","1","0","0","0","0","0","1","1","0"
"24","Alyssum simplex",3,-4.37260548174794,-2.13103676825259,-4.04508055897337,-1.09101083076309,1.07870894414484,-3.21376255341865,-8.19191451863806,"1","0","0","1","0","1","0","1","0","1","0","0","1","0","0","1","1","0","0","1","0","1","0","1","0","0","0","1","0","0","1","0"
"25","Amborella trichopoda",2,-0.396043955182219,-1.11943585657411,-4.73822773953331,-0.174720098888937,0,-2.74375892417291,-6.70539327838009,"0","1","0","1","0","1","1","0","1","0","0","1","0","1","0","1","0","1","1","1","1","0","1","0","1","1","0","1","0","0","1","0"
"26","Amsonia tabernaemontana",1,-2.90626841295451,-2.31335832504655,NA,-1.09101083076309,0,-1.18561430612636,-3.57227126140467,"1","0","0","1","0","1","0","1","1","0",NA,NA,NA,"0","0","1",NA,NA,NA,NA,NA,"1","0",NA,NA,NA,NA,"1","0","0","1","0"
"27","Anarthria polyphylla",6,-4.7780705898561,-2.82418394881254,-4.73822773953331,-0.685545722654928,1.07870894414484,NA,NA,"1","0","0","1","0","1","1","0","1","0","0","1","0","1","0","0",NA,NA,NA,NA,NA,"0","1","0","1","0","0","1","0","0","0","1"
"28","Angelonia pubescens",3,-2.83216044080079,-2.53650187636076,NA,-1.09101083076309,1.07870894414484,-1.49099595567754,NA,"1","0","0","1","0","1","0","1","0","1","0","0","1","0","0","1","0","0","1","1","0","1","0","0","0","1","0","0","0","1","1","0"
"29","Anigozanthos humilis",4,NA,-2.13103676825259,NA,NA,NA,-0.505712352316436,-8.65951140785323,"1","0","0","1","0","1","0","1","1","0","0","1","0","0","0","1",NA,NA,NA,NA,NA,"0","1","1","0","0","0","0","0","1","1","0"
"30","Annona crassiflora",5,NA,NA,NA,NA,NA,-0.648813195957109,0.683251328541433,"0","1","0","1","0","1","0","1","1","0","0","1","0","0","0","1","0","0","1","1","0","1","0","0","0","1","0","1","0","0","1","1"
"31","Antirrhinum majus",4,-3.168632677422,-2.53650187636076,NA,-1.09101083076309,1.07870894414484,-0.546534346836691,-10.1258484766467,"1","0","0","1","0","1","0","1","1","0","0","1","0","0","0","1","0","1","0","0","1","1","0","0","0","0","1","0","0","1","1","0"
"32","Apium graveolens",3,-2.47548549686205,-2.31335832504655,-4.73822773953331,-1.09101083076309,1.07870894414484,-3.72458817718464,-9.0843946018185,"1","0","0","1","0","1","0","1","0","1","1","0","0","0","0","1","1","0","0","1","0","1","0","1","0","0","0","1","0","0","1","0"
"33","Aquilegia canadensis",4,-3.11984251325257,-0.23391678336671,-0.420739625997003,-0.174720098888937,0,-0.728855903630646,-7.85716493532829,"1","0","0","1","0","1","0","1","1","0","1","0","0","0","0","1","0","1","0","0","1","1","0","1","0","0","1","1","0","0","1","0"
"34","Arabidopsis thaliana",3,-4.21845480192068,-2.13103676825259,-0.730894554300842,-1.09101083076309,1.07870894414484,-3.21376255341865,-11.9176079458747,"1","0","0","1","0","1","0","1","0","1","0","0","1","0","1","1","1","1","0","1","1","1","0","1","0","0","0","1","1","0","1","0"
"35","Aralidium pinnatifidum",2,NA,-2.31335832504655,-5.43137492009326,-0.685545722654928,1.07870894414484,-3.21376255341865,NA,"0","1","0","1","0","1","1","0","1","0","0","1","0",NA,NA,NA,NA,NA,NA,NA,NA,"0","1",NA,NA,NA,NA,"1","0","0","1","0"
"36","Arctostaphylos uva-ursi",5,-4.72928042568667,-1.6202111444866,-4.73822773953331,-0.174720098888937,1.07870894414484,-3.43690610473286,-5.08835489504753,"0","1","0","1","0","1","0","1","1","0",NA,NA,NA,"0","1","1","0","0","1","1","0","1","0","1","0","0","0","1","0","0","1","0"
"37","Arum maculatum",6,-3.58414812138367,-2.67003326898528,NA,NA,NA,NA,-3.38326269564091,"1","0","0","1","0","1","0","1","1","0","1","1","0","0","0","1","0","0","1","1","0","0","1","0","1","0","0",NA,NA,NA,"0","1"
"38","Asparagus officinalis",2,-1.91586970892663,-2.13103676825259,NA,-0.685545722654928,1.07870894414484,-2.5206153728587,-4.91000733192286,"1","0","0","1","0","1","1","0","1","0","0","1","0","0","0","1","0","0","1","1","0","0","1","1","0","0","1","1","0","0","1","1"
"39","Astelia alpina",2,NA,-2.13103676825259,-1.1547088010772,-0.685545722654928,1.07870894414484,-2.74375892417291,-7.86582299807141,"1","0","0","1","0","1","1","0","1","0","0","1","0",NA,NA,NA,"0","0","1","1","0","1","1","1","0","0","0","1","0","0","0","1"
"40","Audouinia capitata",5,-3.39177622873621,-2.31335832504655,-2.94646827030526,NA,NA,-1.82746819229876,NA,"0","1","0","1","0","1","0","1","1","0","0","1","0","0","0","1","1","0","0","1","0","1","0","1","0","0","0","1","0","0","1","0"
"41","Avicennia marina",5,-1.06449852315179,-2.53650187636076,-4.04508055897337,-1.09101083076309,1.07870894414484,-2.34666206573526,0.125945770157686,"0","1","0","1","0","1","0","1","1","0","1","0","0","0","0","1","1","0","0","1","0","1","0","1","0","0","0","1","0","0","1","0"
"42","Azima tetracantha",2,-2.58084601251988,-2.53650187636076,-4.73822773953331,-1.09101083076309,1.07870894414484,-0.574705223803388,-4.45596755366614,"0","1","0","1","0","1","1","0","1","0","0","1","0",NA,NA,NA,"0","0","1","1","0","0","1",NA,NA,NA,NA,NA,NA,NA,"1","1"
"43","Bagassa guianensis",2,0.9257118848001,-2.82418394881254,NA,NA,NA,NA,NA,"0","1","0","1","0","1","1","0","1","0","0","1","0","1","0","1","0","0","1","1","0","0","1","0","1","0","0",NA,NA,NA,NA,NA
"44","Balanophora laxiflora",1,NA,-2.31335832504655,NA,NA,NA,-1.42200308419059,NA,"1","0","0","1","0","1","1","0","1","0","0","1","0",NA,NA,NA,NA,NA,NA,NA,NA,"0","1",NA,NA,NA,NA,"0","0","1",NA,NA
"45","Balanops pancheri",2,-1.08919113574216,-2.31335832504655,-4.04508055897337,-1.09101083076309,1.07870894414484,NA,NA,"0","1","0","1","0","1","1","0","1","0","0","1","0","1","0","0","0","0","1","1","0","0","1","0","1","0","0",NA,NA,NA,NA,NA
"46","Bdallophytum americanum",2,-4.27729530194361,-1.72557166014443,NA,0.467133787283457,NA,-1.98412200234413,NA,"1","0","0","1","0","1","1","0",NA,NA,"0","1","0",NA,NA,NA,"0","0","1","1","1","0","1","1","0","0","0","1","0","0","1","0"
"47","Begonia heracleifolia",4,NA,-0.809280928270271,NA,-0.685545722654928,NA,-1.6451466355048,-12.9392591934067,"1","0","0","1","0","1","0","1","1","1","1","0","0",NA,NA,NA,"0","1","0","0","1","1","0",NA,NA,NA,NA,"0","0","1","1","0"
"48","Bergeranthus multiceps",1,NA,1.2839539355419,NA,NA,NA,-1.13432101173881,NA,"1","0","0","1","0","1","0","1","1","0","0","1","0","0","0","1",NA,NA,NA,NA,NA,"1","0","1","0","0","1","1","0","0","1","0"
"49","Berteroa incana",3,-2.83216044080079,-2.13103676825259,NA,-1.09101083076309,1.07870894414484,-3.03144099662469,-8.71893482832403,"1","0","0","1","0","1","0","1","1","1","0","1","0","0","0","1","1","0","0","1","0","1","0","1","0","0","0","1","0","0","1","0"
"50","Bertholletia excelsa",5,1.43653750856609,0.81340221091385,-2.54100316219709,-0.397863650203147,1.07870894414484,-0.9111774604246,0.773972515437162,"0","1","0","1","0","1","0","1","1","0","0","1","0","0","0","1","0","0","1","1","0","1","0","1","0","0","1","0","0","1","1","0"
"51","Beta vulgaris",6,-1.78233831630211,-2.31335832504655,-4.73822773953331,-0.867867279448883,1.07870894414484,-2.5206153728587,-5.20222455954003,"1","0","0","1","0","1","1","1","1","1","1","1","0","1","0","0","1","1","0","1","1","1","0","0","1","0","0","1","0","0","0","1"
"52","Bixa orellana",5,-0.172900403868009,2.12929293144377,-0.895197605592118,-1.09101083076309,1.07870894414484,-0.323390795522481,-4.78351422468185,"0","1","0","1","0","1","0","1","1","0","1","1","0","0","0","1","0","0","1","0","1","1","0","0","0","0","1","1","0","0","1","0"
"53","Borago officinalis",3,-3.168632677422,-2.31335832504655,-4.04508055897337,-1.09101083076309,1.07870894414484,-0.9111774604246,-5.22676566845615,"1","0","0","1","0","1","0","1","0","1","0","0","1","0","0","1","0","0","1","0","1","1","0","1","0","0","0","1","0","0","1","0"
"54","Brasenia schreberi",6,-2.07002038875389,-0.645651504488469,-4.33276263142515,0.666847086789281,0,-1.13432101173881,-6.09160783849426,"1","0","0","1","1","1","0","1","1","0","1","0","0","1","0","0","1","0","0","1","0","1","0","0","1","0","0","1","0","0","1","1"
"55","Bretschneidera sinensis",5,0.520246776691936,-1.84335469580081,-4.04508055897337,-0.685545722654928,1.07870894414484,-0.574705223803388,NA,"0","1","0","1","0","1","0","1","1","0","1","1","0","0","0","1","0","1","0","0","1","1","0","1","0","0","0","0","0","1","1","0"
"56","Bruguiera gymnorhiza",5,1.07986256462736,-0.83175378412233,-3.53425493520738,-0.685545722654928,1.07870894414484,-0.648813195957109,2.01033804141935,"0","1","0","1","0","1","0","1","1","0","1","0","0","0","0","1","1","0","0","1","0","1","0","1","0","0","0","1","0","0","1","1"
"57","Buddleja davidii",5,-0.866047584427954,-2.53650187636076,NA,NA,NA,-2.25825110839121,-10.3081700334406,"0","1","0","1","0","1","0","1","1","0","0","1","0","0","0","1","1","0","0","1","0","1","0","1","0","0","0","1","0","0","1","0"
"58","Bursera simaruba",2,NA,-1.6202111444866,-4.04508055897337,NA,NA,-2.33829381606475,-3.24042401814953,"0","1","0","1","0","1","1","1","1","0","0","1","0","0","0","1","0","0","1","1","0","1","1","1","0","0","0","1","0","0","0","1"
"59","Butomus umbellatus",1,-2.69862904817626,-1.72557166014443,-0.826204734105167,0.00760145790501712,NA,-1.01653797608243,-9.72038336853849,"1","0","0","1","1","0","0","1","1","0","0","1","0","0","0","1","1","1","1","1","1","1","0","1","0","0","0","1","0","0","1","0"
"60","Buxus balearica",5,-0.683726027634,-2.53650187636076,-3.35193337841342,-0.685545722654928,NA,-2.33829381606475,-5.9973709080551,"0","1","0","1","0","1","0","1","1","0",NA,NA,NA,"1","0","1","0","1","1","0","1","0","1","1","1","0","0",NA,NA,NA,NA,NA
"61","Byrsonima crassifolia",5,0.0502431474462006,-1.6202111444866,-4.73822773953331,-0.685545722654928,1.07870894414484,-1.6451466355048,-6.92717535909598,"0","1","0","1","0","1","0","1","1","0","0","0","1","0","0","1","0","0","1","1","0","1","0","0","0","1","0","0","0","1","1","0"
"62","Cabomba caroliniana",1,-0.172900403868009,-2.13103676825259,-3.6396154508652,-0.685545722654928,0,-0.9111774604246,-7.87455667804016,"1","0","0","1","1","0","0","1","1","0","0","1","0","0","0","1","0","0","1","1","0","1","0","1","0","0","1","1","0","0","1","0"
"63","Calceolaria purpurea",4,NA,-3.2296490569207,NA,NA,NA,-1.58845129182826,-12.6107551264347,"1","0","0","1","0","1","0","1","1","0","0","1","0","0","0","1",NA,NA,NA,NA,NA,"1","0","0","0","1","0","0","0","1","1","0"
"64","Camellia sinensis",5,-0.866047584427954,0.682373948507445,-3.35193337841342,-0.685545722654928,1.07870894414484,-0.815867280620276,-0.757657136504925,"0","1","0","1","0","1","0","1","1","0","0","1","0","0","0","1","0","0","1","1","0","1","0",NA,NA,NA,NA,"1","0","0","1","0"
"65","Canacomyrica monticola",2,-0.529575347806742,-2.13103676825259,-4.73822773953331,-1.78415801132304,NA,NA,NA,"0","1","0","1","0","1","1","0","1","0","0","1","0","1","0","0","0","0","1","1","0","0","1","0","1","0","0",NA,NA,NA,NA,NA
"66","Canna indica",4,-1.5591947649879,-4.61594341804059,NA,-0.685545722654928,1.07870894414484,-0.0357087230707004,-2.96119254955218,"1","0","0","1","0","1","0","1","1","0","0","0","1","0","0","1","0","1","0","0","1","1","0","1","0","0","0","0","1","0","1","0"
"67","Cannabis sativa",6,NA,-2.31335832504655,-5.43137492009326,-1.09101083076309,1.07870894414484,-2.5206153728587,-5.10141986041807,"1","0","0","1","0","1","1","1","0","1","0","1","0","1","0","0","0","1","1","1","1","0","1","0","1","0","0","1","0","0","1","1"
"68","Capparis zeylanica",5,NA,-0.298455304504281,NA,NA,NA,0.369756385037464,NA,"0","1","0","1","0","1","0","1","1","0",NA,NA,NA,NA,NA,NA,"0","0","1","1","0","1","0",NA,NA,NA,NA,"1","0","0","1","0"
"69","Cardiocrinum cordatum",1,-2.17538090441172,-2.13103676825259,1.00637672964314,-0.685545722654928,NA,0.880582008803455,-6.73863733695924,"1","0","0","1","0","1","0","1","1","0","1","0","0","0","0","1","1","0","0","1","0","1","0","1","0","0","0","0","0","1","1","1"
"70","Carex laxiflora",6,NA,NA,-4.73822773953331,NA,NA,NA,NA,"1","0","0","1","0","1","0","1","1","0","0","0","1","1","0","0",NA,NA,NA,NA,NA,"0","1","0","1","0","0",NA,NA,NA,"0","1"
"71","Carica papaya",2,-0.683726027634,-1.6202111444866,NA,-0.174720098888937,1.07870894414484,-0.441173831178865,-4.88675046975859,"0","1","0","1","0","1","1","0","1","0","0","1","1","0","1","1","0","0","1","1","0","0","1","1","1","0","1","1","0","0","1","0"
"72","Caryocar brasiliense",5,NA,1.78098623717556,NA,-0.53139504282767,NA,-0.0357087230707004,NA,"0","1","0","1","0","1","0","1","1","0","0","1","0","0","0","1","0","0","1","1","0","1","0","1","0","0","0","1","0","0","1","0"
"73","Catalpa speciosa",5,0.9257118848001,-3.2296490569207,NA,-1.09101083076309,1.07870894414484,-0.12272010006033,-5.07013359777751,"0","1","0","1","0","1","0","1","1","0","0","1","0","0","0","1","1","0","0","1","0","1","0","1","0","0","0","0","0","1","1","0"
"74","Catharanthus roseus",5,-2.60901688948658,-2.31335832504655,NA,-1.09101083076309,NA,-0.325615490544593,-7.64791049617475,"0","1","0","1","0","1","0","1","1","0","1","0","0","0","0","1","0","1","1","0","1","1","0","1","0","0","0","1","0","0","1","0"
"75","Caulophyllum thalictroides",1,-3.07332249761768,-2.13103676825259,-3.92729752331698,-1.78415801132304,NA,-1.93282870795658,-2.7141411428417,"1","0","0","1","0","1","0","1","1","0","1","0","0","0","0","1","0","0","1","1","0","1","0",NA,NA,NA,NA,"1","0","0","1","0"
"76","Centroplacus glaucinus",2,0.520246776691936,-2.31335832504655,-4.04508055897337,-0.685545722654928,1.07870894414484,-3.43690610473286,NA,"0","1","0","1","0","1","1","0","1","0","0","1","0",NA,NA,NA,NA,NA,NA,NA,NA,"0","1",NA,NA,NA,NA,"1","0","0","1","0"
"77","Ceratophyllum demersum",6,-1.37687320819395,-3.92279623748065,-4.73822773953331,-1.78415801132304,NA,-3.90690973397859,NA,"1","0","0","1","1","0","0","1","1","0","1","0","0","1","0","0","0","0","1","1","0","0","1","0","1","0","1",NA,NA,NA,"0","1"
"78","Cercidiphyllum japonicum",2,0.9257118848001,-0.572892150206041,-1.71780285338895,-1.78415801132304,0,NA,-8.60342194120219,"0","1","0","1","0","1","1","0","1","0","0","1","0","1","0","0","1","0","0","1","0","0","1","0","1","0","0",NA,NA,NA,"0","1"
"79","Chimaphila umbellata",5,-3.76646967817762,-1.6202111444866,NA,-0.174720098888937,1.07870894414484,-1.49099595567754,-14.2201930388688,"0","1","0","1","0","1","0","1","1","0","0","1","0","0","0","1","0","1","0","0","1","1","0","1","0","0","1","1","0","0","1","0"
"80","Chimonanthus praecox",5,-0.396043955182219,-1.97688608842533,-4.04508055897337,0.413066566013182,0,-0.815867280620276,-3.30874756593265,"0","1","0","1","0","1","0","1","1","0","1","1","0","0","0","1","0","1","0","0","1","1","0","1","0","0","1","1","0","0","1","0"
"81","Chloranthus spicatus",5,-2.98631112062805,-3.07549837709344,-4.73822773953331,-1.78415801132304,NA,NA,-7.22626006364557,"0","1","0","1","0","1","0","1","1","0","0","1","0","0","0","1","0","0","1","1","0","1","0","0","0","1","0",NA,NA,NA,"0","1"
"82","Chorispora tenella",3,-3.66292899923678,-2.13103676825259,-1.99095682527782,-1.09101083076309,1.07870894414484,0.270549734954016,-7.82326338365261,"1","0","0","1","0","1","0","1","0","1","0","0","1","0","0","1","1","0","0","1","0","1","0",NA,NA,NA,NA,"1","0","0","1","0"
"83","Cinnamomum camphora",5,0.63802981234832,-1.72557166014443,-4.73822773953331,-1.78415801132304,NA,-3.03144099662469,-3.32123395658403,"0","1","0","1","0","1","0","1","1","0","0","1","0","0","0","1","0","0","1","1","0","1","0",NA,NA,NA,NA,"1","0","0","1","1"
"84","Clarkia xantiana",4,-3.27399319307983,-1.84335469580081,1.47638035888888,-0.397863650203147,1.07870894414484,-0.574705223803388,-9.56623268871123,"1","0","0","1","0","1","0","1","0","1","1","0","0","0","0","1","0","1","0","0","1","1","0",NA,NA,NA,NA,"0","0","1","1","0"
"85","Claytonia virginica",4,-3.96714037363977,-2.31335832504655,-4.04508055897337,-0.685545722654928,1.07870894414484,-1.98998712179653,-7.8067340817014,"1","0","0","1","0","1","0","1","1","0",NA,NA,NA,"0","0","1","0","1","1","0","1","1","0","1","0","0","0","1","0","0","1","0"
"86","Cleistesiopsis bifaria",1,NA,NA,NA,NA,NA,NA,NA,"1","0","0","1","0","1","0","1","1","0","0","1","0","0","0","1",NA,NA,NA,NA,NA,"1","0","0","0","0","1","0","0","1","1","1"
"87","Clethra alnifolia",5,-1.78233831630211,-1.6202111444866,-1.04934828541938,-0.685545722654928,1.07870894414484,-2.42530519305438,-9.90270492533245,"0","1","0","1","0","1","0","1","1","0",NA,NA,NA,"0","0","1","1","0","0","1","0","1","0",NA,NA,NA,NA,"1","0","0","1","0"
"88","Clutia pulchella",2,-2.64983888400683,-2.31335832504655,-4.73822773953331,-0.685545722654928,1.07870894414484,NA,-6.88065534346108,"0","1","0","1","0","1","1","0","1","0","0","1","0",NA,NA,NA,"0","1","1","0","1","0","1",NA,NA,NA,NA,"1","0","0","1","0"
"89","Cobaea scandens",5,0.743390328006146,-2.31335832504655,NA,-0.685545722654928,1.07870894414484,-0.0782683374894964,-3.72476081128185,"0","1","1","0","0","1","0","1","1","0","0","1","0","0","0","1","1","0","0","1","0","1","0","1","0","0","0","1","0","0","1","0"
"90","Cochlospermum vitifolium",5,0.00942115292594548,1.24198973644287,0.0492640032487326,-0.174720098888937,1.07870894414484,0.570427080499615,-4.67552558661775,"0","1","0","1","0","1","0","1","1","0","0","1","0","0","0","1","1","0","0","1","0","1","0","0","0","0","1","1","0","0","1","0"
"91","Coffea arabica",5,-0.866047584427954,-2.31335832504655,NA,NA,NA,-0.728855903630646,-2.7674422969346,"0","1","0","1","0","1","0","1","1","0","1","0","0","0","0","1","0","0","1","1","0","1","0","1","0","0","1","1","0","0","1","0"
"92","Combretum leprosum",5,NA,-1.84335469580081,-3.35193337841342,-1.09101083076309,NA,-1.87876148668631,NA,"0","1","1","1","0","1","0","1","1","0","0","1","0","0","0","1","1","0","0","1","0","1","0","1","0","1","0","1","0","0","1","0"
"93","Commelina communis",4,NA,-2.82418394881254,NA,NA,NA,-1.60432464098455,NA,"1","0","0","1","0","1","0","1","0","1",NA,NA,NA,"0","0","1","0","1","0","0","1","1","1","0","0","0","1","0","0","1","1","0"
"94","Cordyline australis",5,0.00942115292594548,-2.13103676825259,NA,-0.685545722654928,1.07870894414484,-2.42530519305438,-6.64204756644929,"0","1","0","1","0","1","0","1","1","0","0","1","0","0","0","1","0","0","1","1","0","1","0",NA,NA,NA,NA,"1","0","0","1","0"
"95","Coriaria myrtifolia",2,-1.37687320819395,-1.6202111444866,-4.73822773953331,-0.174720098888937,NA,-2.18414313623749,-5.71305018330602,"0","1","0","1","0","1","0","1","1","0",NA,NA,NA,"1","0","0","0","0","1","1","0","1","1","0","1","0","0","1","0","0","0","1"
"96","Coriaria ruscifolia",5,NA,-1.6202111444866,-4.73822773953331,0.230745009219227,NA,-3.21376255341865,-8.64046321288254,"0","1","0","1","0","1","0","1","1","0",NA,NA,NA,"1","0","0","1","0","0","1","0","1","0","0","1","0","0","1","0","0","1","1"
"97","Cornus florida",5,NA,-2.53650187636076,NA,NA,NA,-1.42200308419059,-3.38188744984459,"0","1","0","1","0","1","0","1","1","0","0","1","0","0","0","1","0","0","1","1","0","1","0",NA,NA,NA,NA,"1","0","0","1","1"
"98","Corokia cotoneaster",5,NA,-2.31335832504655,-4.73822773953331,-1.09101083076309,NA,-2.25825110839121,-4.73487596693835,"0","1","0","1","0","1","0","1","1","0","0","1","0","0","0","1","0","0","1","1","0","1","0","1","0","1","0","1","0","0","1","0"
"99","Corrigiola litoralis",3,-4.37260548174794,-2.31335832504655,NA,-0.685545722654928,0.53935447207242,-3.43690610473286,-8.80409263666434,"1","0","0","1","0","1","0","1","0","1","0","0","1","0","0","1","1","1","0","1","1","1","0",NA,NA,NA,NA,"1","0","0","1","0"
"100","Costus woodsonii",1,0.00942115292594548,-3.92279623748065,-2.54100316219709,-0.685545722654928,NA,NA,NA,"1","0","0","1","0","1","0","1","1","0",NA,NA,NA,"0","0","1","0","0","1","1","0","1","0","1","0","0","1","0","0","1","1","0"
"101","Cucurbita pepo",3,NA,-3.00650550560649,NA,-0.397863650203147,1.07870894414484,-1.82746819229876,-3.03057682399346,"1","0","1","0","0","1","0","1","0","1",NA,NA,NA,"0","0","1","1","0","0","1","0","0","1","1","0","0","0","1","0","0","1","0"
"102","Cupaniopsis anacardioides",5,-1.08919113574216,-1.84335469580081,-4.73822773953331,-0.685545722654928,1.07870894414484,-2.05061174361296,-2.82026831298577,"0","1","0","1","0","1","0","1","1","0",NA,NA,NA,"0","0","1","0","0","1","1","0","0","1","1","0","0","1","0","1","0","1","1"
"103","Curculigo latifolia",5,NA,-2.13103676825259,NA,NA,NA,-1.56510392783126,-3.40041475445848,"1","1","0","1","0","1","0","1","1","0","0","1","0","0","0","1",NA,NA,NA,NA,NA,"1","1",NA,NA,NA,NA,"1","0","0","1","0"
"104","Cuscuta cuspidata",6,NA,-2.31335832504655,-4.04508055897337,-1.09101083076309,1.07870894414484,-3.57043749735738,NA,"1","0","1","0","0","1","0","1","0","1","1","0","0","1","0","0",NA,NA,NA,NA,NA,"1","0","0","1","0","0","1","0","0","1","0"
"105","Cuttsia viburnea",5,NA,-2.31335832504655,1.47737985922196,-0.174720098888937,NA,-1.82746819229876,-11.5121428377665,"0","1","0","1","0","1","0","1","1","0","0","1","0","0","0","1","1","1","0","1","1","1","0",NA,NA,NA,NA,"1","0","0","1","0"
"106","Cyclanthus bipartitus",5,-1.78233831630211,-2.13103676825259,NA,NA,NA,NA,NA,"0","1","0","1","0","1","0","1","1","0","0","1","0","0","0","1","0","0","1","1","0","0","1","0","0","0","1",NA,NA,NA,"1","0"
"107","Cymodocea nodosa",6,NA,-3.2296490569207,-4.73822773953331,-1.09101083076309,0,NA,NA,"1","0","0","1","1","0","1","1","1","0","0","1","0","1","0","0","0","1","1","1","1","0","1","0","1","0","0",NA,NA,NA,NA,NA
"108","Cypripedium calceolus",1,-3.27399319307983,-3.2296490569207,NA,-0.685545722654928,1.07870894414484,0.2202246510665,-13.8147279307606,"1","0","0","1","0","1","0","1","1","0","0","1","0","0","0","1","1","0","0","1","0","1","0","0","0","0","1","0","0","1","1","1"
"109","Cyrilla racemiflora",5,-0.172900403868009,-2.31335832504655,-4.04508055897337,-1.09101083076309,1.07870894414484,-2.5206153728587,NA,"0","1","0","1","0","1","0","1","1","0",NA,NA,NA,"0","0","1","1","0","0","1","0","1","0","1","0","0","0","1","0","0","1","0"
"110","Dalechampia spathulata",5,NA,-0.927063963926655,NA,-0.685545722654928,NA,NA,NA,"0","1","0","1","0","1","0","1","1","0",NA,NA,NA,"0","0","1","0","1","0","0","1","0","1","0","0","1","0","0","0","1","1","0"
"111","Dalzellia ceylanica",3,-7.08065568285015,-2.82418394881254,NA,-0.685545722654928,1.07870894414484,-3.43690610473286,NA,"1","0","0","1","1","1","0","1",NA,NA,"0","0","1","0","1","0",NA,NA,NA,NA,NA,"1","0","0","0","0","1","1","0","0","1","1"
"112","Daphniphyllum macropodum",2,0.520246776691936,-1.72557166014443,-4.04508055897337,-1.09101083076309,1.07870894414484,NA,-4.26221730104856,"0","1","0","1","0","1","1","0","1","0","0","1","0","1","0","0","0","0","1","1","0","0","1","0","1","0","0","1","0","0","0","1"
"113","Datisca glomerata",6,-2.07002038875389,-1.87510339411539,NA,NA,NA,-2.25825110839121,-10.6648449773793,"1","0","0","1","0","1","1","0","1","0","1","0","0","1","0","0","1","0","0","1","0","1","1","0","1","0","0",NA,NA,NA,"0","1"
"114","Davidsonia jerseyana",5,NA,-1.72557166014443,-2.94646827030526,-1.09101083076309,NA,-2.5206153728587,-2.67630199464165,"0","1","0","1","0","1","0","1","1","0","0","0","1",NA,NA,NA,"0","0","1","1","0","1","0","1","0","0","0","1","0","0","1","0"
"115","Davilla kunthii",5,NA,0.325699004568713,-4.04508055897337,-1.78415801132304,NA,-1.23968152739664,NA,"1","0","1","0","0","1","0","1","1","0","0","1","0","0","0","1","0","0","1","1","0","1","0","0","0","0","1","1","0","0","1","0"
"116","Denhamia celastroides",5,-0.529575347806742,-2.31335832504655,-3.35193337841342,-0.685545722654928,1.07870894414484,-0.9111774604246,NA,"0","1","0","1","0","1","0","1","1","0","0","1","0",NA,NA,NA,NA,NA,NA,NA,NA,"1","0",NA,NA,NA,NA,"1","0","0",NA,NA
"117","Diapensia lapponica",5,-6.3875085022902,-2.31335832504655,-0.356201104859432,-0.685545722654928,1.07870894414484,-1.73215801249443,NA,"0","1","0","1","0","1","0","1","1","0","1","0","0","0","0","1","0","1","0","0","1","1","0","1","0","0","0","1","0","0","1","0"
"118","Diospyros australis",2,NA,-1.28373890786539,-4.33276263142515,NA,NA,-3.66004965604707,-3.13682047753578,"0","1","0","1","0","1","1","0","1","0","0","1","0",NA,NA,NA,NA,NA,NA,NA,NA,"0","1",NA,NA,NA,NA,"1","0","0","1","0"
"119","Dipterocarpus tempehes",5,NA,-0.521598855818491,NA,NA,NA,-0.141069238728527,NA,"0","1","0","1","0","1","0","1","1","0","0","1","0","0","0","1",NA,NA,NA,NA,NA,"1","0",NA,NA,NA,NA,"1","0","0","1","0"
"120","Discaria americana",5,NA,-2.41871884070437,-4.73822773953331,-0.53139504282767,NA,-2.33829381606475,NA,"0","1","0","1","0","1","0","1","1","0","0","1","0","0","0","1","0","1","0","0","1","1","0","1","0","1","1","1","0","0","1","0"
"121","Drosophyllum lusitanicum",5,-2.58084601251988,-1.6202111444866,-1.68895469905129,-0.174720098888937,1.07870894414484,-0.834216419288472,-6.69186127216151,"0","1","0","1","0","1","0","1","1","0","1","0","0","0","0","1","0","1","0","0","1","1","0",NA,NA,NA,NA,"1","0","0","1","0"
"122","Dryas octopetala",5,-3.168632677422,1.17707019034355,-4.73822773953331,NA,0,-0.728855903630646,-8.34807524939334,"0","1","0","1","0","1","0","1","1","0","1","0","0","0","0","1","1","0","0","1","0","1","0","1","0","0","1","1","0","0","1","0"
"123","Durio zibethinus",5,0.743390328006146,0.171548324741455,-2.94646827030526,-0.174720098888937,1.07870894414484,-0.12272010006033,1.79776896806278,"0","1","0","1","0","1","0","1","1","0","0","1","0","0","0","1","0","0","1","1","0","1","0","1","0","0","0","1","0","0","1","0"
"124","Eichhornia crassipes",1,NA,-2.13103676825259,NA,-0.685545722654928,1.07870894414484,-0.0357087230707004,NA,"1","0","0","1","1","0","0","1","1","1","0","1","0","0","0","1","1","0","1","1","0","1","0",NA,NA,NA,NA,"0","0","1","1","0"
"125","Eriocaulon parkeri",4,NA,-2.53650187636076,NA,NA,NA,-3.43690610473286,NA,"1","0","0","1","0","1","0","1","1","1",NA,NA,NA,"0","0","1",NA,NA,NA,NA,NA,"0","1",NA,NA,NA,NA,NA,NA,NA,"1","0"
"126","Eriogonum arborescens",5,-1.78233831630211,-1.72557166014443,-4.73822773953331,-0.685545722654928,NA,-3.11845237361432,-8.46762040004313,"0","1","0","1","0","1","0","1","1","0","1","0","0","0","0","1","1","0","0","1","0","1","0",NA,NA,NA,NA,NA,NA,NA,"1","0"
"127","Eryngium alpinum",1,NA,NA,NA,NA,NA,NA,-6.39215500674293,"1","0","0","1","0","1","0","1","1","0",NA,NA,NA,"0","0","1","0","0","1","1","0","1","0",NA,NA,NA,NA,"1","0","0","1","0"
"128","Erythroxylum laurifolium",5,-0.971408100085781,-1.6202111444866,NA,NA,NA,NA,NA,"0","1","0","1","0","1","0","1","1","0","0","1","0",NA,NA,NA,"0","0","1","1","0","1","0","1","0","1","0",NA,NA,NA,"1","0"
"129","Eschscholzia californica",4,-3.59941559351445,-0.952381771910945,NA,-1.09101083076309,1.07870894414484,-0.441173831178865,-7.6001198323384,"1","0","0","1","0","1","0","1","1","1","0","1","0","0","0","1","0","1","0","0","1","1","0","0","0","0","1","0","1","0","1","0"
"130","Eucalyptus cladocalyx",5,NA,NA,NA,NA,NA,NA,-6.4411443939432,"0","1","0","1","0","1","0","1","1","0",NA,NA,NA,"0","0","1","1","0","0","1","0","1","0",NA,NA,NA,NA,NA,NA,NA,"1","0"
"131","Eupomatia bennettii",5,-2.07002038875389,-1.78273007398437,NA,NA,1.07870894414484,-0.574705223803388,NA,"0","1","0","1","0","1","0","1","1","0","0","1","0","0","0","1",NA,NA,NA,NA,NA,"1","0",NA,NA,NA,NA,NA,NA,NA,"1","0"
"132","Eupomatia laurina",5,-0.529575347806742,0.171548324741455,-3.6396154508652,1.92941405538127,1.07870894414484,-0.846638939287028,-5.25001522337638,"0","1","0","1","0","1","0","1","1","0","0","1","0","0","0","1","0","0","1","1","0","1","0","0","0","1","0",NA,NA,NA,"1","0"
"133","Fagus grandifolia",2,0.743390328006146,-1.52490096468228,-4.04508055897337,-0.685545722654928,NA,NA,-2.4230665532834,"0","1","0","1","0","1","0","1","1","0","0","1","0","1","0","0","0","0","1","1","0","0","1","0","1","0","1","1","0","0","0","1"
"134","Ficaria verna",4,-4.01260274771653,-0.703920412612445,-4.73822773953331,0.923892189779172,NA,-0.668231281814211,NA,"1","0","0","1","0","1","0","1","1","0","0","1","0","0","0","1","0","0","1","0","1","1","0","1","0","0","1","1","0","0","1","0"
"135","Filipendula vulgaris",1,-2.74992234256382,-0.703920412612445,-4.04508055897337,0.413066566013182,0,-1.6451466355048,-8.01563527630007,"1","0","0","1","0","1","0","1","1","0","0","1","0","1","0","1","0","0","1","1","0","1","0","0","1","0","1","1","0","0","1","0"
"136","Floerkea proserpinacoides",4,-4.21845480192068,-2.13103676825259,-4.73822773953331,-0.867867279448883,NA,-0.815867280620276,-6.71360125879792,"1","0","0","1","0","1","0","1","0","1","0","0","1","0","1","0","0","1","0","0","1","1","0",NA,NA,NA,NA,"1","0","0","1","1"
"137","Fumana ericoides",5,NA,-0.555500407494172,-2.4109500339489,-1.09101083076309,NA,-1.26785240436333,-7.11358690114146,"0","1","0","1","0","1","0","1","1","0","0","0","1","0","0","1","0","1","0","0","1","1","0",NA,NA,NA,NA,"1","0","0","1","0"
"138","Galium aparine",3,-2.5426942465555,-2.53650187636076,-4.73822773953331,-1.09101083076309,1.07870894414484,-1.26785240436333,-5.80282018273473,"1","0","0","1","0","1","0","1","0","1","0","0","1","0","0","1","0","0","1","1","0","1","0",NA,NA,NA,NA,"1","0","0","1","0"
"139","Gelsemium sempervirens",5,NA,-2.31335832504655,-3.35193337841342,-1.09101083076309,1.07870894414484,-0.815867280620276,NA,"1","0","1","0","0","1","0","1","1","0","0","1","0","0","0","1","1","0","0","1","0","1","0","0","0","1","0","1","0","0","1","0"
"140","Gentiana saponaria",1,-3.20945467194226,-2.31335832504655,NA,-1.09101083076309,1.07870894414484,-0.505712352316436,NA,"1","0","0","1","0","1","0","1","1","0",NA,NA,NA,"0","0","1","1","0","0","1","0","1","0","1","0","0","0","1","0","0","1","0"
"141","Geranium sanguineum",4,-3.67945830118799,-1.6202111444866,-4.04508055897337,-0.174720098888937,1.07870894414484,-0.696066080807655,-5.82291014412508,"1","0","0","1","0","1","0","1","1","0","1","0","0","0","0","1","0","1","0","0","1","1","0","1","0","0","0","1","0","0","1","0"
"142","Gerbera jamesonii",1,NA,NA,NA,NA,NA,NA,-7.28287895764508,"1","0","0","1","0","1","0","1","1","0","0","1","0","0","0","1","1","0","0","1","0","1","0",NA,NA,NA,NA,"0","0","1","1","0"
"143","Gesneria cuneifolia",5,NA,NA,NA,NA,NA,NA,-11.9176079458747,"0","1","0","1","0","1","0","1","1","0","1","0","0","0","0","1","0","0","1","0","1","1","0","1","0","0","0","0","0","1","1","0"
"144","Gomortega keule",5,0.520246776691936,-1.84335469580081,-4.73822773953331,-1.09101083076309,1.07870894414484,-2.33829381606475,NA,"0","1","0","1","0","1","0","1","1","0","1","0","0","0","0","1","0","0","1","1","0","1","0",NA,NA,NA,NA,"1","0","0","1","1"
"145","Gonocaryum litorale",2,NA,-2.31335832504655,-4.04508055897337,-1.09101083076309,1.07870894414484,-2.42530519305438,NA,"0","1","0","1","0","1","1","0","1","0","0","1","0",NA,NA,NA,"0","0","1","1","0","0","1",NA,NA,NA,NA,"1","0","0","1","1"
"146","Gossypium hirsutum",5,-2.07002038875389,0.459230397193236,-2.43564264653927,-0.53139504282767,1.07870894414484,0.118441956756558,-3.46794441125207,"0","1","0","1","0","1","0","1","1","1","1","0","1","0","0","1","1","0","0","1","0","1","0","1","0","0","0","1","0","0","1","0"
"147","Grewia occidentalis",5,-1.37687320819395,0.414494503351844,-4.73822773953331,-0.397863650203147,1.07870894414484,-0.728855903630646,-3.84186980029979,"0","1","0","1","0","1","0","1",NA,NA,"0","1","0","0","0","1","0","0","1","1","0","1","0","1","0","0","0","1","0","0","1","0"
"148","Griselinia racemosa",2,-1.78233831630211,-2.31335832504655,NA,-0.685545722654928,1.07870894414484,NA,-5.50332965232395,"0","1","0","1","0","1","1","0",NA,NA,"0","1","0",NA,NA,NA,"0","0","1","1","0","0","1",NA,NA,NA,NA,"1","0","0",NA,NA
"149","Gyrocarpus americanus",5,0.743390328006146,-2.53650187636076,-4.73822773953331,-1.78415801132304,NA,-3.72458817718464,-2.11806524485525,"0","1","0","1","0","1","0","1","1","0",NA,NA,NA,"1","0","0","1","0","0","1","0","1","1","0","1","0","0","1","0","0","1","1"
"150","Hamamelis virginiana",5,-0.866047584427954,-2.53650187636076,-4.73822773953331,-1.09101083076309,1.07870894414484,-1.13432101173881,-3.3204951312826,"0","1","0","1","0","1","0","1","1","0","0","1","0","0","0","1","0","1","0","0","1","1","0","1","0","0","1","1","0","0","1","0"
"151","Hanguana malayana",2,NA,-2.13103676825259,-4.73822773953331,-0.685545722654928,1.07870894414484,NA,-5.17237159639035,"1","0","0","1","0","1","1","0","1","0","0","1","0",NA,NA,NA,"0","0","1","1","0","0","1",NA,NA,NA,NA,"1","0","0",NA,NA
"152","Haumania danckelmaniana",5,NA,NA,NA,NA,NA,NA,NA,"0","1","1","0","0","1","0","1","1","0","0","1","0","0","0","1",NA,NA,NA,NA,NA,"1","0",NA,NA,NA,NA,"0","0","1","1","0"
"153","Hedychium gardnerianum",1,NA,-3.92279623748065,NA,-0.685545722654928,NA,0.251973349381081,NA,"1","0","0","1","0","1","0","1","1","0","0","0","1","0","0","1","0","0","1","1","0","1","0",NA,NA,NA,NA,"0","0","1","1","0"
"154","Helianthus annuus",4,-1.78233831630211,-2.31335832504655,-4.73822773953331,-1.09101083076309,1.07870894414484,-1.03901083193449,-4.34690699506575,"1","0","0","1","0","1","0","1","0","1","1","1","0","0","0","1","0","1","0","0","1","1","0","1","0","0","1","1","0","1","1","0"
"155","Heliconia irrasa",1,-2.07002038875389,-2.31335832504655,NA,NA,NA,NA,NA,"1","0","0","1","0","1","0","1","1","0",NA,NA,NA,"0","0","1","0","0","1","1","0","1","0","1","0","0","0",NA,NA,NA,"1","0"
"156","Herniaria glabra",4,-4.08492340929616,-2.31335832504655,NA,NA,NA,-3.72458817718464,-10.2128598536363,"1","0","0","1","0","1","0","1","1","1","0","0","1","0","0","1","1","1","0","1","1","1","0","1","0","0","0","1","0","0","0","1"
"157","Hevea brasiliensis",5,0.520246776691936,-1.6202111444866,-4.73822773953331,-0.685545722654928,1.07870894414484,-2.51562783134766,0.239655160298331,"0","1","0","1","0","1","0","1","1","0","1","1","0","0","0","1","0","0","1","1","0","0","1",NA,NA,NA,NA,"1","0","0",NA,NA
"158","Hirtella physophora",5,NA,-2.13103676825259,NA,NA,NA,-1.13432101173881,NA,"0","1","0","1","0","1","0","1","1","0","0","1","0","0","0","1",NA,NA,NA,NA,NA,"1","0","1","0","0","1","0","0","1","1","0"
"159","Hordeum bulbosum",6,-2.52677879124961,-2.82418394881254,-4.73822773953331,-1.09101083076309,NA,-1.26785240436333,-5.57548652715356,"1","0","0","1","0","1","0","1","1","0","0","1","0","1","0","0","0","0","1","1","0","1","0","0","1","0","0","0","0","1","0","1"
"160","Hydnocarpus heterophylla",2,NA,-0.664699699459164,NA,-0.397863650203147,1.07870894414484,-1.35746456305302,NA,"0","1","0","1","0","1","1","0","1","0","0","1","0","0","0","1","0","0","1","1","0","0","1",NA,NA,NA,NA,NA,NA,NA,NA,NA
"161","Hydrastis canadensis",1,-3.59941559351445,0.0615474295271263,-4.04508055897337,0.590747743250634,0,-1.56510392783126,NA,"1","0","0","1","0","1","0","1","1","0","1","0","0","0","0","1","0","0","1","1","0","1","0",NA,NA,NA,NA,"1","0","0","1","0"
"162","Hydrocotyle vulgaris",1,-4.55492703854189,-2.31335832504655,NA,-1.09101083076309,1.07870894414484,-3.72458817718464,-8.69873212100651,"1","0","0","1","0","1","0","1","1","0",NA,NA,NA,"0","1","1","1","0","0","1","0","1","0",NA,NA,NA,NA,"1","0","0","1","0"
"163","Hydrophyllum capitatum",4,-3.76646967817762,-2.31335832504655,NA,NA,NA,-2.18414313623749,-6.12611989079941,"1","0","0","1","0","1","0","1","1","0","0","1","0","0","0","1",NA,NA,NA,NA,NA,"1","0","1","0","0","1","1","0","0","1","0"
"164","Hypericum perforatum",1,-2.98631112062805,-0.0107732320524998,-1.33703035787116,-0.685545722654928,1.07870894414484,-1.19885953287638,-9.90270492533245,"1","0","0","1","0","1","0","1","1","0","0","0","1","0","0","1","1","0","0","1","0","1","0","0","0","0","1","1","0","0","1","0"
"165","Ilex opaca",2,0.0502431474462006,-2.53650187636076,NA,-0.397863650203147,1.07870894414484,-2.11515026475054,-5.16067555662716,"0","1","0","1","0","1","1","0","1","0","0","1","0","0","0","1","0","0","1","1","0","0","1",NA,NA,NA,NA,"1","0","0","1","1"
"166","Impatiens capensis",4,NA,-2.31335832504655,-4.73822773953331,-0.174720098888937,1.07870894414484,-0.633545723826321,-6.05539823462399,"1","0","0","1","0","1","0","1","0","1","1","0","0","0","0","1","0","1","0","0","1","1","0","1","0","0","0","0","0","1","1","0"
"167","Ipomoea alba",5,-0.172900403868009,-2.31335832504655,-3.12878982709921,-1.09101083076309,NA,0.369756385037464,-3.40061477446114,"1","0","1","0","0","1","0","1","1","1","0","0","1","0","0","1",NA,NA,NA,NA,NA,"1","0","1","0","0","0","1","0","0","1","0"
"168","Iris versicolor",1,NA,-2.82418394881254,NA,NA,NA,0.678057744691981,-5.29620229411058,"1","0","0","1","0","1","0","1","1","0","1","0","0","0","1","1","1","0","0","1","0","1","0",NA,NA,NA,NA,"1","0","0","1","0"
"169","Irvingbaileya australis",2,NA,-2.31335832504655,-4.73822773953331,-1.09101083076309,1.07870894414484,-2.71906631158254,-2.61195739409421,"0","1","0","1","0","1","1","0","1","0","0","1","0","0","0","1","0","0","1","1","0","0","1",NA,NA,NA,NA,"1","0","0","1","0"
"170","Juglans mandshurica",2,0.232564704240155,-0.664699699459164,-4.73822773953331,-1.09101083076309,NA,NA,1.12776639000148,"0","1","0","1","0","1","0","1","1","0","0","1","0","1","0","0","0","0","1","1","0","0","1","0","1","0","0",NA,NA,NA,"0","1"
"171","Jumellea fragrans",1,NA,NA,NA,NA,NA,NA,NA,"1","0","0","1","0","1","0","1","1","0",NA,NA,NA,"0","0","1",NA,NA,NA,NA,NA,"1","0","1","0","0","0","0","0","1","1","0"
"172","Juncus effusus",6,-2.60048198703674,-2.82418394881254,NA,-0.685545722654928,NA,NA,-11.9176079458747,"1","0","0","1","0","1","0","1","0","1","1","0","1","1","0","0","0","0","1","1","0","1","0","0","1","0","0","1","0","0","0","1"
"173","Kalanchoe daigremontiana",3,-2.07002038875389,-1.84335469580081,0.129306710922269,-0.397863650203147,0.215741788828968,-0.728855903630646,-11.9176079458747,"1","0","0","1","0","1","0","1","1","1","0","0","1","0","0","1","1","0","0","1","0","1","0","1","0","0","0","1","0","0","1","0"
"174","Kalmia latifolia",5,-0.866047584427954,-1.6202111444866,NA,NA,1.07870894414484,-0.797848775117597,-11.9176079458747,"0","1","0","1","0","1","0","1","1","0","0","1","0","0","0","1","1","0","0","1","0","1","0","1","0","0","0","1","0","0","1","0"
"175","Kielmeyera regalis",5,NA,NA,NA,NA,NA,NA,NA,"0","1","0","1","0","1","0","1","1","0","0","1","0","0","0","1","1","0","0","1","0","1","0","0","0","0","1","1","0","0","1","0"
"176","Kirengeshoma palmata",1,NA,-1.21474603637844,NA,NA,NA,-0.489839003160146,-7.45169982722013,"1","0","0","1","0","1","0","1","1","0","0","1","0","0","0","1","1","0","0","1","0","1","0",NA,NA,NA,NA,NA,NA,NA,"1","0"
"177","Kirkia wilmsii",2,NA,-2.41871884070437,NA,-0.280080614546764,1.07870894414484,-1.82746819229876,-5.36724215176918,"0","1","0","1","0","1","1","0","1","0","0","1","0","0","0","1","1","0","0","1","0","0","1",NA,NA,NA,NA,"1","0","0",NA,NA
"178","Lactoris fernandeziana",5,-2.07002038875389,-2.13103676825259,-2.94646827030526,-0.685545722654928,0,-2.74375892417291,NA,"0","1","0","1","0","1","0","1","1","0","1","0","0","1","0","0","1","1","0","1","1","1","1","0","1","0","0","1","0","0","0","1"
"179","Lantana camara",5,NA,-2.53650187636076,NA,-1.37869290321487,NA,-2.25825110839121,-5.59504270594743,"0","1","0","1","0","1","0","1","1","0","0","0","1","0","0","1","0","0","1","1","0","1","0",NA,NA,NA,NA,"0","0","1","1","0"
"180","Lapageria rosea",5,-0.396043955182219,-2.13103676825259,0.144574183053057,-0.685545722654928,1.07870894414484,0.187434828243509,NA,"0","1","1","0","0","1","0","1","1","0",NA,NA,NA,"0","0","1","0","0","1","1","0","1","0","1","0","0","0","1","0","0","1","0"
"181","Larrea tridentata",5,-2.00548186761632,-1.6202111444866,NA,-0.174720098888937,NA,-0.9111774604246,-6.1430564003303,"0","1","0","1","0","1","0","1","1","0","1","0","0","0","0","1","0","0","1","1","0","1","0","1","0","0","1","1","0","0","1","0"
"182","Lemna minor",3,-5.28889621362209,-3.2296490569207,-4.73822773953331,-1.78415801132304,NA,-4.35319683660701,NA,"1","0","0","1","1","0","0","1","0","1",NA,NA,NA,"0","0","1","1","0","0","1","0","1","0",NA,NA,NA,NA,NA,NA,NA,"0","1"
"183","Lepidobotrys staudtii",2,NA,-1.6202111444866,-4.04508055897337,-0.685545722654928,NA,-2.28950365189531,NA,"0","1","0","1","0","1","1","0","1","0","0","1","0",NA,NA,NA,"0","1","0","0","1","0","1",NA,NA,NA,NA,"1","0","0",NA,NA
"184","Limnanthes douglasii",3,-3.13907387518046,-1.6202111444866,NA,-0.174720098888937,NA,-0.797848775117597,-6.04267721502268,"1","0","0","1","0","1","1","0","0","1","0","1","0","0","0","1",NA,NA,NA,NA,NA,"1","0",NA,NA,NA,NA,"1","0","0","1","0"
"185","Linum perenne",4,-2.98631112062805,-2.31335832504655,-4.04508055897337,-0.174720098888937,1.07870894414484,-0.574705223803388,-7.66911270382535,"1","0","0","1","0","1","0","1","1","0","0","1","0","0","0","1",NA,NA,NA,NA,NA,"1","0",NA,NA,NA,NA,"1","0","0","1","0"
"186","Liparis loeselii",1,NA,NA,NA,NA,NA,NA,-14.9133402194287,"1","0","0","1","0","1","0","1","1","0","0","0","1","1","1","0","1","0","0","1","0","1","0","0","1","0","0","0","0","1","0","1"
"187","Liriodendron chinense",5,1.21339395725188,0.171548324741455,-4.04508055897337,NA,0,-0.574705223803388,NA,"0","1","0","1","0","1","0","1","1","0","1","0","0","0","0","1","1","1","0","1","1","1","0","1","0","0","0","1","0","0","0","1"
"188","Loasa heterophylla",4,NA,-2.05099406057905,NA,NA,NA,-0.994559069363651,NA,"1","0","0","1","0","1","0","1","1","0","0","1","0",NA,NA,NA,NA,NA,NA,NA,NA,"1","0","1","0","0","0","1","0","0","1","0"
"189","Lobelia angulata",1,-4.03613324512672,-2.31335832504655,NA,-1.09101083076309,NA,-1.52736359984842,-10.5313135847548,"1","0","0","1","0","1","1","0","1","0","0","1","0","0","0","1",NA,NA,NA,NA,NA,"1","1","1","0","0","0","0","0","1","1","0"
"190","Ludwigia adscendens",1,-4.37260548174794,-1.6202111444866,-2.72332471899105,-0.174720098888937,NA,-0.728855903630646,NA,"1","0","0","1","1","0","0","1","1","0",NA,NA,NA,"0","0","1","1","0","0","1","0","1","0",NA,NA,NA,NA,"1","0","0","1","0"
"191","Lythrum salicaria",1,-2.00548186761632,-1.43788958769265,NA,-1.09101083076309,1.07870894414484,-1.23968152739664,-10.6648449773793,"1","0","0","1","0","1","0","1","1","0","0","1","0","0","0","1","1","0","0","1","0","1","0","1","0","0","1","1","0","0","1","0"
"192","Malesherbia linearifolia",1,-2.47548549686205,-2.31335832504655,1.48534010026035,-0.685545722654928,1.07870894414484,-0.9111774604246,-7.75094272207299,"1","0","0","1","0","1","0","1","1","0",NA,NA,NA,"0","0","1",NA,NA,NA,NA,NA,"1","0",NA,NA,NA,NA,"1","0","0","1","0"
"193","Malpighia emarginata",5,NA,-1.6202111444866,-4.73822773953331,-0.685545722654928,1.07870894414484,-1.01653797608243,-4.86359015991432,"0","1","0","1","0","1","0","1","1","0","0","1","0","0","0","1","0","0","1","1","0","1","0","0","0","1","0","0","0","1","1","0"
"194","Manihot esculenta",4,-0.866047584427954,-1.6202111444866,-4.73822773953331,-0.685545722654928,1.07870894414484,-3.43690610473286,-3.26938649205207,"1","0","0","1","0","1","0","1","1","0","0","1","0","0","0","1","0","0","1","0","1","0","1",NA,NA,NA,NA,"1","0","0","1","0"
"195","Manilkara zapota",5,1.21339395725188,-2.21804814524222,-4.73822773953331,0.384895689046485,1.07870894414484,-1.23968152739664,-3.1634471965512,"0","1","0","1","0","1","0","1","1","0","0","1","0","0","0","1","0","0","1","1","0","1","0",NA,NA,NA,NA,"1","0","0","1","0"
"196","Marathrum rubrum",3,-4.37260548174794,-1.84335469580081,2.10765213573074,-1.09101083076309,1.07870894414484,NA,NA,"1","0","0","1","1","0","0","1","0","1","0","0","1","1","0","0","1","0","0","1","0","1","0","0","1","0","0","1","0","0","1","1"
"197","Mayaca fluviatilis",3,NA,-2.82418394881254,-4.04508055897337,-0.685545722654928,1.07870894414484,-1.82746819229876,NA,"1","0","0","1","1","1","0","1","1","0","0","0","1","0","1","0","1","0","0","1","0","1","0",NA,NA,NA,NA,"1","0","0","1","0"
"198","Mazus pumilus",3,-4.7780705898561,-2.53650187636076,NA,-1.09101083076309,1.07870894414484,-2.18414313623749,-12.6107551264347,"1","0","0","1","0","1","0","1","0","1","0","0","1","0","0","1","1","0","0","1","0","1","0","0","0","0","1","0","0","1","1","0"
"199","Medicago sativa",4,-2.90626841295451,-1.6202111444866,-2.0301775384311,NA,NA,-1.26785240436333,-7.19910907457962,"1","0","0","1","0","1","0","1","1","0","0","1","0","0","0","1","0","1","0","0","1","1","0","1","0","0","1","0","0","1","1","0"
"200","Melocactus curvispinus",1,NA,1.11739785885715,1.15617509473154,NA,NA,-0.951999454944855,-9.02723618797855,"1","0","0","1","0","1","0","1","1","0",NA,NA,NA,"0","0","1","0","0","1","1","0","1","0","1","0","0","0","1","0","0","1","0"
"201","Menispermum canadense",2,NA,-1.11943585657411,-4.04508055897337,-0.685545722654928,NA,-3.31912306907647,-3.77627251781398,"1","1","1","0","0","1","1","0","1","0","0","1","0","0","0","1","0","0","1","1","0","0","1",NA,NA,NA,NA,"1","0","0",NA,NA
"202","Menyanthes trifoliata",1,-3.52530762136073,-2.31335832504655,-2.43564264653927,-1.09101083076309,1.07870894414484,-1.42200308419059,-7.10949691588993,"1","0","0","1","1","0","0","1","1","0","0","1","0","0","0","1","1","0","0","1","0","1","0","1","0","0","0","1","0","0","1","0"
"203","Miconia affinis",5,NA,-1.6202111444866,NA,NA,NA,-2.5206153728587,-9.2095577447725,"0","1","0","1","0","1","0","1","1","0","0","1","0","0","0","1","0","0","1","1","0","1","0",NA,NA,NA,NA,"1","0","0","1","0"
"204","Mirabilis jalapa",4,-2.47548549686205,-2.31335832504655,-4.73822773953331,-1.78415801132304,NA,-0.441173831178865,-3.63322992546942,"1","0","0","1","0","1","0","1","1","1","0","0","1","0","0","1","0","1","0","0","1","1","0","1","0","0","0","1","0","0","1","1"
"205","Misodendrum linearifolium",2,NA,-2.82418394881254,-4.73822773953331,-0.685545722654928,1.07870894414484,-3.90690973397859,NA,"0","1","0","1","0","1","1","0",NA,NA,"0","1","0",NA,NA,NA,"1","0","0","1","0","0","1",NA,NA,NA,NA,"1","0","0","0","1"
"206","Mollugo verticillata",4,-3.9026018525022,-2.67003326898528,-2.43564264653927,-0.397863650203147,1.07870894414484,-3.43690610473286,-10.4135305490984,"1","0","0","1","0","1","0","1","0","1",NA,NA,NA,"0","0","1","0","1","0","0","1","1","0","1","0","0","1","1","0","0","1","0"
"207","Monotropa hypopitys",4,-4.16288495076587,-1.72557166014443,NA,-0.174720098888937,1.07870894414484,NA,-14.9133402194287,"1","0","0","1","0","1","0","1","1","0","1","0","0","0","0","1","0","1","0","0","1","1","0","1","0","0","0","1","0","0","1","0"
"208","Montinia caryophyllacea",2,NA,-2.53650187636076,-2.94646827030526,-1.09101083076309,1.07870894414484,-2.5206153728587,-6.26161613505486,"0","1","0","1","0","1","1","0",NA,NA,"0","1","0",NA,NA,NA,"0","1","0","0","1","0","1",NA,NA,NA,NA,"1","0","0",NA,NA
"209","Moringa oleifera",5,0.00942115292594548,-2.31335832504655,NA,-0.685545722654928,1.07870894414484,-1.13432101173881,-2.53613336274515,"0","1","0","1","0","1","0","1","1","0","1","0","0","0","0","1","0","1","0","0","1","1","0",NA,NA,NA,NA,"0","0","1","1","0"
"210","Myriophyllum sibiricum",1,NA,-1.84335469580081,-4.73822773953331,-0.397863650203147,NA,NA,NA,"1","0","0","1","1","0","0","1","1","0",NA,NA,NA,"0","0","1",NA,NA,NA,NA,NA,"1","1",NA,NA,NA,NA,"1","0","0","1","0"
"211","Myristica fragrans",5,-0.396043955182219,-1.67150443887415,-4.73822773953331,-1.78415801132304,NA,-1.82746819229876,0.955370569010179,"0","1","0","1","0","1","1","1","1","0","0","1","0","0","0","1","0","0","1","1","0","0","1","0","0","0","1","1","0","0","1","0"
"212","Myrtus communis",5,-1.08919113574216,1.05393750493993,NA,NA,1.07870894414484,-0.9111774604246,-5.93619373462023,"0","1","0","1","0","1","0","1","1","0","1","0","0","0","0","1","0","0","1","1","0","1","0",NA,NA,NA,NA,"1","0","0","1","0"
"213","Narthecium ossifragum",4,NA,-2.13103676825259,NA,NA,NA,-0.797848775117597,-10.3081700334406,"1","0","0","1","0","1","0","1","1","0",NA,NA,NA,"0","0","1","0","1","0","0","1","1","1",NA,NA,NA,NA,"1","0","0","1","0"
"214","Nelumbo lutea",1,-1.78233831630211,2.06866830962734,-4.73822773953331,1.42466747769166,0,0.47511690069529,NA,"1","0","0","1","1","0","0","1","1","0","1","0","0","0","0","1","1","0","0","1","0","1","0","0","0","1","1","1","0","0","1","0"
"215","Nelumbo nucifera",1,-1.78233831630211,1.78098623717556,-4.73822773953331,1.61703937033912,0,1.07669688772975,-0.973225498239899,"1","0","0","1","1","0","0","1","1","0","0","1","0","0","0","1","1","0","0","1","0","1","0","0","0","1","1","1","0","0","1","0"
"216","Nemesia strumosa",3,NA,-2.53650187636076,NA,-0.867867279448883,NA,-0.9111774604246,-9.43270129608671,"1","0","0","1","0","1","0","1","0","1","0","1","0",NA,NA,NA,"1","0","0","1","0","1","0",NA,NA,NA,NA,"1","0","0","1","0"
"217","Nepenthes macfarlanei",2,NA,-2.31335832504655,NA,-0.397863650203147,NA,-1.82746819229876,NA,"0","1","1","0","0","1","1","0","1","0","0","1","0","1","0","1","1","0","0","1","0","0","1","1","1","0","0","1","0","0",NA,NA
"218","Nicotiana tabacum",4,-1.37687320819395,-2.31335832504655,NA,-1.09101083076309,1.07870894414484,-0.38054920936243,-10.6648449773793,"1","0","0","1","0","1","0","1","1","1",NA,NA,NA,"0","0","1","0","1","0","0","1","1","0","1","0","0","0","1","0","1","1","0"
"219","Nolana humifusa",3,NA,-2.31335832504655,NA,0.988430710916743,1.07870894414484,-0.871956747271319,NA,"1","0","0","1","0","1","0","1","0","1","0","1","0","0","0","1","0","0","1","1","0","1","0","1","0","0","1","1","0","0","1","0"
"220","Nothapodytes nimmoniana",5,NA,-2.82418394881254,-4.04508055897337,-1.78415801132304,NA,-2.05061174361296,NA,"0","1","0","1","0","1","1","0","1","0","1","0","0","0","0","1","0","0","1","1","0","1","1","1","0","0","1",NA,NA,NA,"1","0"
"221","Nothofagus dombeyi",2,NA,-1.57142098031717,NA,NA,NA,NA,-5.52904654032908,"0","1","0","1","0","1","0","1","1","0","0","1","0","1","0","0","1","0","0","1","0","0","1","0","1","0","0",NA,NA,NA,NA,NA
"222","Nuphar advena",1,NA,1.27016061340956,NA,0.988430710916743,1.07870894414484,-0.441173831178865,NA,"1","0","0","1","1","0","0","1","1","0",NA,NA,NA,"0","0","1","1","0","0","1","0","1","0","0","0","0","1","1","0","0","1","0"
"223","Nymphaea odorata",1,NA,0.425328845517554,-0.0152745178888385,1.22810356418216,1.07870894414484,0.6982604520095,-6.23743533685765,"1","0","0","1","1","0","0","1","1","0",NA,NA,NA,"0","0","1","1","0","1","1","0","1","0","1","0","0","0","1","1","0","1","0"
"224","Nymphoides peltata",1,-2.40316483528243,-2.31335832504655,NA,-1.09101083076309,1.07870894414484,-0.574705223803388,-8.69873212100651,"1","0","0","1","1","0","0","1","1","0","1","1","0","0","0","1","1","0","0","1","0","1","0","1","0","0","1","1","0","0","1","0"
"225","Nyssa ogeche",2,NA,-1.90789321693838,NA,NA,NA,NA,-2.18321974996342,"0","1","0","1","0","1","1","0","1","0","0","1","0","0","0","1","0","0","1","1","0","0","1",NA,NA,NA,NA,"1","0","0","1","0"
"226","Ochroma pyramidale",5,0.9257118848001,-1.06059535655118,NA,-0.174720098888937,1.07870894414484,0.775221493145628,-5.95531477606701,"0","1","0","1","0","1","0","1","1","0","0","1","0","0","0","1","1","0","0","1","0","1","0","1","0","0","0","1","1","0","1","1"
"227","Octoknema borealis",2,NA,-2.31335832504655,-4.73822773953331,-0.685545722654928,NA,-0.951999454944855,-2.17039415865105,"0","1","0","1","0","1","1","0","1","0","0","1","0",NA,NA,NA,NA,NA,NA,NA,NA,"0","1",NA,NA,NA,NA,"1","0","0",NA,NA
"228","Octomeles sumatrana",2,NA,-2.05099406057905,NA,0.161752137732276,NA,-2.5206153728587,-9.90270492533245,"0","1","0","1","0","1","1","0","1","0","0","1","0",NA,NA,NA,"1","0","0","1","0","0","1",NA,NA,NA,NA,"1","0","0",NA,NA
"229","Olea europaea",2,0.232564704240155,-3.2296490569207,-4.04508055897337,-1.09101083076309,NA,-2.95139828895115,-2.48232564064294,"0","1","0","1","0","1","0","1","1","0","0","1","0","1","0","0","0","0","1","1","0","1","1","0","1","0","0","1","0","0","1","1"
"230","Oryza sativa",6,-2.47548549686205,-2.13103676825259,-4.73822773953331,-1.78415801132304,NA,-1.93282870795658,-4.75987246162481,"1","0","0","1","1","0","0","1","0","1","0","0","1","1","0","0","0","1","0","0","1","1","0","0","1","0","0","0","0","1","0","1"
"231","Ottelia acuminata",1,NA,-1.57142098031717,NA,-0.685545722654928,NA,NA,NA,"1","0","0","1","1","0","1","0","1","0","0","1","0","0","0","1","1","0","0","1","0","0","1",NA,NA,NA,NA,NA,NA,NA,"1","0"
"232","Oxalis corniculata",4,NA,-1.6202111444866,-2.792317590478,-0.174720098888937,1.07870894414484,-1.6451466355048,-9.61502285288067,"1","0","0","1","0","1","0","1","1","1","0","0","1","0","0","1","0","1","0","0","1","1","0","1","0","0","1","1","0","0","1","0"
"233","Paeonia californica",1,-3.07332249761768,0.531551058772862,-1.9050143954771,0.295283530356798,0,-0.441173831178865,-2.414971163896,"1","0","0","1","0","1","0","1","1","0","0","1","0","0","0","1",NA,NA,NA,NA,NA,"1","0","1","0","0","0","1","0","0","1","0"
"234","Panax quinquefolius",6,-3.52530762136073,-2.31335832504655,-4.33276263142515,-1.09101083076309,1.07870894414484,-3.03144099662469,-4.68234910025412,"1","0","0","1","0","1","0","1","1","0","1","0","0","0","0","1","0","0","1","1","0","1","1",NA,NA,NA,NA,"1","0","0","0","1"
"235","Pandanus tectorius",2,-0.866047584427954,-1.21474603637844,-4.73822773953331,0.67969522926713,NA,NA,NA,"0","1","0","1","0","1","1","0","1","0","0","1","0","1","0","1","1","0","1","1","0","0","1","0","1","0","0",NA,NA,NA,"1","1"
"236","Pennantia corymbosa",2,NA,-2.31335832504655,-5.14369284764148,-0.685545722654928,1.07870894414484,NA,-5.17531710662011,"0","1","0","1","0","1","1","0","1","0","0","1","0","0","0","1","0","0","1","1","0","0","1",NA,NA,NA,NA,"1","0","0","1","1"
"237","Peritoma arborea",5,NA,-2.13103676825259,-2.48693594092682,-1.78415801132304,NA,-1.40875785744057,NA,"0","1","0","1","0","1","0","1","1","1","0","1","0","0","0","1",NA,NA,NA,NA,NA,"1","0",NA,NA,NA,NA,"0","0","1","1","0"
"238","Perrottetia ovata",2,NA,-2.31335832504655,-3.35193337841342,-1.09101083076309,1.07870894414484,NA,NA,"0","1","0","1","0","1","1","0","1","0","0","1","0",NA,NA,NA,NA,NA,NA,NA,NA,"0","1",NA,NA,NA,NA,NA,NA,NA,NA,NA
"239","Petrosavia sakuraii",1,NA,-2.13103676825259,NA,-0.685545722654928,NA,-2.5206153728587,NA,"1","0","0","1","0","1","0","1","1","0","0","0","1","0","0","1",NA,NA,NA,NA,NA,"1","0","1","0","0","0","1","0","0","1","0"
"240","Petunia axillaris",4,-2.98631112062805,-2.53650187636076,NA,-1.09101083076309,NA,0.2202246510665,NA,"1","0","0","1","0","1","0","1","0","1","1","1","0","0","0","1","0","1","0","0","1","1","0",NA,NA,NA,NA,"1","0","0","1","0"
"241","Peumus boldus",2,-0.866047584427954,-0.272137996186907,-4.73822773953331,-0.174720098888937,0,NA,-1.09782966146443,"0","1","0","1","0","1","1","0","1","0","0","1","0","0","0","1","0","0","1","1","0","0","1",NA,NA,NA,NA,"1","0","0",NA,NA
"242","Phelline comosa",2,NA,-2.53650187636076,-4.73822773953331,-0.280080614546764,1.07870894414484,NA,NA,"0","1","0","1","0","1","1","0","1","0","0","1","0",NA,NA,NA,NA,NA,NA,NA,NA,"0","1",NA,NA,NA,NA,"1","0","0","1","0"
"243","Phoenix dactylifera",2,0.9257118848001,-2.13103676825259,NA,-0.685545722654928,NA,NA,-1.02443980423638,"0","1","0","1","0","1","1","0","1","0","0","1","0","1","0","1","0","0","1","1","0","0","1","0","1","0","0","1","0","0","1","1"
"244","Phormium tenax",1,NA,-2.13103676825259,NA,-0.685545722654928,NA,-0.505712352316436,-5.9734970951502,"1","0","0","1","0","1","0","1","1","0","0","1","0","0","0","1","1","0","0","1","0","1","0","1","0","0","0","0","0","1","1","0"
"245","Phragmites australis",6,-0.807778676303979,-3.00650550560649,-4.73822773953331,-0.685545722654928,NA,NA,-10.3081700334406,"1","0","0","1","1","0","0","1","1","0","0","1","0","1","0","0","1","0","0","1","0","1","1","0","1","0","0",NA,NA,NA,"0","1"
"246","Phryma leptostachya",4,-2.83216044080079,-2.53650187636076,-4.73822773953331,-1.09101083076309,1.07870894414484,NA,-6.22724849155065,"1","0","0","1","0","1","0","1","1","0",NA,NA,NA,"0","0","1",NA,NA,NA,NA,NA,"1","0",NA,NA,NA,NA,"0","0","1","1","0"
"247","Phyllanthus niruri",3,NA,-2.82418394881254,NA,NA,NA,-4.1300532852928,NA,"1","0","0","1","0","1","0","1","0","1","0","1","0",NA,NA,NA,"1","0","0","1","0","0","1",NA,NA,NA,NA,"1","0","0","1","0"
"248","Physena madagascariensis",2,NA,-1.6202111444866,-4.73822773953331,-1.09101083076309,1.07870894414484,NA,NA,"0","1","0","1","0","1","1","0","1","0","0","1","0","1","0","0",NA,NA,NA,NA,NA,"0","1","0","1","0","0","1","0","0","0","1"
"249","Picramnia polyantha",2,NA,-2.21804814524222,-4.04508055897337,-1.09101083076309,1.07870894414484,NA,NA,"0","1","0","1","0","1","1","0","1","0","0","1","0",NA,NA,NA,"0","0","1","1","0","0","1","1","0","0","0","1","0","0","1","0"
"250","Pinguicula alpina",4,NA,NA,NA,NA,NA,NA,-11.9176079458747,"1","0","0","1","0","1","0","1","1","0","0","1","0","0","0","1","0","1","0","0","1","1","0",NA,NA,NA,NA,NA,NA,NA,"1","0"
"251","Piper amalago",5,NA,-2.31335832504655,NA,NA,NA,NA,-7.69810024069861,"0","1","0","1","0","1","0","1","1","0","0","1","0","0","0","1","0","0","1","1","0","1","0",NA,NA,NA,NA,"1","0","0","1","0"
"252","Piper arboreum",2,NA,NA,NA,NA,NA,NA,-7.9956346095934,"0","1","0","1","0","1","0","1","1","0","0","1","0","1","0","1","0","0","1","1","0","0","1","0","1","0","0","1","0","0","1","0"
"253","Pitcairnia albiflos",1,NA,NA,NA,NA,NA,NA,NA,"1","0","0","1","0","1","0","1","1","0","0","1","1","0","0","1",NA,NA,NA,NA,NA,"1","0","1","0","0","0","1","0","0","1","0"
"254","Pittosporum dasycaulon",4,NA,-2.31335832504655,-3.03347964729489,NA,NA,-1.69643992989235,NA,"0","1","0","1","0","1","0","1","1","0","0","1","0","0","0","1","0","1","0","0","1","1","1","0","0","0","1","0","0","1","1","0"
"255","Plantago lanceolata",4,-4.51570632538861,-2.53650187636076,NA,-1.09101083076309,1.07870894414484,-2.74375892417291,-7.70548034799623,"1","0","0","1","0","1","1","0","1","0","0","1","0","1","0","1","0","1","0","0","1","1","1","0","1","0","1","1","0","0","1","1"
"256","Platea latifolia",2,NA,-2.31335832504655,-4.73822773953331,-1.09101083076309,1.07870894414484,NA,NA,"0","1","0","1","0","1","1","0","1","0","0","1","0",NA,NA,NA,"0","0","1","1","0","0","1",NA,NA,NA,NA,"1","0","0","0","1"
"257","Plocosperma buxifolium",2,NA,-2.31335832504655,-4.33276263142515,-1.09101083076309,1.07870894414484,-2.05061174361296,-4.97448552305528,"0","1","0","1","0","1","1","0","1","0","0","1","0",NA,NA,NA,"0","0","1","1","0","0","1",NA,NA,NA,NA,"0","0","1","1","0"
"258","Plumbago auriculata",5,-2.63800442635983,-2.31335832504655,-4.73822773953331,-1.78415801132304,NA,-0.633545723826321,-5.31434185766074,"0","1","0","1","0","1","0","1","1","0","0","1","0","0","0","1","0","0","1","1","0","1","0","1","0","0","0","1","0","0","1","0"
"259","Podophyllum peltatum",1,-3.27399319307983,-1.21474603637844,-0.970075104524869,-1.78415801132304,NA,-0.218030279864655,NA,"1","0","0","1","0","1","0","1","1","0","0","1","0","0","0","1","0","0","1","1","0","1","0",NA,NA,NA,NA,"1","0","0","1","0"
"260","Poeppigia procera",5,NA,-1.6202111444866,-2.65878619785348,-1.78415801132304,NA,NA,NA,"0","1","0","1","0","1","0","1","1","0","0","1","0","0","0","1",NA,NA,NA,NA,NA,"1","0","0","0","0","1","1","0","0",NA,NA
"261","Polycarpon tetraphyllum",3,-3.96714037363977,-2.91119532580217,NA,NA,NA,NA,-10.6648449773793,"1","0","0","1","0","1","0","1","0","1",NA,NA,NA,"0","0","1","0","0","1","1","0","1","0",NA,NA,NA,NA,"1","0","0","1","0"
"262","Polygala lewtonii",4,NA,-1.84335469580081,-4.73822773953331,-1.09101083076309,NA,NA,NA,"1","0","0","1","0","1","0","1","1","0","1","0","0","0","0","1","0","0","1","0","1","1","0","1","0","0","0","0","0","1","1","0"
"263","Populus alba",2,NA,-1.72557166014443,NA,NA,NA,NA,-9.14501922363493,"0","1","0","1","0","1","1","0","1","0","0","1","0","1","0","0","1","0","0","1","0","0","1","0","1","0","0","1","0","0","0","1"
"264","Portulaca oleracea",3,-3.67945830118799,-1.67150443887415,-0.643883177311213,-0.280080614546764,1.07870894414484,-2.11515026475054,-9.9716977968194,"1","0","0","1","0","1","0","1","0","1","0","0","1","0","0","1","0","0","1","1","0","1","0",NA,NA,NA,NA,"1","0","0","1","0"
"265","Posidonia australis",6,-3.67945830118799,-2.82418394881254,-4.73822773953331,-1.78415801132304,NA,NA,NA,"1","0","0","1","1","0","0","1","1","0","1","0","0","1","0","0","1","0","0","1","0","1","0","0","1","0","0",NA,NA,NA,"0","1"
"266","Posoqueria latifolia",5,0.163571832753204,-2.31335832504655,NA,-1.09101083076309,1.07870894414484,NA,-4.72354654062073,"0","1","0","1","0","1","0","1","1","0","0","1","0","0","0","1","0","0","1","1","0","1","0","1","0","0","0","0","0","1","1","0"
"267","Potamogeton berchtoldii",6,NA,-2.53650187636076,-4.73822773953331,-0.397863650203147,0,NA,-7.90122492512232,"1","0","0","1","1","0","0","1","1","1",NA,NA,NA,"1","0","0","1","0","0","1","0","0","1","0","1","0","0",NA,NA,NA,"0","1"
"268","Primula sieboldii",4,-4.16288495076587,-2.31335832504655,NA,-0.174720098888937,1.07870894414484,NA,-9.43270129608671,"1","0","0","1","0","1","0","1","1","0","0","1","0","0","0","1","0","1","0","0","1","1","0","1","0","0","0","1","0","0","1","0"
"269","Prionotes cerinthoides",5,NA,-2.31335832504655,NA,-0.174720098888937,1.07870894414484,-1.02771127668055,NA,"1","0","1","0","0","1","0","1","1","0",NA,NA,NA,"0","0","1",NA,NA,NA,NA,NA,"1","0","1","0","0","0","1","0","0","1","0"
"270","Prunus persica",5,-0.529575347806742,-0.0941548409915509,-4.04508055897337,-1.78415801132304,NA,NA,-0.0709604512092219,"0","1","0","1","0","1","0","1","1","0","1","1","0","0","0","1","0","0","1","1","0","1","0","1","0","0","0","1","0","0","1","0"
"271","Putranjiva roxburghii",2,NA,-2.77011672754226,-4.04508055897337,-0.685545722654928,1.07870894414484,-2.29747182154449,-1.66314667051961,"0","1","0","1","0","1","1","0","1","0","0","1","0","1","0","0",NA,NA,NA,NA,NA,"0","1","0","1","0","0","1","0","0","1","1"
"272","Qualea grandiflora",5,0.00942115292594548,-3.92279623748065,-0.712876048798164,-0.685545722654928,1.07870894414484,-1.13432101173881,NA,"0","1","0","1","0","1","0","1","1","0","0","1","0","0","0","1","1","0","0","1","0","1","0",NA,NA,NA,NA,"0","0","1","1","0"
"273","Quercus rubra",2,0.9257118848001,-2.13103676825259,-4.04508055897337,-0.685545722654928,NA,NA,0.0474308164421673,"0","1","0","1","0","1","0","1","1","0","0","1","0","1","0","0","0","0","1","1","0","0","1","0","1","0","0","1","0","0","0","1"
"274","Quinchamalium chilense",4,-4.02429878747972,-2.31335832504655,-4.73822773953331,-1.78415801132304,NA,-1.64306546930098,-7.03860109425689,"1","0","0","1","0","1","0","1","1","0",NA,NA,NA,"0","0","1",NA,NA,NA,NA,NA,"1","0","1","0","0","0","1","0","0","1","0"
"275","Quintinia hyehenensis",2,-0.642904033113745,-2.31335832504655,NA,-0.280080614546764,NA,-2.5206153728587,NA,"0","1","0","1","0","1","1","0","1","0","0","1","0",NA,NA,NA,NA,NA,NA,NA,NA,"0","1",NA,NA,NA,NA,NA,NA,NA,"1","0"
"276","Rafflesia keithii",2,NA,-0.23391678336671,NA,NA,NA,2.55455844237513,NA,NA,NA,NA,NA,NA,NA,"1","0","1","0","0","1","0","0","0","1","0","0","1","1","1","0","1",NA,NA,NA,NA,"1","0","0","1","1"
"277","Ranunculus acris",1,-3.02887073504684,0.171548324741455,-4.73822773953331,1.21157426223095,0,-1.06200035015918,-7.4632606496212,"1","0","0","1","0","1","0","1","1","0","0","1","0","0","0","1","0","0","1","1","0","1","0","1","0","0","1","1","0","0","1","0"
"278","Ravenala madagascariensis",5,0.127204188582329,-2.13103676825259,-2.21249909522506,-0.685545722654928,1.07870894414484,1.11697078686769,-2.51038586577325,"0","1","0","1","0","1","0","1","1","0","1","0","0","0","0","1","0","0","1","1","0","1","0","1","0","0","1","0","0","1","1","0"
"279","Reseda lutea",1,NA,NA,NA,NA,NA,NA,-8.28002178614833,"1","0","0","1","0","1","1","0","1","1","0","1","0","0","0","1","0","0","1","1","0","1","0",NA,NA,NA,NA,"0","0","1","1","1"
"280","Rhizophora stylosa",5,0.127204188582329,-1.84335469580081,-4.04508055897337,-1.09101083076309,1.07870894414484,NA,2.39366535817851,"0","1","0","1","0","1","0","1","1","0","1","0","0","1","0","0","1","0","0","1","0","1","0","0","1","0","0","1","0","0","1","1"
"281","Ribes aureum",5,-1.78233831630211,-2.31335832504655,NA,-1.09101083076309,NA,-1.35746456305302,-7.4927613140179,"0","1","0","1","0","1","0","1","1","0","0","1","0","0","0","1",NA,NA,NA,NA,NA,"1","0","1","0","0","0","1","0","0","1","0"
"282","Roridula dentata",4,-1.78233831630211,-2.31335832504655,-4.73822773953331,-0.685545722654928,1.07870894414484,-0.9111774604246,NA,"0","1","0","1","0","1","0","1","1","0","0","0","1","0","1","1","0","1","0","0","1","1","0","0","1","0","0","1","0","0","1","1"
"283","Roridula gorgonias",4,-2.47548549686205,-2.31335832504655,-3.6396154508652,-0.685545722654928,1.07870894414484,-0.9111774604246,-7.87455667804016,"1","1","0","1","0","1","0","1","1","0","0","0","1","0","1","1","0","1","0","0","1","1","0","0","1","0","0","1","0","0","1","1"
"284","Roupala montana",5,-0.683726027634,-2.53650187636076,-4.04508055897337,-1.78415801132304,NA,-2.08236044192755,-4.15543733873651,"0","1","0","1","0","1","0","1","1","0","0","1","0","0","0","1","1","0","0","1","0","1","0","1","0","0","0","1","0","0","1","0"
"285","Rourea induta",5,-1.08919113574216,-1.6202111444866,NA,NA,NA,-1.73215801249443,NA,"0","1","0","1","0","1","0","1","1","0","0","1","0","0","0","1",NA,NA,NA,NA,NA,"1","0",NA,NA,NA,NA,NA,NA,NA,NA,NA
"286","Ruellia ciliatiflora",5,NA,NA,NA,NA,NA,NA,-7.31745030171017,"1","1","0","1","0","1","0","1","1","0","1","0","0","0","0","1",NA,NA,NA,NA,NA,"1","0",NA,NA,NA,NA,"0","0","1","1","0"
"287","Ruta graveolens",5,-2.47548549686205,-1.72557166014443,-3.35193337841342,-0.397863650203147,1.07870894414484,NA,-7.29754914739287,"0","1","0","1","0","1","0","1","1","0",NA,NA,NA,"0","0","1","0","1","0","0","1","1","0","1","0","0","1","1","0","0","1","0"
"288","Sagina procumbens",4,-4.08492340929616,-2.53650187636076,NA,-0.397863650203147,NA,-3.43690610473286,-11.9176079458747,"1","0","0","1","0","1","0","1","1","0","0","0","1","0","1","1","0","1","0","0","1","1","0","1","0","0","0","1","0","0","0","1"
"289","Sagittaria latifolia",1,NA,-0.521598855818491,NA,0.00760145790501712,NA,-0.441173831178865,-8.58540343569951,"1","0","0","1","0","1","1","1","1","0","0","1","0","0","0","1","1","0","0","1","0","0","1",NA,NA,NA,NA,"1","0","0","1","0"
"290","Salpiglossis sinuata",4,-2.47548549686205,-2.53650187636076,NA,-1.09101083076309,1.07870894414484,-0.12272010006033,-10.3081700334406,"1","0","0","1","0","1","0","1","0","1","0","1","0","0","1","1","0","1","0","0","1","1","0",NA,NA,NA,NA,"0","0","1","1","0"
"291","Santalum spicatum",5,NA,-2.53650187636076,NA,NA,NA,NA,-0.655634117859266,"0","1","0","1","0","1","0","1","1","0","0","1","0","0","0","1","0","0","1","1","0","1","0","1","0","1","0","1","0","0","1","1"
"292","Sarracenia purpurea",4,-3.86177985798195,0.251591032414991,0.9036793314048,-0.174720098888937,1.07870894414484,-0.0357087230707004,-7.44027113139651,"1","0","0","1","0","1","0","1","1","0","0","1","0","0","0","1","0","1","0","0","1","1","0","1","0","0","0","1","0","0","1","1"
"293","Sauvagesia rhodoleuca",5,-2.3357235544869,-2.31335832504655,NA,-0.685545722654928,NA,-2.47182520868927,NA,"0","1","0","1","0","1","0","1","1","0",NA,NA,NA,NA,NA,NA,"1","0","0","1","0","1","0",NA,NA,NA,NA,NA,NA,NA,"1","0"
"294","Saxifraga cernua",1,-4.33981565892495,-1.6202111444866,0.708509632132997,-1.09101083076309,0.755096260901389,0.880582008803455,NA,"1","0","0","1","0","1","1","1","1","0","0","1","0","0","0","1","1","0","1","1","0","1","0","1","0","0","0","1","0","0","1","0"
"295","Scaevola montana",5,NA,NA,NA,NA,NA,NA,NA,"0","1","0","1","0","1","0","1",NA,NA,"0","1","0","0","0","1","0","0","1","1","0","1","0","1","0","0","0",NA,NA,NA,"1","0"
"296","Schinus molle",2,-0.335419333365784,-1.6202111444866,-4.73822773953331,-0.685545722654928,1.07870894414484,NA,-4.57969494619404,"0","1","0","1","0","1","1","0","1","0","0","1","0","0","0","1","1","0","1","1","0","0","1",NA,NA,NA,NA,"1","0","0","1","1"
"297","Schisandra chinensis",4,NA,-2.21804814524222,-3.82193700765916,1.51167885468129,0,NA,-6.07696628850131,"1","0","1","0","0","1","0","1","1","0","1","0","0","0","0","1",NA,NA,NA,NA,NA,"0","1",NA,NA,NA,NA,"1","0","0","1","0"
"298","Schizanthus grahamii",4,-3.168632677422,-3.2296490569207,NA,-1.09101083076309,1.07870894414484,-0.762757455306327,-7.79857077106224,"1","0","0","1","0","1","0","1","0","1","1","0","0","0","0","1",NA,NA,NA,NA,NA,"1","0",NA,NA,NA,NA,"0","0","1","1","0"
"299","Scleranthus annuus",4,-4.47796599740576,-2.67003326898528,-4.73822773953331,-1.09101083076309,1.07870894414484,-3.72458817718464,-7.81496458083792,"1","0","0","1","0","1","1","1","0","1","0","1","1","0","1","1","0","1","0","0","1","1","0","1","1","0","0","1","0","0","1","1"
"300","Senecio vulgaris",3,NA,NA,NA,NA,NA,NA,-9.56623268871123,"1","0","0","1","0","1","0","1","0","1",NA,NA,NA,"0","0","1","1","0","0","1","0","1","0",NA,NA,NA,NA,"1","0","0","1","0"
"301","Sesamum indicum",4,-2.2931639400681,-2.53650187636076,NA,-1.09101083076309,1.07870894414484,-0.951999454944855,-7.21259242491691,"1","0","0","1","0","1","0","1","0","1","1","0","0","0","0","1","0","1","0","0","1","1","0","1","0","0","0","0","0","1","1","0"
"302","Sextonia rubra",5,1.21339395725188,-1.72557166014443,-4.73822773953331,-1.78415801132304,NA,NA,NA,"0","1","0","1","0","1","0","1","1","0","0","1","0","0","0","1","0","1","1","1","1","1","0","0","0","1","0","1","0","0","1","0"
"303","Silene vulgaris",1,-2.98631112062805,-1.6202111444866,NA,NA,1.07870894414484,NA,-7.8067340817014,"1","0","0","1","0","1","1","0","1","0","1","0","0","0","0","1","1","0","0","1","0","1","1","1","0","1","0","1","0","1","1","0"
"304","Simmondsia chinensis",2,NA,-1.6202111444866,NA,-0.685545722654928,1.07870894414484,-2.74375892417291,-1.70131897009384,"0","1","0","1","0","1","1","0","1","0","0","1","0","1","0","0","0","0","1","1","0","0","1","0","1","0","0","1","0","0","1","1"
"305","Sinojackia xylocarpa",5,NA,-1.35784688001911,-2.792317590478,-0.685545722654928,1.07870894414484,-1.26785240436333,NA,"0","1","0","1","0","1","0","1","1","0","0","1","0","0","0","1",NA,NA,NA,NA,NA,"1","0",NA,NA,NA,NA,"1","0","0","1","0"
"306","Solanum dulcamara",1,-2.3357235544869,-2.31335832504655,NA,-1.09101083076309,1.07870894414484,NA,-4.73070692546308,"1","0","1","1","0","1","0","1","1","0","1","0","0","0","0","1","0","0","1","1","0","1","0","0","0","0","1","1","0","0","1","0"
"307","Souroubea guianensis",5,NA,NA,NA,NA,NA,NA,NA,"0","1","1","0","0","1","0","1",NA,NA,"0","1","0","0","0","1","0","0","1","1","0","1","0","1","0","1","0",NA,NA,NA,"1","0"
"308","Spergularia marina",3,-4.08492340929616,-2.45645916868722,-0.00202929113881788,NA,NA,NA,-11.0013172140006,"1","0","0","1","0","1","0","1","0","1","0","0","1","0","1","0","1","0","0","1","0","1","0","1","0","0","0","1","0","0","1","1"
"309","Spigelia marilandica",4,-3.27399319307983,-2.31335832504655,NA,-1.09101083076309,1.07870894414484,-0.505712352316436,NA,"1","0","0","1","0","1","0","1","1","0",NA,NA,NA,"0","0","1","0","1","0","0","1","1","0",NA,NA,NA,NA,"1","0","0","1","1"
"310","Spiranthes cernua",1,-3.67945830118799,-3.92279623748065,NA,-0.685545722654928,1.07870894414484,NA,-13.5270458583088,"1","0","0","1","0","1","0","1","1","0","0","1","1","0","1","1","1","0","0","1","0","1","0",NA,NA,NA,NA,"0","0","1","1","1"
"311","Spondias tuberosa",5,-0.683726027634,-1.6202111444866,-4.73822773953331,-0.280080614546764,NA,NA,-0.761357424843217,"0","1","0","1","0","1","0","1","1","0","0","1","0","0","0","1","0","0","1","1","0","1","0",NA,NA,NA,NA,"1","0","0","1","0"
"312","Staphylea trifolia",5,-1.33685153384446,-2.31335832504655,-2.54100316219709,-0.867867279448883,1.07870894414484,-2.01379777049025,-4.08084316261065,"0","1","0","1","0","1","0","1","1","0","0","1","0","0","0","1","1","0","0","1","0","1","0","1","0","0","1","1","0","0","1","1"
"313","Stellaria media",4,-4.08492340929616,-2.21804814524222,NA,NA,NA,-2.47182520868927,-8.97316896670827,"1","0","0","1","0","1","0","1","1","1","0","0","1","0","1","1","0","1","0","0","1","1","0","1","0","0","0","1","0","0","1","1"
"314","Sterculia apetala",5,1.07986256462736,-1.21474603637844,-2.34033246673494,-0.174720098888937,0.215741788828968,-1.13432101173881,-0.45676556077471,"0","1","0","1","0","1","0","1","1","0","0","1","0","0","0","1","0","0","1","1","0","1","1",NA,NA,NA,NA,"1","0","0","1","1"
"315","Stylidium graminifolium",4,NA,-3.2296490569207,-0.238418069203048,-1.09101083076309,1.07870894414484,-1.82746819229876,-9.72038336853849,"1","0","0","1","0","1","0","1","1","0","0","1","0","0","0","1","0","1","0","0","1","1","0",NA,NA,NA,NA,"0","0","1","1","0"
"316","Swietenia macrophylla",5,0.9257118848001,-1.6202111444866,-2.09917040991805,-0.174720098888937,1.07870894414484,-1.82746819229876,-1.68638261989445,"0","1","0","1","0","1","0","1","1","0","0","1","0","0","0","1","1","0","0","1","0","0","1",NA,NA,NA,NA,"1","0","0","1","1"
"317","Syringa vulgaris",5,-0.683726027634,-3.2296490569207,-4.04508055897337,-1.09101083076309,1.07870894414484,NA,-6.28818988650737,"0","1","0","1","0","1","0","1","1","0",NA,NA,NA,"0","0","1","0","0","1","1","0","1","0","1","0","0","1","1","0","0","1","0"
"318","Tacca chantrieri",1,-2.76316756931384,-2.13103676825259,0.914261440735337,NA,NA,NA,-6.26687469230833,"1","0","0","1","0","1","0","1","1","0","0","0","1","0","1","1","0","0","1","1","0","1","0",NA,NA,NA,NA,"1","0","0","1","1"
"319","Tacca leontopetaloides",4,-2.47548549686205,-2.13103676825259,-1.60273352360416,-0.685545722654928,NA,NA,-4.87313884357675,"1","0","0","1","0","1","0","1","1","0",NA,NA,NA,"0","0","1",NA,NA,NA,NA,NA,"1","0",NA,NA,NA,NA,"1","0","0","1","1"
"320","Talinum paniculatum",4,-2.90626841295451,-1.165955872209,-1.79378876036687,-0.685545722654928,NA,-2.00182157944353,-8.55031211588824,"1","0","0","1","0","1","0","1","1","0",NA,NA,NA,"0","0","1","0","1","0","0","1","1","0",NA,NA,NA,NA,"1","0","0","1","0"
"321","Tectona grandis",5,1.21339395725188,-2.13103676825259,NA,NA,NA,-2.42530519305438,-1.45970381217085,"0","1","0","1","0","1","0","1","1","0","0","1","0","0","0","1","1","0","0","1","0","1","0","1","0","0","0","1","0","0","1","0"
"322","Tetracentron sinense",5,1.21339395725188,-2.53650187636076,-2.94646827030526,-0.397863650203147,0.862967155315873,-3.72458817718464,-9.90270492533245,"0","1","0","1","0","1","0","1","1","0","1","0","0","1","0","1","1","0","0","1","0","1","0","1","1","0","1","1","0","0","1","1"
"323","Tetratheca aphylla",5,-1.83363161068966,-1.6202111444866,-4.73822773953331,-0.685545722654928,NA,NA,NA,"0","1","0","1","0","1","0","1","1","0","0","1","0","0","0","1","0","1","1","0","1","1","0","0","0","0","1",NA,NA,NA,"1","0"
"324","Tetroncium magellanicum",6,NA,-2.53650187636076,-4.73822773953331,-0.397863650203147,0.323612683243452,NA,NA,"1","0","0","1","1","0","1","0","1","0","0","1","0","1","0","0","0","0","1","1","0","0","1","0","1","0","0","0","1","0","1","0"
"325","Thalictrum minus",4,-2.66785738950951,-1.39706759317239,-4.73822773953331,0.263534832042218,0,-2.18414313623749,-7.27321704673334,"1","0","0","1","0","1","0","1","1","0",NA,NA,NA,"1","0","1","0","1","0","0","1","1","0","0","1","0","1","1","0","0","1","1"
"326","Theobroma cacao",5,0.41488626103411,-2.31335832504655,NA,-0.174720098888937,1.07870894414484,-1.82746819229876,-0.459772447222444,"0","1","0","1","0","1","0","1","1","0","1","1","0","0","0","1","0","0","1","1","0","1","0","1","0","0","0","1","0","0","1","0"
"327","Thymelaea hirsuta",2,-2.00548186761632,-1.84335469580081,-4.73822773953331,-1.78415801132304,NA,-0.76736575839252,-6.88390737884746,"0","1","0","1","0","1","1","1","1","0","0","1","0","1","0","1","0","0","1","1","0","0","1","0","1","0","0","1","0","0","0","1"
"328","Titanotrichum oldhamii",4,NA,-2.53650187636076,NA,NA,NA,-0.574705223803388,NA,"1","0","0","1","0","1","0","1","1","0","1","1","0","0","0","1",NA,NA,NA,NA,NA,"1","0",NA,NA,NA,NA,"0","0","1","1","0"
"329","Trachelium caeruleum",4,-2.47548549686205,-2.31335832504655,NA,NA,NA,-2.5206153728587,-12.6107551264347,"1","0","0","1","0","1","0","1","1","0",NA,NA,NA,"0","0","1","0","1","0","0","1","1","0","1","0","0","1","1","0","0","1","0"
"330","Tragopogon dubius",3,-2.83216044080079,-2.31335832504655,-4.73822773953331,-1.09101083076309,1.07870894414484,NA,-5.78964765417819,"1","0","0","1","0","1","0","1","0","1","0","0","1","0","0","1","1","0","1","1","0","1","0",NA,NA,NA,NA,"0","0","1","1","0"
"331","Tribulus terrestris",3,-3.52530762136073,-1.6202111444866,-1.74249546597932,-0.174720098888937,1.07870894414484,-1.93282870795658,-5.20040802861363,"1","0","0","1","0","1","0","1","0","1",NA,NA,NA,"0","0","1","0","0","1","1","0","1","0","1","0","0","1","1","0","0","1","0"
"332","Trichilia emetica",2,0.9257118848001,-1.6202111444866,-4.04508055897337,-0.685545722654928,1.07870894414484,-1.35746456305302,-1.45170851810116,"0","1","0","1","0","1","1","0","1","0","0","1","0","0","0","1","0","0","1","1","0","0","1",NA,NA,NA,NA,"1","0","0",NA,NA
"333","Trillium erectum",4,-3.67945830118799,-2.13103676825259,NA,-0.685545722654928,NA,NA,NA,"1","0","0","1","0","1","0","1","1","0","1","1","0","0","0","1","0","0","1","0","1","1","0",NA,NA,NA,NA,"1","0","0","1","1"
"334","Trithuria submersa",6,-5.06575266230788,-3.92279623748065,-4.73822773953331,-1.78415801132304,NA,-1.82746819229876,NA,"1","0","0","1","1","0","0","1","0","1","0","0","1","1","0","0","0","1","0","0","1","0","1","0","1","0","0","1","0","0","1","0"
"335","Trochocarpa laurina",5,NA,-1.6202111444866,-4.73822773953331,0.518427081671008,1.07870894414484,-3.21376255341865,-4.80161972831412,"0","1","0","1","0","1","0","1","1","0","0","1","0","0","0","1","1","0","1","1","0","1","0",NA,NA,NA,NA,"1","0","0","1","0"
"336","Tropaeolum majus",3,NA,-1.84335469580081,NA,NA,NA,-0.334564096120607,-3.01719525529763,"1","0","1","1","0","1","0","1","1","1",NA,NA,NA,"0","0","1","1","0","0","1","0","1","0","1","0","0","1","0","0","1","1","0"
"337","Tropaeolum tricolor",4,-1.78233831630211,-1.84335469580081,-4.73822773953331,-0.685545722654928,1.07870894414484,-0.728855903630646,-4.84858451929645,"1","0","0","1","0","1","0","1","1","0",NA,NA,NA,"0","0","1",NA,NA,NA,NA,NA,"1","0",NA,NA,NA,NA,"0","0","1","1","0"
"338","Turnera ulmifolia",5,-2.60901688948658,-2.31335832504655,1.48534010026035,-0.685545722654928,1.07870894414484,-0.218030279864655,-7.89225625513956,"0","1","0","1","0","1","0","1","1","0","0","1","1","0","0","1","0","0","1","0","1","1","0",NA,NA,NA,NA,"1","0","0","1","0"
"339","Typha latifolia",6,-1.66455528064573,-3.2296490569207,-4.73822773953331,-1.78415801132304,NA,NA,-10.0458057689731,"1","0","0","1","0","1","0","1","1","0",NA,NA,NA,"1","0","0","1","0","0","1","0","0","1","0","1","0","0",NA,NA,NA,"0","1"
"340","Urtica dioica",6,-1.91586970892663,-2.53650187636076,-4.73822773953331,-1.78415801132304,NA,NA,-9.83816640419488,"1","0","0","1","0","1","1","0","1","0","0","1","0","1","0","0","0","0","1","1","0","0","1","0","1","0","0","1","1","0","0","1"
"341","Vaccinium uliginosum",5,-2.98631112062805,-1.72557166014443,NA,-0.53139504282767,1.07870894414484,-2.33829381606475,-9.27855061625945,"0","1","0","1","0","1","0","1","1","0","0","1","1","0","0","1","0","0","1","1","0","1","0","1","0","0","0","1","0","0","1","1"
"342","Valeriana officinalis",1,-2.76316756931384,-2.82418394881254,-4.73822773953331,-0.685545722654928,NA,-2.5206153728587,-7.79047356082962,"1","0","0","1","0","1","0","1","1","0","0","1","0","0","0","1","1","0","0","1","0","1","0","1","0","0","1","0","1","0","1","0"
"343","Verbascum thapsus",3,-1.78233831630211,-2.31335832504655,NA,-1.09101083076309,1.07870894414484,-1.42200308419059,-10.3081700334406,"1","0","0","1","0","1","0","1","0","1","1","0","0","0","0","1","0","0","1","1","0","1","0","1","0","0","1","0","0","1","1","0"
"344","Veronica anagallis-aquatica",1,-3.07332249761768,-3.2296490569207,NA,-1.09101083076309,NA,-2.29747182154449,-10.8189956572066,"1","0","0","1","0","1","0","1","1","0","0","0","1","1","0","1","1","0","0","1","0","1","0","0","1","0","0","0","0","1","1","0"
"345","Viburnum rufidulum",5,-0.683726027634,-2.31335832504655,NA,NA,NA,-2.28950365189531,-3.60977868236431,"0","1","0","1","0","1","0","1","1","0","0","1","0","0","0","1","0","0","1","1","0","1","0","0","0","0","1","1","0","0","1","0"
"346","Viola pubescens",4,-3.76646967817762,-2.31335832504655,-2.54100316219709,-0.685545722654928,1.07870894414484,NA,-7.32248809574012,"1","0","0","1","0","1","0","1","1","0","1","0","0","0","1","1","0","1","1","0","1","1","0",NA,NA,NA,NA,"0","0","1","1","0"
"347","Vitex negundo",5,NA,NA,NA,NA,NA,NA,-4.90549265156833,"0","1","0","1","0","1","0","1","1","0",NA,NA,NA,"0","0","1",NA,NA,NA,NA,NA,"1","0","1","0","0","0","0","0","1","1","0"
"348","Vitis labrusca",5,NA,-2.31335832504655,NA,NA,NA,-3.43690610473286,-4.00463572582402,"0","1","1","0","0","1","0","1","1","0",NA,NA,NA,"0","0","1","0","0","1","1","0","1","0",NA,NA,NA,NA,"1","0","0","0","1"
"349","Viviania marifolia",1,-1.08919113574216,-1.6202111444866,-4.04508055897337,-0.685545722654928,1.07870894414484,NA,-7.56089911918512,"1","0","0","1","0","1","0","1","1","0","0","1","0","0","0","1","1","0","1","1","0","1","0","1","0","0","0","1","0","0","1","0"
"350","Vriesea carinata",1,NA,-2.13103676825259,NA,-0.685545722654928,NA,NA,-9.43270129608671,"1","0","0","1","0","1","0","1","1","0","1","0","0","0","0","1","1","0","0","1","0","1","0",NA,NA,NA,NA,"1","0","1","1","0"
"351","Warburgia ugandensis",5,NA,-1.6202111444866,NA,-0.174720098888937,1.07870894414484,NA,0.656574021219856,"0","1","0","1","0","1","0","1","1","0","0","1","0","0","0","1","0","0","1","1","0","1","0",NA,NA,NA,NA,"1","0","0","1","1"
"352","Wurmbea biglandulosa",4,NA,-2.13103676825259,-1.6701748043997,-0.685545722654928,NA,-1.43881020250697,-8.14484700778007,"1","0","0","1","0","1","1","1","1","0","0","1","0","0","0","1","0","1","0","0","1","1","1","1","0","0","0","1","0","0","1","0"
"353","Xanthosoma sagittifolium",4,-1.78233831630211,-2.31335832504655,-1.1828796780439,-0.337239028386712,1.07870894414484,NA,NA,"1","0","0","1","0","1","0","1","1","0",NA,NA,NA,"0","0","1","0","1","1","1","1","0","1","0","0","1","0",NA,NA,NA,"1","0"
"354","Ximenia americana",5,-0.866047584427954,-1.93036607279044,-4.73822773953331,-0.397863650203147,NA,-1.6451466355048,-1.24070745305998,"0","1","0","1","0","1","0","1","1","0","0","1","0","0","0","1","1","0","1","1","0","1","0",NA,NA,NA,NA,"1","0","0","1","1"
"355","Zea mays",6,-1.29683050052041,-2.82418394881254,-4.73822773953331,-1.78415801132304,NA,-2.12183925290133,-2.28298071154978,"1","0","0","1","0","1","0","1","0","1","0","1","0","1","0","0","0","0","1","1","0","0","1","0","1","0","0",NA,NA,NA,"0","1"
"356","Zelkova serrata",2,0.9257118848001,-1.97688608842533,-4.73822773953331,-1.09101083076309,NA,-1.93282870795658,-5.05589660539398,"0","1","0","1","0","1","0","1","1","0","0","1","0","1","0","0","1","0","0","1","0","1","1","0","1","0","0",NA,NA,NA,"0","1"
"357","Zostera marina",6,-2.83216044080079,-3.92279623748065,-4.73822773953331,-1.09101083076309,NA,NA,-6.73863733695924,"1","0","0","1","1","0","0","1","1","0","1","0","0","1","0","0","1","0","0","1","0","0","1","0","1","0","0",NA,NA,NA,"0","1"
